Priority,URL,Type,Locale
1,https://rateships.com/en/shipping/brazil-to-canada,corridor,en
1,https://rateships.com/en/shipping/brazil-to-china,corridor,en
1,https://rateships.com/en/shipping/brazil-to-france,corridor,en
1,https://rateships.com/en/shipping/brazil-to-germany,corridor,en
1,https://rateships.com/en/shipping/brazil-to-india,corridor,en
1,https://rateships.com/en/shipping/brazil-to-italy,corridor,en
1,https://rateships.com/en/shipping/brazil-to-japan,corridor,en
1,https://rateships.com/en/shipping/brazil-to-united-kingdom,corridor,en
1,https://rateships.com/en/shipping/brazil-to-united-states,corridor,en
1,https://rateships.com/en/shipping/canada-to-brazil,corridor,en
1,https://rateships.com/en/shipping/canada-to-china,corridor,en
1,https://rateships.com/en/shipping/canada-to-france,corridor,en
1,https://rateships.com/en/shipping/canada-to-germany,corridor,en
1,https://rateships.com/en/shipping/canada-to-india,corridor,en
1,https://rateships.com/en/shipping/canada-to-italy,corridor,en
1,https://rateships.com/en/shipping/canada-to-japan,corridor,en
1,https://rateships.com/en/shipping/canada-to-united-kingdom,corridor,en
1,https://rateships.com/en/shipping/canada-to-united-states,corridor,en
1,https://rateships.com/en/shipping/china-to-brazil,corridor,en
1,https://rateships.com/en/shipping/china-to-canada,corridor,en
1,https://rateships.com/en/shipping/china-to-france,corridor,en
1,https://rateships.com/en/shipping/china-to-germany,corridor,en
1,https://rateships.com/en/shipping/china-to-india,corridor,en
1,https://rateships.com/en/shipping/china-to-italy,corridor,en
1,https://rateships.com/en/shipping/china-to-japan,corridor,en
1,https://rateships.com/en/shipping/china-to-united-kingdom,corridor,en
1,https://rateships.com/en/shipping/china-to-united-states,corridor,en
1,https://rateships.com/en/shipping/france-to-brazil,corridor,en
1,https://rateships.com/en/shipping/france-to-canada,corridor,en
1,https://rateships.com/en/shipping/france-to-china,corridor,en
1,https://rateships.com/en/shipping/france-to-germany,corridor,en
1,https://rateships.com/en/shipping/france-to-india,corridor,en
1,https://rateships.com/en/shipping/france-to-italy,corridor,en
1,https://rateships.com/en/shipping/france-to-japan,corridor,en
1,https://rateships.com/en/shipping/france-to-united-kingdom,corridor,en
1,https://rateships.com/en/shipping/france-to-united-states,corridor,en
1,https://rateships.com/en/shipping/germany-to-brazil,corridor,en
1,https://rateships.com/en/shipping/germany-to-canada,corridor,en
1,https://rateships.com/en/shipping/germany-to-china,corridor,en
1,https://rateships.com/en/shipping/germany-to-france,corridor,en
1,https://rateships.com/en/shipping/germany-to-india,corridor,en
1,https://rateships.com/en/shipping/germany-to-italy,corridor,en
1,https://rateships.com/en/shipping/germany-to-japan,corridor,en
1,https://rateships.com/en/shipping/germany-to-united-kingdom,corridor,en
1,https://rateships.com/en/shipping/germany-to-united-states,corridor,en
1,https://rateships.com/en/shipping/india-to-brazil,corridor,en
1,https://rateships.com/en/shipping/india-to-canada,corridor,en
1,https://rateships.com/en/shipping/india-to-china,corridor,en
1,https://rateships.com/en/shipping/india-to-france,corridor,en
1,https://rateships.com/en/shipping/india-to-germany,corridor,en
1,https://rateships.com/en/shipping/india-to-italy,corridor,en
1,https://rateships.com/en/shipping/india-to-japan,corridor,en
1,https://rateships.com/en/shipping/india-to-united-kingdom,corridor,en
1,https://rateships.com/en/shipping/india-to-united-states,corridor,en
1,https://rateships.com/en/shipping/italy-to-brazil,corridor,en
1,https://rateships.com/en/shipping/italy-to-canada,corridor,en
1,https://rateships.com/en/shipping/italy-to-china,corridor,en
1,https://rateships.com/en/shipping/italy-to-france,corridor,en
1,https://rateships.com/en/shipping/italy-to-germany,corridor,en
1,https://rateships.com/en/shipping/italy-to-india,corridor,en
1,https://rateships.com/en/shipping/italy-to-japan,corridor,en
1,https://rateships.com/en/shipping/italy-to-united-kingdom,corridor,en
1,https://rateships.com/en/shipping/italy-to-united-states,corridor,en
1,https://rateships.com/en/shipping/japan-to-brazil,corridor,en
1,https://rateships.com/en/shipping/japan-to-canada,corridor,en
1,https://rateships.com/en/shipping/japan-to-china,corridor,en
1,https://rateships.com/en/shipping/japan-to-france,corridor,en
1,https://rateships.com/en/shipping/japan-to-germany,corridor,en
1,https://rateships.com/en/shipping/japan-to-india,corridor,en
1,https://rateships.com/en/shipping/japan-to-italy,corridor,en
1,https://rateships.com/en/shipping/japan-to-united-kingdom,corridor,en
1,https://rateships.com/en/shipping/japan-to-united-states,corridor,en
1,https://rateships.com/en/shipping/united-kingdom-to-brazil,corridor,en
1,https://rateships.com/en/shipping/united-kingdom-to-canada,corridor,en
1,https://rateships.com/en/shipping/united-kingdom-to-china,corridor,en
1,https://rateships.com/en/shipping/united-kingdom-to-france,corridor,en
1,https://rateships.com/en/shipping/united-kingdom-to-germany,corridor,en
1,https://rateships.com/en/shipping/united-kingdom-to-india,corridor,en
1,https://rateships.com/en/shipping/united-kingdom-to-italy,corridor,en
1,https://rateships.com/en/shipping/united-kingdom-to-japan,corridor,en
1,https://rateships.com/en/shipping/united-kingdom-to-united-states,corridor,en
1,https://rateships.com/en/shipping/united-states-to-brazil,corridor,en
1,https://rateships.com/en/shipping/united-states-to-canada,corridor,en
1,https://rateships.com/en/shipping/united-states-to-china,corridor,en
1,https://rateships.com/en/shipping/united-states-to-france,corridor,en
1,https://rateships.com/en/shipping/united-states-to-germany,corridor,en
1,https://rateships.com/en/shipping/united-states-to-india,corridor,en
1,https://rateships.com/en/shipping/united-states-to-italy,corridor,en
1,https://rateships.com/en/shipping/united-states-to-japan,corridor,en
1,https://rateships.com/en/shipping/united-states-to-united-kingdom,corridor,en
0.8,https://rateships.com/en/shipping/australia-to-brazil,corridor,en
0.8,https://rateships.com/en/shipping/australia-to-canada,corridor,en
0.8,https://rateships.com/en/shipping/australia-to-china,corridor,en
0.8,https://rateships.com/en/shipping/australia-to-france,corridor,en
0.8,https://rateships.com/en/shipping/australia-to-germany,corridor,en
0.8,https://rateships.com/en/shipping/australia-to-india,corridor,en
0.8,https://rateships.com/en/shipping/australia-to-indonesia,corridor,en
0.8,https://rateships.com/en/shipping/australia-to-italy,corridor,en
0.8,https://rateships.com/en/shipping/australia-to-japan,corridor,en
0.8,https://rateships.com/en/shipping/australia-to-mexico,corridor,en
0.8,https://rateships.com/en/shipping/australia-to-netherlands,corridor,en
0.8,https://rateships.com/en/shipping/australia-to-russia,corridor,en
0.8,https://rateships.com/en/shipping/australia-to-saudi-arabia,corridor,en
0.8,https://rateships.com/en/shipping/australia-to-south-korea,corridor,en
0.8,https://rateships.com/en/shipping/australia-to-spain,corridor,en
0.8,https://rateships.com/en/shipping/australia-to-switzerland,corridor,en
0.8,https://rateships.com/en/shipping/australia-to-turkey,corridor,en
0.8,https://rateships.com/en/shipping/australia-to-united-kingdom,corridor,en
0.8,https://rateships.com/en/shipping/australia-to-united-states,corridor,en
0.8,https://rateships.com/en/shipping/brazil-to-australia,corridor,en
0.8,https://rateships.com/en/shipping/brazil-to-indonesia,corridor,en
0.8,https://rateships.com/en/shipping/brazil-to-mexico,corridor,en
0.8,https://rateships.com/en/shipping/brazil-to-netherlands,corridor,en
0.8,https://rateships.com/en/shipping/brazil-to-russia,corridor,en
0.8,https://rateships.com/en/shipping/brazil-to-saudi-arabia,corridor,en
0.8,https://rateships.com/en/shipping/brazil-to-south-korea,corridor,en
0.8,https://rateships.com/en/shipping/brazil-to-spain,corridor,en
0.8,https://rateships.com/en/shipping/brazil-to-switzerland,corridor,en
0.8,https://rateships.com/en/shipping/brazil-to-turkey,corridor,en
0.8,https://rateships.com/en/shipping/canada-to-australia,corridor,en
0.8,https://rateships.com/en/shipping/canada-to-indonesia,corridor,en
0.8,https://rateships.com/en/shipping/canada-to-mexico,corridor,en
0.8,https://rateships.com/en/shipping/canada-to-netherlands,corridor,en
0.8,https://rateships.com/en/shipping/canada-to-russia,corridor,en
0.8,https://rateships.com/en/shipping/canada-to-saudi-arabia,corridor,en
0.8,https://rateships.com/en/shipping/canada-to-south-korea,corridor,en
0.8,https://rateships.com/en/shipping/canada-to-spain,corridor,en
0.8,https://rateships.com/en/shipping/canada-to-switzerland,corridor,en
0.8,https://rateships.com/en/shipping/canada-to-turkey,corridor,en
0.8,https://rateships.com/en/shipping/china-to-australia,corridor,en
0.8,https://rateships.com/en/shipping/china-to-indonesia,corridor,en
0.8,https://rateships.com/en/shipping/china-to-mexico,corridor,en
0.8,https://rateships.com/en/shipping/china-to-netherlands,corridor,en
0.8,https://rateships.com/en/shipping/china-to-russia,corridor,en
0.8,https://rateships.com/en/shipping/china-to-saudi-arabia,corridor,en
0.8,https://rateships.com/en/shipping/china-to-south-korea,corridor,en
0.8,https://rateships.com/en/shipping/china-to-spain,corridor,en
0.8,https://rateships.com/en/shipping/china-to-switzerland,corridor,en
0.8,https://rateships.com/en/shipping/china-to-turkey,corridor,en
0.8,https://rateships.com/en/shipping/france-to-australia,corridor,en
0.8,https://rateships.com/en/shipping/france-to-indonesia,corridor,en
0.8,https://rateships.com/en/shipping/france-to-mexico,corridor,en
0.8,https://rateships.com/en/shipping/france-to-netherlands,corridor,en
0.8,https://rateships.com/en/shipping/france-to-russia,corridor,en
0.8,https://rateships.com/en/shipping/france-to-saudi-arabia,corridor,en
0.8,https://rateships.com/en/shipping/france-to-south-korea,corridor,en
0.8,https://rateships.com/en/shipping/france-to-spain,corridor,en
0.8,https://rateships.com/en/shipping/france-to-switzerland,corridor,en
0.8,https://rateships.com/en/shipping/france-to-turkey,corridor,en
0.8,https://rateships.com/en/shipping/germany-to-australia,corridor,en
0.8,https://rateships.com/en/shipping/germany-to-indonesia,corridor,en
0.8,https://rateships.com/en/shipping/germany-to-mexico,corridor,en
0.8,https://rateships.com/en/shipping/germany-to-netherlands,corridor,en
0.8,https://rateships.com/en/shipping/germany-to-russia,corridor,en
0.8,https://rateships.com/en/shipping/germany-to-saudi-arabia,corridor,en
0.8,https://rateships.com/en/shipping/germany-to-south-korea,corridor,en
0.8,https://rateships.com/en/shipping/germany-to-spain,corridor,en
0.8,https://rateships.com/en/shipping/germany-to-switzerland,corridor,en
0.8,https://rateships.com/en/shipping/germany-to-turkey,corridor,en
0.8,https://rateships.com/en/shipping/india-to-australia,corridor,en
0.8,https://rateships.com/en/shipping/india-to-indonesia,corridor,en
0.8,https://rateships.com/en/shipping/india-to-mexico,corridor,en
0.8,https://rateships.com/en/shipping/india-to-netherlands,corridor,en
0.8,https://rateships.com/en/shipping/india-to-russia,corridor,en
0.8,https://rateships.com/en/shipping/india-to-saudi-arabia,corridor,en
0.8,https://rateships.com/en/shipping/india-to-south-korea,corridor,en
0.8,https://rateships.com/en/shipping/india-to-spain,corridor,en
0.8,https://rateships.com/en/shipping/india-to-switzerland,corridor,en
0.8,https://rateships.com/en/shipping/india-to-turkey,corridor,en
0.8,https://rateships.com/en/shipping/indonesia-to-australia,corridor,en
0.8,https://rateships.com/en/shipping/indonesia-to-brazil,corridor,en
0.8,https://rateships.com/en/shipping/indonesia-to-canada,corridor,en
0.8,https://rateships.com/en/shipping/indonesia-to-china,corridor,en
0.8,https://rateships.com/en/shipping/indonesia-to-france,corridor,en
0.8,https://rateships.com/en/shipping/indonesia-to-germany,corridor,en
0.8,https://rateships.com/en/shipping/indonesia-to-india,corridor,en
0.8,https://rateships.com/en/shipping/indonesia-to-italy,corridor,en
0.8,https://rateships.com/en/shipping/indonesia-to-japan,corridor,en
0.8,https://rateships.com/en/shipping/indonesia-to-mexico,corridor,en
0.8,https://rateships.com/en/shipping/indonesia-to-netherlands,corridor,en
0.8,https://rateships.com/en/shipping/indonesia-to-russia,corridor,en
0.8,https://rateships.com/en/shipping/indonesia-to-saudi-arabia,corridor,en
0.8,https://rateships.com/en/shipping/indonesia-to-south-korea,corridor,en
0.8,https://rateships.com/en/shipping/indonesia-to-spain,corridor,en
0.8,https://rateships.com/en/shipping/indonesia-to-switzerland,corridor,en
0.8,https://rateships.com/en/shipping/indonesia-to-turkey,corridor,en
0.8,https://rateships.com/en/shipping/indonesia-to-united-kingdom,corridor,en
0.8,https://rateships.com/en/shipping/indonesia-to-united-states,corridor,en
0.8,https://rateships.com/en/shipping/italy-to-australia,corridor,en
0.8,https://rateships.com/en/shipping/italy-to-indonesia,corridor,en
0.8,https://rateships.com/en/shipping/italy-to-mexico,corridor,en
0.8,https://rateships.com/en/shipping/italy-to-netherlands,corridor,en
0.8,https://rateships.com/en/shipping/italy-to-russia,corridor,en
0.8,https://rateships.com/en/shipping/italy-to-saudi-arabia,corridor,en
0.8,https://rateships.com/en/shipping/italy-to-south-korea,corridor,en
0.8,https://rateships.com/en/shipping/italy-to-spain,corridor,en
0.8,https://rateships.com/en/shipping/italy-to-switzerland,corridor,en
0.8,https://rateships.com/en/shipping/italy-to-turkey,corridor,en
0.8,https://rateships.com/en/shipping/japan-to-australia,corridor,en
0.8,https://rateships.com/en/shipping/japan-to-indonesia,corridor,en
0.8,https://rateships.com/en/shipping/japan-to-mexico,corridor,en
0.8,https://rateships.com/en/shipping/japan-to-netherlands,corridor,en
0.8,https://rateships.com/en/shipping/japan-to-russia,corridor,en
0.8,https://rateships.com/en/shipping/japan-to-saudi-arabia,corridor,en
0.8,https://rateships.com/en/shipping/japan-to-south-korea,corridor,en
0.8,https://rateships.com/en/shipping/japan-to-spain,corridor,en
0.8,https://rateships.com/en/shipping/japan-to-switzerland,corridor,en
0.8,https://rateships.com/en/shipping/japan-to-turkey,corridor,en
0.8,https://rateships.com/en/shipping/mexico-to-australia,corridor,en
0.8,https://rateships.com/en/shipping/mexico-to-brazil,corridor,en
0.8,https://rateships.com/en/shipping/mexico-to-canada,corridor,en
0.8,https://rateships.com/en/shipping/mexico-to-china,corridor,en
0.8,https://rateships.com/en/shipping/mexico-to-france,corridor,en
0.8,https://rateships.com/en/shipping/mexico-to-germany,corridor,en
0.8,https://rateships.com/en/shipping/mexico-to-india,corridor,en
0.8,https://rateships.com/en/shipping/mexico-to-indonesia,corridor,en
0.8,https://rateships.com/en/shipping/mexico-to-italy,corridor,en
0.8,https://rateships.com/en/shipping/mexico-to-japan,corridor,en
0.8,https://rateships.com/en/shipping/mexico-to-netherlands,corridor,en
0.8,https://rateships.com/en/shipping/mexico-to-russia,corridor,en
0.8,https://rateships.com/en/shipping/mexico-to-saudi-arabia,corridor,en
0.8,https://rateships.com/en/shipping/mexico-to-south-korea,corridor,en
0.8,https://rateships.com/en/shipping/mexico-to-spain,corridor,en
0.8,https://rateships.com/en/shipping/mexico-to-switzerland,corridor,en
0.8,https://rateships.com/en/shipping/mexico-to-turkey,corridor,en
0.8,https://rateships.com/en/shipping/mexico-to-united-kingdom,corridor,en
0.8,https://rateships.com/en/shipping/mexico-to-united-states,corridor,en
0.8,https://rateships.com/en/shipping/netherlands-to-australia,corridor,en
0.8,https://rateships.com/en/shipping/netherlands-to-brazil,corridor,en
0.8,https://rateships.com/en/shipping/netherlands-to-canada,corridor,en
0.8,https://rateships.com/en/shipping/netherlands-to-china,corridor,en
0.8,https://rateships.com/en/shipping/netherlands-to-france,corridor,en
0.8,https://rateships.com/en/shipping/netherlands-to-germany,corridor,en
0.8,https://rateships.com/en/shipping/netherlands-to-india,corridor,en
0.8,https://rateships.com/en/shipping/netherlands-to-indonesia,corridor,en
0.8,https://rateships.com/en/shipping/netherlands-to-italy,corridor,en
0.8,https://rateships.com/en/shipping/netherlands-to-japan,corridor,en
0.8,https://rateships.com/en/shipping/netherlands-to-mexico,corridor,en
0.8,https://rateships.com/en/shipping/netherlands-to-russia,corridor,en
0.8,https://rateships.com/en/shipping/netherlands-to-saudi-arabia,corridor,en
0.8,https://rateships.com/en/shipping/netherlands-to-south-korea,corridor,en
0.8,https://rateships.com/en/shipping/netherlands-to-spain,corridor,en
0.8,https://rateships.com/en/shipping/netherlands-to-switzerland,corridor,en
0.8,https://rateships.com/en/shipping/netherlands-to-turkey,corridor,en
0.8,https://rateships.com/en/shipping/netherlands-to-united-kingdom,corridor,en
0.8,https://rateships.com/en/shipping/netherlands-to-united-states,corridor,en
0.8,https://rateships.com/en/shipping/russia-to-australia,corridor,en
0.8,https://rateships.com/en/shipping/russia-to-brazil,corridor,en
0.8,https://rateships.com/en/shipping/russia-to-canada,corridor,en
0.8,https://rateships.com/en/shipping/russia-to-china,corridor,en
0.8,https://rateships.com/en/shipping/russia-to-france,corridor,en
0.8,https://rateships.com/en/shipping/russia-to-germany,corridor,en
0.8,https://rateships.com/en/shipping/russia-to-india,corridor,en
0.8,https://rateships.com/en/shipping/russia-to-indonesia,corridor,en
0.8,https://rateships.com/en/shipping/russia-to-italy,corridor,en
0.8,https://rateships.com/en/shipping/russia-to-japan,corridor,en
0.8,https://rateships.com/en/shipping/russia-to-mexico,corridor,en
0.8,https://rateships.com/en/shipping/russia-to-netherlands,corridor,en
0.8,https://rateships.com/en/shipping/russia-to-saudi-arabia,corridor,en
0.8,https://rateships.com/en/shipping/russia-to-south-korea,corridor,en
0.8,https://rateships.com/en/shipping/russia-to-spain,corridor,en
0.8,https://rateships.com/en/shipping/russia-to-switzerland,corridor,en
0.8,https://rateships.com/en/shipping/russia-to-turkey,corridor,en
0.8,https://rateships.com/en/shipping/russia-to-united-kingdom,corridor,en
0.8,https://rateships.com/en/shipping/russia-to-united-states,corridor,en
0.8,https://rateships.com/en/shipping/saudi-arabia-to-australia,corridor,en
0.8,https://rateships.com/en/shipping/saudi-arabia-to-brazil,corridor,en
0.8,https://rateships.com/en/shipping/saudi-arabia-to-canada,corridor,en
0.8,https://rateships.com/en/shipping/saudi-arabia-to-china,corridor,en
0.8,https://rateships.com/en/shipping/saudi-arabia-to-france,corridor,en
0.8,https://rateships.com/en/shipping/saudi-arabia-to-germany,corridor,en
0.8,https://rateships.com/en/shipping/saudi-arabia-to-india,corridor,en
0.8,https://rateships.com/en/shipping/saudi-arabia-to-indonesia,corridor,en
0.8,https://rateships.com/en/shipping/saudi-arabia-to-italy,corridor,en
0.8,https://rateships.com/en/shipping/saudi-arabia-to-japan,corridor,en
0.8,https://rateships.com/en/shipping/saudi-arabia-to-mexico,corridor,en
0.8,https://rateships.com/en/shipping/saudi-arabia-to-netherlands,corridor,en
0.8,https://rateships.com/en/shipping/saudi-arabia-to-russia,corridor,en
0.8,https://rateships.com/en/shipping/saudi-arabia-to-south-korea,corridor,en
0.8,https://rateships.com/en/shipping/saudi-arabia-to-spain,corridor,en
0.8,https://rateships.com/en/shipping/saudi-arabia-to-switzerland,corridor,en
0.8,https://rateships.com/en/shipping/saudi-arabia-to-turkey,corridor,en
0.8,https://rateships.com/en/shipping/saudi-arabia-to-united-kingdom,corridor,en
0.8,https://rateships.com/en/shipping/saudi-arabia-to-united-states,corridor,en
0.8,https://rateships.com/en/shipping/south-korea-to-australia,corridor,en
0.8,https://rateships.com/en/shipping/south-korea-to-brazil,corridor,en
0.8,https://rateships.com/en/shipping/south-korea-to-canada,corridor,en
0.8,https://rateships.com/en/shipping/south-korea-to-china,corridor,en
0.8,https://rateships.com/en/shipping/south-korea-to-france,corridor,en
0.8,https://rateships.com/en/shipping/south-korea-to-germany,corridor,en
0.8,https://rateships.com/en/shipping/south-korea-to-india,corridor,en
0.8,https://rateships.com/en/shipping/south-korea-to-indonesia,corridor,en
0.8,https://rateships.com/en/shipping/south-korea-to-italy,corridor,en
0.8,https://rateships.com/en/shipping/south-korea-to-japan,corridor,en
0.8,https://rateships.com/en/shipping/south-korea-to-mexico,corridor,en
0.8,https://rateships.com/en/shipping/south-korea-to-netherlands,corridor,en
0.8,https://rateships.com/en/shipping/south-korea-to-russia,corridor,en
0.8,https://rateships.com/en/shipping/south-korea-to-saudi-arabia,corridor,en
0.8,https://rateships.com/en/shipping/south-korea-to-spain,corridor,en
0.8,https://rateships.com/en/shipping/south-korea-to-switzerland,corridor,en
0.8,https://rateships.com/en/shipping/south-korea-to-turkey,corridor,en
0.8,https://rateships.com/en/shipping/south-korea-to-united-kingdom,corridor,en
0.8,https://rateships.com/en/shipping/south-korea-to-united-states,corridor,en
0.8,https://rateships.com/en/shipping/spain-to-australia,corridor,en
0.8,https://rateships.com/en/shipping/spain-to-brazil,corridor,en
0.8,https://rateships.com/en/shipping/spain-to-canada,corridor,en
0.8,https://rateships.com/en/shipping/spain-to-china,corridor,en
0.8,https://rateships.com/en/shipping/spain-to-france,corridor,en
0.8,https://rateships.com/en/shipping/spain-to-germany,corridor,en
0.8,https://rateships.com/en/shipping/spain-to-india,corridor,en
0.8,https://rateships.com/en/shipping/spain-to-indonesia,corridor,en
0.8,https://rateships.com/en/shipping/spain-to-italy,corridor,en
0.8,https://rateships.com/en/shipping/spain-to-japan,corridor,en
0.8,https://rateships.com/en/shipping/spain-to-mexico,corridor,en
0.8,https://rateships.com/en/shipping/spain-to-netherlands,corridor,en
0.8,https://rateships.com/en/shipping/spain-to-russia,corridor,en
0.8,https://rateships.com/en/shipping/spain-to-saudi-arabia,corridor,en
0.8,https://rateships.com/en/shipping/spain-to-south-korea,corridor,en
0.8,https://rateships.com/en/shipping/spain-to-switzerland,corridor,en
0.8,https://rateships.com/en/shipping/spain-to-turkey,corridor,en
0.8,https://rateships.com/en/shipping/spain-to-united-kingdom,corridor,en
0.8,https://rateships.com/en/shipping/spain-to-united-states,corridor,en
0.8,https://rateships.com/en/shipping/switzerland-to-australia,corridor,en
0.8,https://rateships.com/en/shipping/switzerland-to-brazil,corridor,en
0.8,https://rateships.com/en/shipping/switzerland-to-canada,corridor,en
0.8,https://rateships.com/en/shipping/switzerland-to-china,corridor,en
0.8,https://rateships.com/en/shipping/switzerland-to-france,corridor,en
0.8,https://rateships.com/en/shipping/switzerland-to-germany,corridor,en
0.8,https://rateships.com/en/shipping/switzerland-to-india,corridor,en
0.8,https://rateships.com/en/shipping/switzerland-to-indonesia,corridor,en
0.8,https://rateships.com/en/shipping/switzerland-to-italy,corridor,en
0.8,https://rateships.com/en/shipping/switzerland-to-japan,corridor,en
0.8,https://rateships.com/en/shipping/switzerland-to-mexico,corridor,en
0.8,https://rateships.com/en/shipping/switzerland-to-netherlands,corridor,en
0.8,https://rateships.com/en/shipping/switzerland-to-russia,corridor,en
0.8,https://rateships.com/en/shipping/switzerland-to-saudi-arabia,corridor,en
0.8,https://rateships.com/en/shipping/switzerland-to-south-korea,corridor,en
0.8,https://rateships.com/en/shipping/switzerland-to-spain,corridor,en
0.8,https://rateships.com/en/shipping/switzerland-to-turkey,corridor,en
0.8,https://rateships.com/en/shipping/switzerland-to-united-kingdom,corridor,en
0.8,https://rateships.com/en/shipping/switzerland-to-united-states,corridor,en
0.8,https://rateships.com/en/shipping/turkey-to-australia,corridor,en
0.8,https://rateships.com/en/shipping/turkey-to-brazil,corridor,en
0.8,https://rateships.com/en/shipping/turkey-to-canada,corridor,en
0.8,https://rateships.com/en/shipping/turkey-to-china,corridor,en
0.8,https://rateships.com/en/shipping/turkey-to-france,corridor,en
0.8,https://rateships.com/en/shipping/turkey-to-germany,corridor,en
0.8,https://rateships.com/en/shipping/turkey-to-india,corridor,en
0.8,https://rateships.com/en/shipping/turkey-to-indonesia,corridor,en
0.8,https://rateships.com/en/shipping/turkey-to-italy,corridor,en
0.8,https://rateships.com/en/shipping/turkey-to-japan,corridor,en
0.8,https://rateships.com/en/shipping/turkey-to-mexico,corridor,en
0.8,https://rateships.com/en/shipping/turkey-to-netherlands,corridor,en
0.8,https://rateships.com/en/shipping/turkey-to-russia,corridor,en
0.8,https://rateships.com/en/shipping/turkey-to-saudi-arabia,corridor,en
0.8,https://rateships.com/en/shipping/turkey-to-south-korea,corridor,en
0.8,https://rateships.com/en/shipping/turkey-to-spain,corridor,en
0.8,https://rateships.com/en/shipping/turkey-to-switzerland,corridor,en
0.8,https://rateships.com/en/shipping/turkey-to-united-kingdom,corridor,en
0.8,https://rateships.com/en/shipping/turkey-to-united-states,corridor,en
0.8,https://rateships.com/en/shipping/united-kingdom-to-australia,corridor,en
0.8,https://rateships.com/en/shipping/united-kingdom-to-indonesia,corridor,en
0.8,https://rateships.com/en/shipping/united-kingdom-to-mexico,corridor,en
0.8,https://rateships.com/en/shipping/united-kingdom-to-netherlands,corridor,en
0.8,https://rateships.com/en/shipping/united-kingdom-to-russia,corridor,en
0.8,https://rateships.com/en/shipping/united-kingdom-to-saudi-arabia,corridor,en
0.8,https://rateships.com/en/shipping/united-kingdom-to-south-korea,corridor,en
0.8,https://rateships.com/en/shipping/united-kingdom-to-spain,corridor,en
0.8,https://rateships.com/en/shipping/united-kingdom-to-switzerland,corridor,en
0.8,https://rateships.com/en/shipping/united-kingdom-to-turkey,corridor,en
0.8,https://rateships.com/en/shipping/united-states-to-australia,corridor,en
0.8,https://rateships.com/en/shipping/united-states-to-indonesia,corridor,en
0.8,https://rateships.com/en/shipping/united-states-to-mexico,corridor,en
0.8,https://rateships.com/en/shipping/united-states-to-netherlands,corridor,en
0.8,https://rateships.com/en/shipping/united-states-to-russia,corridor,en
0.8,https://rateships.com/en/shipping/united-states-to-saudi-arabia,corridor,en
0.8,https://rateships.com/en/shipping/united-states-to-south-korea,corridor,en
0.8,https://rateships.com/en/shipping/united-states-to-spain,corridor,en
0.8,https://rateships.com/en/shipping/united-states-to-switzerland,corridor,en
0.8,https://rateships.com/en/shipping/united-states-to-turkey,corridor,en
0.7,https://rateships.com/ar/shipping/australia-to-saudi-arabia,corridor,ar
0.7,https://rateships.com/ar/shipping/brazil-to-saudi-arabia,corridor,ar
0.7,https://rateships.com/ar/shipping/canada-to-saudi-arabia,corridor,ar
0.7,https://rateships.com/ar/shipping/china-to-saudi-arabia,corridor,ar
0.7,https://rateships.com/ar/shipping/france-to-saudi-arabia,corridor,ar
0.7,https://rateships.com/ar/shipping/germany-to-saudi-arabia,corridor,ar
0.7,https://rateships.com/ar/shipping/india-to-saudi-arabia,corridor,ar
0.7,https://rateships.com/ar/shipping/indonesia-to-saudi-arabia,corridor,ar
0.7,https://rateships.com/ar/shipping/italy-to-saudi-arabia,corridor,ar
0.7,https://rateships.com/ar/shipping/japan-to-saudi-arabia,corridor,ar
0.7,https://rateships.com/ar/shipping/mexico-to-saudi-arabia,corridor,ar
0.7,https://rateships.com/ar/shipping/netherlands-to-saudi-arabia,corridor,ar
0.7,https://rateships.com/ar/shipping/russia-to-saudi-arabia,corridor,ar
0.7,https://rateships.com/ar/shipping/saudi-arabia-to-australia,corridor,ar
0.7,https://rateships.com/ar/shipping/saudi-arabia-to-brazil,corridor,ar
0.7,https://rateships.com/ar/shipping/saudi-arabia-to-canada,corridor,ar
0.7,https://rateships.com/ar/shipping/saudi-arabia-to-china,corridor,ar
0.7,https://rateships.com/ar/shipping/saudi-arabia-to-france,corridor,ar
0.7,https://rateships.com/ar/shipping/saudi-arabia-to-germany,corridor,ar
0.7,https://rateships.com/ar/shipping/saudi-arabia-to-india,corridor,ar
0.7,https://rateships.com/ar/shipping/saudi-arabia-to-indonesia,corridor,ar
0.7,https://rateships.com/ar/shipping/saudi-arabia-to-italy,corridor,ar
0.7,https://rateships.com/ar/shipping/saudi-arabia-to-japan,corridor,ar
0.7,https://rateships.com/ar/shipping/saudi-arabia-to-mexico,corridor,ar
0.7,https://rateships.com/ar/shipping/saudi-arabia-to-netherlands,corridor,ar
0.7,https://rateships.com/ar/shipping/saudi-arabia-to-russia,corridor,ar
0.7,https://rateships.com/ar/shipping/saudi-arabia-to-south-korea,corridor,ar
0.7,https://rateships.com/ar/shipping/saudi-arabia-to-spain,corridor,ar
0.7,https://rateships.com/ar/shipping/saudi-arabia-to-switzerland,corridor,ar
0.7,https://rateships.com/ar/shipping/saudi-arabia-to-turkey,corridor,ar
0.7,https://rateships.com/ar/shipping/saudi-arabia-to-united-kingdom,corridor,ar
0.7,https://rateships.com/ar/shipping/saudi-arabia-to-united-states,corridor,ar
0.7,https://rateships.com/ar/shipping/south-korea-to-saudi-arabia,corridor,ar
0.7,https://rateships.com/ar/shipping/spain-to-saudi-arabia,corridor,ar
0.7,https://rateships.com/ar/shipping/switzerland-to-saudi-arabia,corridor,ar
0.7,https://rateships.com/ar/shipping/turkey-to-saudi-arabia,corridor,ar
0.7,https://rateships.com/ar/shipping/united-kingdom-to-saudi-arabia,corridor,ar
0.7,https://rateships.com/ar/shipping/united-states-to-saudi-arabia,corridor,ar
0.7,https://rateships.com/de/shipping/australia-to-germany,corridor,de
0.7,https://rateships.com/de/shipping/australia-to-switzerland,corridor,de
0.7,https://rateships.com/de/shipping/brazil-to-germany,corridor,de
0.7,https://rateships.com/de/shipping/brazil-to-switzerland,corridor,de
0.7,https://rateships.com/de/shipping/canada-to-germany,corridor,de
0.7,https://rateships.com/de/shipping/canada-to-switzerland,corridor,de
0.7,https://rateships.com/de/shipping/china-to-germany,corridor,de
0.7,https://rateships.com/de/shipping/china-to-switzerland,corridor,de
0.7,https://rateships.com/de/shipping/france-to-germany,corridor,de
0.7,https://rateships.com/de/shipping/france-to-switzerland,corridor,de
0.7,https://rateships.com/de/shipping/germany-to-australia,corridor,de
0.7,https://rateships.com/de/shipping/germany-to-brazil,corridor,de
0.7,https://rateships.com/de/shipping/germany-to-canada,corridor,de
0.7,https://rateships.com/de/shipping/germany-to-china,corridor,de
0.7,https://rateships.com/de/shipping/germany-to-france,corridor,de
0.7,https://rateships.com/de/shipping/germany-to-india,corridor,de
0.7,https://rateships.com/de/shipping/germany-to-indonesia,corridor,de
0.7,https://rateships.com/de/shipping/germany-to-italy,corridor,de
0.7,https://rateships.com/de/shipping/germany-to-japan,corridor,de
0.7,https://rateships.com/de/shipping/germany-to-mexico,corridor,de
0.7,https://rateships.com/de/shipping/germany-to-netherlands,corridor,de
0.7,https://rateships.com/de/shipping/germany-to-russia,corridor,de
0.7,https://rateships.com/de/shipping/germany-to-saudi-arabia,corridor,de
0.7,https://rateships.com/de/shipping/germany-to-south-korea,corridor,de
0.7,https://rateships.com/de/shipping/germany-to-spain,corridor,de
0.7,https://rateships.com/de/shipping/germany-to-switzerland,corridor,de
0.7,https://rateships.com/de/shipping/germany-to-turkey,corridor,de
0.7,https://rateships.com/de/shipping/germany-to-united-kingdom,corridor,de
0.7,https://rateships.com/de/shipping/germany-to-united-states,corridor,de
0.7,https://rateships.com/de/shipping/india-to-germany,corridor,de
0.7,https://rateships.com/de/shipping/india-to-switzerland,corridor,de
0.7,https://rateships.com/de/shipping/indonesia-to-germany,corridor,de
0.7,https://rateships.com/de/shipping/indonesia-to-switzerland,corridor,de
0.7,https://rateships.com/de/shipping/italy-to-germany,corridor,de
0.7,https://rateships.com/de/shipping/italy-to-switzerland,corridor,de
0.7,https://rateships.com/de/shipping/japan-to-germany,corridor,de
0.7,https://rateships.com/de/shipping/japan-to-switzerland,corridor,de
0.7,https://rateships.com/de/shipping/mexico-to-germany,corridor,de
0.7,https://rateships.com/de/shipping/mexico-to-switzerland,corridor,de
0.7,https://rateships.com/de/shipping/netherlands-to-germany,corridor,de
0.7,https://rateships.com/de/shipping/netherlands-to-switzerland,corridor,de
0.7,https://rateships.com/de/shipping/russia-to-germany,corridor,de
0.7,https://rateships.com/de/shipping/russia-to-switzerland,corridor,de
0.7,https://rateships.com/de/shipping/saudi-arabia-to-germany,corridor,de
0.7,https://rateships.com/de/shipping/saudi-arabia-to-switzerland,corridor,de
0.7,https://rateships.com/de/shipping/south-korea-to-germany,corridor,de
0.7,https://rateships.com/de/shipping/south-korea-to-switzerland,corridor,de
0.7,https://rateships.com/de/shipping/spain-to-germany,corridor,de
0.7,https://rateships.com/de/shipping/spain-to-switzerland,corridor,de
0.7,https://rateships.com/de/shipping/switzerland-to-australia,corridor,de
0.7,https://rateships.com/de/shipping/switzerland-to-brazil,corridor,de
0.7,https://rateships.com/de/shipping/switzerland-to-canada,corridor,de
0.7,https://rateships.com/de/shipping/switzerland-to-china,corridor,de
0.7,https://rateships.com/de/shipping/switzerland-to-france,corridor,de
0.7,https://rateships.com/de/shipping/switzerland-to-germany,corridor,de
0.7,https://rateships.com/de/shipping/switzerland-to-india,corridor,de
0.7,https://rateships.com/de/shipping/switzerland-to-indonesia,corridor,de
0.7,https://rateships.com/de/shipping/switzerland-to-italy,corridor,de
0.7,https://rateships.com/de/shipping/switzerland-to-japan,corridor,de
0.7,https://rateships.com/de/shipping/switzerland-to-mexico,corridor,de
0.7,https://rateships.com/de/shipping/switzerland-to-netherlands,corridor,de
0.7,https://rateships.com/de/shipping/switzerland-to-russia,corridor,de
0.7,https://rateships.com/de/shipping/switzerland-to-saudi-arabia,corridor,de
0.7,https://rateships.com/de/shipping/switzerland-to-south-korea,corridor,de
0.7,https://rateships.com/de/shipping/switzerland-to-spain,corridor,de
0.7,https://rateships.com/de/shipping/switzerland-to-turkey,corridor,de
0.7,https://rateships.com/de/shipping/switzerland-to-united-kingdom,corridor,de
0.7,https://rateships.com/de/shipping/switzerland-to-united-states,corridor,de
0.7,https://rateships.com/de/shipping/turkey-to-germany,corridor,de
0.7,https://rateships.com/de/shipping/turkey-to-switzerland,corridor,de
0.7,https://rateships.com/de/shipping/united-kingdom-to-germany,corridor,de
0.7,https://rateships.com/de/shipping/united-kingdom-to-switzerland,corridor,de
0.7,https://rateships.com/de/shipping/united-states-to-germany,corridor,de
0.7,https://rateships.com/de/shipping/united-states-to-switzerland,corridor,de
0.7,https://rateships.com/es/shipping/australia-to-mexico,corridor,es
0.7,https://rateships.com/es/shipping/australia-to-spain,corridor,es
0.7,https://rateships.com/es/shipping/brazil-to-mexico,corridor,es
0.7,https://rateships.com/es/shipping/brazil-to-spain,corridor,es
0.7,https://rateships.com/es/shipping/canada-to-mexico,corridor,es
0.7,https://rateships.com/es/shipping/canada-to-spain,corridor,es
0.7,https://rateships.com/es/shipping/china-to-mexico,corridor,es
0.7,https://rateships.com/es/shipping/china-to-spain,corridor,es
0.7,https://rateships.com/es/shipping/france-to-mexico,corridor,es
0.7,https://rateships.com/es/shipping/france-to-spain,corridor,es
0.7,https://rateships.com/es/shipping/germany-to-mexico,corridor,es
0.7,https://rateships.com/es/shipping/germany-to-spain,corridor,es
0.7,https://rateships.com/es/shipping/india-to-mexico,corridor,es
0.7,https://rateships.com/es/shipping/india-to-spain,corridor,es
0.7,https://rateships.com/es/shipping/indonesia-to-mexico,corridor,es
0.7,https://rateships.com/es/shipping/indonesia-to-spain,corridor,es
0.7,https://rateships.com/es/shipping/italy-to-mexico,corridor,es
0.7,https://rateships.com/es/shipping/italy-to-spain,corridor,es
0.7,https://rateships.com/es/shipping/japan-to-mexico,corridor,es
0.7,https://rateships.com/es/shipping/japan-to-spain,corridor,es
0.7,https://rateships.com/es/shipping/mexico-to-australia,corridor,es
0.7,https://rateships.com/es/shipping/mexico-to-brazil,corridor,es
0.7,https://rateships.com/es/shipping/mexico-to-canada,corridor,es
0.7,https://rateships.com/es/shipping/mexico-to-china,corridor,es
0.7,https://rateships.com/es/shipping/mexico-to-france,corridor,es
0.7,https://rateships.com/es/shipping/mexico-to-germany,corridor,es
0.7,https://rateships.com/es/shipping/mexico-to-india,corridor,es
0.7,https://rateships.com/es/shipping/mexico-to-indonesia,corridor,es
0.7,https://rateships.com/es/shipping/mexico-to-italy,corridor,es
0.7,https://rateships.com/es/shipping/mexico-to-japan,corridor,es
0.7,https://rateships.com/es/shipping/mexico-to-netherlands,corridor,es
0.7,https://rateships.com/es/shipping/mexico-to-russia,corridor,es
0.7,https://rateships.com/es/shipping/mexico-to-saudi-arabia,corridor,es
0.7,https://rateships.com/es/shipping/mexico-to-south-korea,corridor,es
0.7,https://rateships.com/es/shipping/mexico-to-spain,corridor,es
0.7,https://rateships.com/es/shipping/mexico-to-switzerland,corridor,es
0.7,https://rateships.com/es/shipping/mexico-to-turkey,corridor,es
0.7,https://rateships.com/es/shipping/mexico-to-united-kingdom,corridor,es
0.7,https://rateships.com/es/shipping/mexico-to-united-states,corridor,es
0.7,https://rateships.com/es/shipping/netherlands-to-mexico,corridor,es
0.7,https://rateships.com/es/shipping/netherlands-to-spain,corridor,es
0.7,https://rateships.com/es/shipping/russia-to-mexico,corridor,es
0.7,https://rateships.com/es/shipping/russia-to-spain,corridor,es
0.7,https://rateships.com/es/shipping/saudi-arabia-to-mexico,corridor,es
0.7,https://rateships.com/es/shipping/saudi-arabia-to-spain,corridor,es
0.7,https://rateships.com/es/shipping/south-korea-to-mexico,corridor,es
0.7,https://rateships.com/es/shipping/south-korea-to-spain,corridor,es
0.7,https://rateships.com/es/shipping/spain-to-australia,corridor,es
0.7,https://rateships.com/es/shipping/spain-to-brazil,corridor,es
0.7,https://rateships.com/es/shipping/spain-to-canada,corridor,es
0.7,https://rateships.com/es/shipping/spain-to-china,corridor,es
0.7,https://rateships.com/es/shipping/spain-to-france,corridor,es
0.7,https://rateships.com/es/shipping/spain-to-germany,corridor,es
0.7,https://rateships.com/es/shipping/spain-to-india,corridor,es
0.7,https://rateships.com/es/shipping/spain-to-indonesia,corridor,es
0.7,https://rateships.com/es/shipping/spain-to-italy,corridor,es
0.7,https://rateships.com/es/shipping/spain-to-japan,corridor,es
0.7,https://rateships.com/es/shipping/spain-to-mexico,corridor,es
0.7,https://rateships.com/es/shipping/spain-to-netherlands,corridor,es
0.7,https://rateships.com/es/shipping/spain-to-russia,corridor,es
0.7,https://rateships.com/es/shipping/spain-to-saudi-arabia,corridor,es
0.7,https://rateships.com/es/shipping/spain-to-south-korea,corridor,es
0.7,https://rateships.com/es/shipping/spain-to-switzerland,corridor,es
0.7,https://rateships.com/es/shipping/spain-to-turkey,corridor,es
0.7,https://rateships.com/es/shipping/spain-to-united-kingdom,corridor,es
0.7,https://rateships.com/es/shipping/spain-to-united-states,corridor,es
0.7,https://rateships.com/es/shipping/switzerland-to-mexico,corridor,es
0.7,https://rateships.com/es/shipping/switzerland-to-spain,corridor,es
0.7,https://rateships.com/es/shipping/turkey-to-mexico,corridor,es
0.7,https://rateships.com/es/shipping/turkey-to-spain,corridor,es
0.7,https://rateships.com/es/shipping/united-kingdom-to-mexico,corridor,es
0.7,https://rateships.com/es/shipping/united-kingdom-to-spain,corridor,es
0.7,https://rateships.com/es/shipping/united-states-to-mexico,corridor,es
0.7,https://rateships.com/es/shipping/united-states-to-spain,corridor,es
0.7,https://rateships.com/fr/shipping/australia-to-france,corridor,fr
0.7,https://rateships.com/fr/shipping/brazil-to-france,corridor,fr
0.7,https://rateships.com/fr/shipping/canada-to-france,corridor,fr
0.7,https://rateships.com/fr/shipping/china-to-france,corridor,fr
0.7,https://rateships.com/fr/shipping/france-to-australia,corridor,fr
0.7,https://rateships.com/fr/shipping/france-to-brazil,corridor,fr
0.7,https://rateships.com/fr/shipping/france-to-canada,corridor,fr
0.7,https://rateships.com/fr/shipping/france-to-china,corridor,fr
0.7,https://rateships.com/fr/shipping/france-to-germany,corridor,fr
0.7,https://rateships.com/fr/shipping/france-to-india,corridor,fr
0.7,https://rateships.com/fr/shipping/france-to-indonesia,corridor,fr
0.7,https://rateships.com/fr/shipping/france-to-italy,corridor,fr
0.7,https://rateships.com/fr/shipping/france-to-japan,corridor,fr
0.7,https://rateships.com/fr/shipping/france-to-mexico,corridor,fr
0.7,https://rateships.com/fr/shipping/france-to-netherlands,corridor,fr
0.7,https://rateships.com/fr/shipping/france-to-russia,corridor,fr
0.7,https://rateships.com/fr/shipping/france-to-saudi-arabia,corridor,fr
0.7,https://rateships.com/fr/shipping/france-to-south-korea,corridor,fr
0.7,https://rateships.com/fr/shipping/france-to-spain,corridor,fr
0.7,https://rateships.com/fr/shipping/france-to-switzerland,corridor,fr
0.7,https://rateships.com/fr/shipping/france-to-turkey,corridor,fr
0.7,https://rateships.com/fr/shipping/france-to-united-kingdom,corridor,fr
0.7,https://rateships.com/fr/shipping/france-to-united-states,corridor,fr
0.7,https://rateships.com/fr/shipping/germany-to-france,corridor,fr
0.7,https://rateships.com/fr/shipping/india-to-france,corridor,fr
0.7,https://rateships.com/fr/shipping/indonesia-to-france,corridor,fr
0.7,https://rateships.com/fr/shipping/italy-to-france,corridor,fr
0.7,https://rateships.com/fr/shipping/japan-to-france,corridor,fr
0.7,https://rateships.com/fr/shipping/mexico-to-france,corridor,fr
0.7,https://rateships.com/fr/shipping/netherlands-to-france,corridor,fr
0.7,https://rateships.com/fr/shipping/russia-to-france,corridor,fr
0.7,https://rateships.com/fr/shipping/saudi-arabia-to-france,corridor,fr
0.7,https://rateships.com/fr/shipping/south-korea-to-france,corridor,fr
0.7,https://rateships.com/fr/shipping/spain-to-france,corridor,fr
0.7,https://rateships.com/fr/shipping/switzerland-to-france,corridor,fr
0.7,https://rateships.com/fr/shipping/turkey-to-france,corridor,fr
0.7,https://rateships.com/fr/shipping/united-kingdom-to-france,corridor,fr
0.7,https://rateships.com/fr/shipping/united-states-to-france,corridor,fr
0.7,https://rateships.com/it/shipping/australia-to-italy,corridor,it
0.7,https://rateships.com/it/shipping/brazil-to-italy,corridor,it
0.7,https://rateships.com/it/shipping/canada-to-italy,corridor,it
0.7,https://rateships.com/it/shipping/china-to-italy,corridor,it
0.7,https://rateships.com/it/shipping/france-to-italy,corridor,it
0.7,https://rateships.com/it/shipping/germany-to-italy,corridor,it
0.7,https://rateships.com/it/shipping/india-to-italy,corridor,it
0.7,https://rateships.com/it/shipping/indonesia-to-italy,corridor,it
0.7,https://rateships.com/it/shipping/italy-to-australia,corridor,it
0.7,https://rateships.com/it/shipping/italy-to-brazil,corridor,it
0.7,https://rateships.com/it/shipping/italy-to-canada,corridor,it
0.7,https://rateships.com/it/shipping/italy-to-china,corridor,it
0.7,https://rateships.com/it/shipping/italy-to-france,corridor,it
0.7,https://rateships.com/it/shipping/italy-to-germany,corridor,it
0.7,https://rateships.com/it/shipping/italy-to-india,corridor,it
0.7,https://rateships.com/it/shipping/italy-to-indonesia,corridor,it
0.7,https://rateships.com/it/shipping/italy-to-japan,corridor,it
0.7,https://rateships.com/it/shipping/italy-to-mexico,corridor,it
0.7,https://rateships.com/it/shipping/italy-to-netherlands,corridor,it
0.7,https://rateships.com/it/shipping/italy-to-russia,corridor,it
0.7,https://rateships.com/it/shipping/italy-to-saudi-arabia,corridor,it
0.7,https://rateships.com/it/shipping/italy-to-south-korea,corridor,it
0.7,https://rateships.com/it/shipping/italy-to-spain,corridor,it
0.7,https://rateships.com/it/shipping/italy-to-switzerland,corridor,it
0.7,https://rateships.com/it/shipping/italy-to-turkey,corridor,it
0.7,https://rateships.com/it/shipping/italy-to-united-kingdom,corridor,it
0.7,https://rateships.com/it/shipping/italy-to-united-states,corridor,it
0.7,https://rateships.com/it/shipping/japan-to-italy,corridor,it
0.7,https://rateships.com/it/shipping/mexico-to-italy,corridor,it
0.7,https://rateships.com/it/shipping/netherlands-to-italy,corridor,it
0.7,https://rateships.com/it/shipping/russia-to-italy,corridor,it
0.7,https://rateships.com/it/shipping/saudi-arabia-to-italy,corridor,it
0.7,https://rateships.com/it/shipping/south-korea-to-italy,corridor,it
0.7,https://rateships.com/it/shipping/spain-to-italy,corridor,it
0.7,https://rateships.com/it/shipping/switzerland-to-italy,corridor,it
0.7,https://rateships.com/it/shipping/turkey-to-italy,corridor,it
0.7,https://rateships.com/it/shipping/united-kingdom-to-italy,corridor,it
0.7,https://rateships.com/it/shipping/united-states-to-italy,corridor,it
0.7,https://rateships.com/ja/shipping/australia-to-japan,corridor,ja
0.7,https://rateships.com/ja/shipping/brazil-to-japan,corridor,ja
0.7,https://rateships.com/ja/shipping/canada-to-japan,corridor,ja
0.7,https://rateships.com/ja/shipping/china-to-japan,corridor,ja
0.7,https://rateships.com/ja/shipping/france-to-japan,corridor,ja
0.7,https://rateships.com/ja/shipping/germany-to-japan,corridor,ja
0.7,https://rateships.com/ja/shipping/india-to-japan,corridor,ja
0.7,https://rateships.com/ja/shipping/indonesia-to-japan,corridor,ja
0.7,https://rateships.com/ja/shipping/italy-to-japan,corridor,ja
0.7,https://rateships.com/ja/shipping/japan-to-australia,corridor,ja
0.7,https://rateships.com/ja/shipping/japan-to-brazil,corridor,ja
0.7,https://rateships.com/ja/shipping/japan-to-canada,corridor,ja
0.7,https://rateships.com/ja/shipping/japan-to-china,corridor,ja
0.7,https://rateships.com/ja/shipping/japan-to-france,corridor,ja
0.7,https://rateships.com/ja/shipping/japan-to-germany,corridor,ja
0.7,https://rateships.com/ja/shipping/japan-to-india,corridor,ja
0.7,https://rateships.com/ja/shipping/japan-to-indonesia,corridor,ja
0.7,https://rateships.com/ja/shipping/japan-to-italy,corridor,ja
0.7,https://rateships.com/ja/shipping/japan-to-mexico,corridor,ja
0.7,https://rateships.com/ja/shipping/japan-to-netherlands,corridor,ja
0.7,https://rateships.com/ja/shipping/japan-to-russia,corridor,ja
0.7,https://rateships.com/ja/shipping/japan-to-saudi-arabia,corridor,ja
0.7,https://rateships.com/ja/shipping/japan-to-south-korea,corridor,ja
0.7,https://rateships.com/ja/shipping/japan-to-spain,corridor,ja
0.7,https://rateships.com/ja/shipping/japan-to-switzerland,corridor,ja
0.7,https://rateships.com/ja/shipping/japan-to-turkey,corridor,ja
0.7,https://rateships.com/ja/shipping/japan-to-united-kingdom,corridor,ja
0.7,https://rateships.com/ja/shipping/japan-to-united-states,corridor,ja
0.7,https://rateships.com/ja/shipping/mexico-to-japan,corridor,ja
0.7,https://rateships.com/ja/shipping/netherlands-to-japan,corridor,ja
0.7,https://rateships.com/ja/shipping/russia-to-japan,corridor,ja
0.7,https://rateships.com/ja/shipping/saudi-arabia-to-japan,corridor,ja
0.7,https://rateships.com/ja/shipping/south-korea-to-japan,corridor,ja
0.7,https://rateships.com/ja/shipping/spain-to-japan,corridor,ja
0.7,https://rateships.com/ja/shipping/switzerland-to-japan,corridor,ja
0.7,https://rateships.com/ja/shipping/turkey-to-japan,corridor,ja
0.7,https://rateships.com/ja/shipping/united-kingdom-to-japan,corridor,ja
0.7,https://rateships.com/ja/shipping/united-states-to-japan,corridor,ja
0.7,https://rateships.com/ko/shipping/australia-to-south-korea,corridor,ko
0.7,https://rateships.com/ko/shipping/brazil-to-south-korea,corridor,ko
0.7,https://rateships.com/ko/shipping/canada-to-south-korea,corridor,ko
0.7,https://rateships.com/ko/shipping/china-to-south-korea,corridor,ko
0.7,https://rateships.com/ko/shipping/france-to-south-korea,corridor,ko
0.7,https://rateships.com/ko/shipping/germany-to-south-korea,corridor,ko
0.7,https://rateships.com/ko/shipping/india-to-south-korea,corridor,ko
0.7,https://rateships.com/ko/shipping/indonesia-to-south-korea,corridor,ko
0.7,https://rateships.com/ko/shipping/italy-to-south-korea,corridor,ko
0.7,https://rateships.com/ko/shipping/japan-to-south-korea,corridor,ko
0.7,https://rateships.com/ko/shipping/mexico-to-south-korea,corridor,ko
0.7,https://rateships.com/ko/shipping/netherlands-to-south-korea,corridor,ko
0.7,https://rateships.com/ko/shipping/russia-to-south-korea,corridor,ko
0.7,https://rateships.com/ko/shipping/saudi-arabia-to-south-korea,corridor,ko
0.7,https://rateships.com/ko/shipping/south-korea-to-australia,corridor,ko
0.7,https://rateships.com/ko/shipping/south-korea-to-brazil,corridor,ko
0.7,https://rateships.com/ko/shipping/south-korea-to-canada,corridor,ko
0.7,https://rateships.com/ko/shipping/south-korea-to-china,corridor,ko
0.7,https://rateships.com/ko/shipping/south-korea-to-france,corridor,ko
0.7,https://rateships.com/ko/shipping/south-korea-to-germany,corridor,ko
0.7,https://rateships.com/ko/shipping/south-korea-to-india,corridor,ko
0.7,https://rateships.com/ko/shipping/south-korea-to-indonesia,corridor,ko
0.7,https://rateships.com/ko/shipping/south-korea-to-italy,corridor,ko
0.7,https://rateships.com/ko/shipping/south-korea-to-japan,corridor,ko
0.7,https://rateships.com/ko/shipping/south-korea-to-mexico,corridor,ko
0.7,https://rateships.com/ko/shipping/south-korea-to-netherlands,corridor,ko
0.7,https://rateships.com/ko/shipping/south-korea-to-russia,corridor,ko
0.7,https://rateships.com/ko/shipping/south-korea-to-saudi-arabia,corridor,ko
0.7,https://rateships.com/ko/shipping/south-korea-to-spain,corridor,ko
0.7,https://rateships.com/ko/shipping/south-korea-to-switzerland,corridor,ko
0.7,https://rateships.com/ko/shipping/south-korea-to-turkey,corridor,ko
0.7,https://rateships.com/ko/shipping/south-korea-to-united-kingdom,corridor,ko
0.7,https://rateships.com/ko/shipping/south-korea-to-united-states,corridor,ko
0.7,https://rateships.com/ko/shipping/spain-to-south-korea,corridor,ko
0.7,https://rateships.com/ko/shipping/switzerland-to-south-korea,corridor,ko
0.7,https://rateships.com/ko/shipping/turkey-to-south-korea,corridor,ko
0.7,https://rateships.com/ko/shipping/united-kingdom-to-south-korea,corridor,ko
0.7,https://rateships.com/ko/shipping/united-states-to-south-korea,corridor,ko
0.7,https://rateships.com/pt/shipping/australia-to-brazil,corridor,pt
0.7,https://rateships.com/pt/shipping/brazil-to-australia,corridor,pt
0.7,https://rateships.com/pt/shipping/brazil-to-canada,corridor,pt
0.7,https://rateships.com/pt/shipping/brazil-to-china,corridor,pt
0.7,https://rateships.com/pt/shipping/brazil-to-france,corridor,pt
0.7,https://rateships.com/pt/shipping/brazil-to-germany,corridor,pt
0.7,https://rateships.com/pt/shipping/brazil-to-india,corridor,pt
0.7,https://rateships.com/pt/shipping/brazil-to-indonesia,corridor,pt
0.7,https://rateships.com/pt/shipping/brazil-to-italy,corridor,pt
0.7,https://rateships.com/pt/shipping/brazil-to-japan,corridor,pt
0.7,https://rateships.com/pt/shipping/brazil-to-mexico,corridor,pt
0.7,https://rateships.com/pt/shipping/brazil-to-netherlands,corridor,pt
0.7,https://rateships.com/pt/shipping/brazil-to-russia,corridor,pt
0.7,https://rateships.com/pt/shipping/brazil-to-saudi-arabia,corridor,pt
0.7,https://rateships.com/pt/shipping/brazil-to-south-korea,corridor,pt
0.7,https://rateships.com/pt/shipping/brazil-to-spain,corridor,pt
0.7,https://rateships.com/pt/shipping/brazil-to-switzerland,corridor,pt
0.7,https://rateships.com/pt/shipping/brazil-to-turkey,corridor,pt
0.7,https://rateships.com/pt/shipping/brazil-to-united-kingdom,corridor,pt
0.7,https://rateships.com/pt/shipping/brazil-to-united-states,corridor,pt
0.7,https://rateships.com/pt/shipping/canada-to-brazil,corridor,pt
0.7,https://rateships.com/pt/shipping/china-to-brazil,corridor,pt
0.7,https://rateships.com/pt/shipping/france-to-brazil,corridor,pt
0.7,https://rateships.com/pt/shipping/germany-to-brazil,corridor,pt
0.7,https://rateships.com/pt/shipping/india-to-brazil,corridor,pt
0.7,https://rateships.com/pt/shipping/indonesia-to-brazil,corridor,pt
0.7,https://rateships.com/pt/shipping/italy-to-brazil,corridor,pt
0.7,https://rateships.com/pt/shipping/japan-to-brazil,corridor,pt
0.7,https://rateships.com/pt/shipping/mexico-to-brazil,corridor,pt
0.7,https://rateships.com/pt/shipping/netherlands-to-brazil,corridor,pt
0.7,https://rateships.com/pt/shipping/russia-to-brazil,corridor,pt
0.7,https://rateships.com/pt/shipping/saudi-arabia-to-brazil,corridor,pt
0.7,https://rateships.com/pt/shipping/south-korea-to-brazil,corridor,pt
0.7,https://rateships.com/pt/shipping/spain-to-brazil,corridor,pt
0.7,https://rateships.com/pt/shipping/switzerland-to-brazil,corridor,pt
0.7,https://rateships.com/pt/shipping/turkey-to-brazil,corridor,pt
0.7,https://rateships.com/pt/shipping/united-kingdom-to-brazil,corridor,pt
0.7,https://rateships.com/pt/shipping/united-states-to-brazil,corridor,pt
0.7,https://rateships.com/ru/shipping/avstraliya-v-rossiya,corridor,ru
0.7,https://rateships.com/ru/shipping/braziliya-v-rossiya,corridor,ru
0.7,https://rateships.com/ru/shipping/franciya-v-rossiya,corridor,ru
0.7,https://rateships.com/ru/shipping/germaniya-v-rossiya,corridor,ru
0.7,https://rateships.com/ru/shipping/indiya-v-rossiya,corridor,ru
0.7,https://rateships.com/ru/shipping/indoneziya-v-rossiya,corridor,ru
0.7,https://rateships.com/ru/shipping/ispaniya-v-rossiya,corridor,ru
0.7,https://rateships.com/ru/shipping/italiya-v-rossiya,corridor,ru
0.7,https://rateships.com/ru/shipping/kanada-v-rossiya,corridor,ru
0.7,https://rateships.com/ru/shipping/kitaj-v-rossiya,corridor,ru
0.7,https://rateships.com/ru/shipping/meksika-v-rossiya,corridor,ru
0.7,https://rateships.com/ru/shipping/niderlandy-v-rossiya,corridor,ru
0.7,https://rateships.com/ru/shipping/rossiya-v-avstraliya,corridor,ru
0.7,https://rateships.com/ru/shipping/rossiya-v-braziliya,corridor,ru
0.7,https://rateships.com/ru/shipping/rossiya-v-franciya,corridor,ru
0.7,https://rateships.com/ru/shipping/rossiya-v-germaniya,corridor,ru
0.7,https://rateships.com/ru/shipping/rossiya-v-indiya,corridor,ru
0.7,https://rateships.com/ru/shipping/rossiya-v-indoneziya,corridor,ru
0.7,https://rateships.com/ru/shipping/rossiya-v-ispaniya,corridor,ru
0.7,https://rateships.com/ru/shipping/rossiya-v-italiya,corridor,ru
0.7,https://rateships.com/ru/shipping/rossiya-v-kanada,corridor,ru
0.7,https://rateships.com/ru/shipping/rossiya-v-kitaj,corridor,ru
0.7,https://rateships.com/ru/shipping/rossiya-v-meksika,corridor,ru
0.7,https://rateships.com/ru/shipping/rossiya-v-niderlandy,corridor,ru
0.7,https://rateships.com/ru/shipping/rossiya-v-saudovskaya-araviya,corridor,ru
0.7,https://rateships.com/ru/shipping/rossiya-v-shvejcariya,corridor,ru
0.7,https://rateships.com/ru/shipping/rossiya-v-ssha,corridor,ru
0.7,https://rateships.com/ru/shipping/rossiya-v-turciya,corridor,ru
0.7,https://rateships.com/ru/shipping/rossiya-v-velikobritaniya,corridor,ru
0.7,https://rateships.com/ru/shipping/rossiya-v-yaponiya,corridor,ru
0.7,https://rateships.com/ru/shipping/rossiya-v-yuzhnaya-koreya,corridor,ru
0.7,https://rateships.com/ru/shipping/saudovskaya-araviya-v-rossiya,corridor,ru
0.7,https://rateships.com/ru/shipping/shvejcariya-v-rossiya,corridor,ru
0.7,https://rateships.com/ru/shipping/ssha-v-rossiya,corridor,ru
0.7,https://rateships.com/ru/shipping/turciya-v-rossiya,corridor,ru
0.7,https://rateships.com/ru/shipping/velikobritaniya-v-rossiya,corridor,ru
0.7,https://rateships.com/ru/shipping/yaponiya-v-rossiya,corridor,ru
0.7,https://rateships.com/ru/shipping/yuzhnaya-koreya-v-rossiya,corridor,ru
0.7,https://rateships.com/tr/shipping/australia-to-turkey,corridor,tr
0.7,https://rateships.com/tr/shipping/brazil-to-turkey,corridor,tr
0.7,https://rateships.com/tr/shipping/canada-to-turkey,corridor,tr
0.7,https://rateships.com/tr/shipping/china-to-turkey,corridor,tr
0.7,https://rateships.com/tr/shipping/france-to-turkey,corridor,tr
0.7,https://rateships.com/tr/shipping/germany-to-turkey,corridor,tr
0.7,https://rateships.com/tr/shipping/india-to-turkey,corridor,tr
0.7,https://rateships.com/tr/shipping/indonesia-to-turkey,corridor,tr
0.7,https://rateships.com/tr/shipping/italy-to-turkey,corridor,tr
0.7,https://rateships.com/tr/shipping/japan-to-turkey,corridor,tr
0.7,https://rateships.com/tr/shipping/mexico-to-turkey,corridor,tr
0.7,https://rateships.com/tr/shipping/netherlands-to-turkey,corridor,tr
0.7,https://rateships.com/tr/shipping/russia-to-turkey,corridor,tr
0.7,https://rateships.com/tr/shipping/saudi-arabia-to-turkey,corridor,tr
0.7,https://rateships.com/tr/shipping/south-korea-to-turkey,corridor,tr
0.7,https://rateships.com/tr/shipping/spain-to-turkey,corridor,tr
0.7,https://rateships.com/tr/shipping/switzerland-to-turkey,corridor,tr
0.7,https://rateships.com/tr/shipping/turkey-to-australia,corridor,tr
0.7,https://rateships.com/tr/shipping/turkey-to-brazil,corridor,tr
0.7,https://rateships.com/tr/shipping/turkey-to-canada,corridor,tr
0.7,https://rateships.com/tr/shipping/turkey-to-china,corridor,tr
0.7,https://rateships.com/tr/shipping/turkey-to-france,corridor,tr
0.7,https://rateships.com/tr/shipping/turkey-to-germany,corridor,tr
0.7,https://rateships.com/tr/shipping/turkey-to-india,corridor,tr
0.7,https://rateships.com/tr/shipping/turkey-to-indonesia,corridor,tr
0.7,https://rateships.com/tr/shipping/turkey-to-italy,corridor,tr
0.7,https://rateships.com/tr/shipping/turkey-to-japan,corridor,tr
0.7,https://rateships.com/tr/shipping/turkey-to-mexico,corridor,tr
0.7,https://rateships.com/tr/shipping/turkey-to-netherlands,corridor,tr
0.7,https://rateships.com/tr/shipping/turkey-to-russia,corridor,tr
0.7,https://rateships.com/tr/shipping/turkey-to-saudi-arabia,corridor,tr
0.7,https://rateships.com/tr/shipping/turkey-to-south-korea,corridor,tr
0.7,https://rateships.com/tr/shipping/turkey-to-spain,corridor,tr
0.7,https://rateships.com/tr/shipping/turkey-to-switzerland,corridor,tr
0.7,https://rateships.com/tr/shipping/turkey-to-united-kingdom,corridor,tr
0.7,https://rateships.com/tr/shipping/turkey-to-united-states,corridor,tr
0.7,https://rateships.com/tr/shipping/united-kingdom-to-turkey,corridor,tr
0.7,https://rateships.com/tr/shipping/united-states-to-turkey,corridor,tr
0.7,https://rateships.com/zh/shipping/australia-to-china,corridor,zh
0.7,https://rateships.com/zh/shipping/brazil-to-china,corridor,zh
0.7,https://rateships.com/zh/shipping/canada-to-china,corridor,zh
0.7,https://rateships.com/zh/shipping/china-to-australia,corridor,zh
0.7,https://rateships.com/zh/shipping/china-to-brazil,corridor,zh
0.7,https://rateships.com/zh/shipping/china-to-canada,corridor,zh
0.7,https://rateships.com/zh/shipping/china-to-france,corridor,zh
0.7,https://rateships.com/zh/shipping/china-to-germany,corridor,zh
0.7,https://rateships.com/zh/shipping/china-to-india,corridor,zh
0.7,https://rateships.com/zh/shipping/china-to-indonesia,corridor,zh
0.7,https://rateships.com/zh/shipping/china-to-italy,corridor,zh
0.7,https://rateships.com/zh/shipping/china-to-japan,corridor,zh
0.7,https://rateships.com/zh/shipping/china-to-mexico,corridor,zh
0.7,https://rateships.com/zh/shipping/china-to-netherlands,corridor,zh
0.7,https://rateships.com/zh/shipping/china-to-russia,corridor,zh
0.7,https://rateships.com/zh/shipping/china-to-saudi-arabia,corridor,zh
0.7,https://rateships.com/zh/shipping/china-to-south-korea,corridor,zh
0.7,https://rateships.com/zh/shipping/china-to-spain,corridor,zh
0.7,https://rateships.com/zh/shipping/china-to-switzerland,corridor,zh
0.7,https://rateships.com/zh/shipping/china-to-turkey,corridor,zh
0.7,https://rateships.com/zh/shipping/china-to-united-kingdom,corridor,zh
0.7,https://rateships.com/zh/shipping/china-to-united-states,corridor,zh
0.7,https://rateships.com/zh/shipping/france-to-china,corridor,zh
0.7,https://rateships.com/zh/shipping/germany-to-china,corridor,zh
0.7,https://rateships.com/zh/shipping/india-to-china,corridor,zh
0.7,https://rateships.com/zh/shipping/indonesia-to-china,corridor,zh
0.7,https://rateships.com/zh/shipping/italy-to-china,corridor,zh
0.7,https://rateships.com/zh/shipping/japan-to-china,corridor,zh
0.7,https://rateships.com/zh/shipping/mexico-to-china,corridor,zh
0.7,https://rateships.com/zh/shipping/netherlands-to-china,corridor,zh
0.7,https://rateships.com/zh/shipping/russia-to-china,corridor,zh
0.7,https://rateships.com/zh/shipping/saudi-arabia-to-china,corridor,zh
0.7,https://rateships.com/zh/shipping/south-korea-to-china,corridor,zh
0.7,https://rateships.com/zh/shipping/spain-to-china,corridor,zh
0.7,https://rateships.com/zh/shipping/switzerland-to-china,corridor,zh
0.7,https://rateships.com/zh/shipping/turkey-to-china,corridor,zh
0.7,https://rateships.com/zh/shipping/united-kingdom-to-china,corridor,zh
0.7,https://rateships.com/zh/shipping/united-states-to-china,corridor,zh
0.6,https://rateships.com/en/guide,guide,en
0.6,https://rateships.com/en/guide/australia,guide,en
0.6,https://rateships.com/en/guide/brazil,guide,en
0.6,https://rateships.com/en/guide/canada,guide,en
0.6,https://rateships.com/en/guide/china,guide,en
0.6,https://rateships.com/en/guide/france,guide,en
0.6,https://rateships.com/en/guide/germany,guide,en
0.6,https://rateships.com/en/guide/india,guide,en
0.6,https://rateships.com/en/guide/indonesia,guide,en
0.6,https://rateships.com/en/guide/italy,guide,en
0.6,https://rateships.com/en/guide/japan,guide,en
0.6,https://rateships.com/en/guide/mexico,guide,en
0.6,https://rateships.com/en/guide/netherlands,guide,en
0.6,https://rateships.com/en/guide/russia,guide,en
0.6,https://rateships.com/en/guide/saudi-arabia,guide,en
0.6,https://rateships.com/en/guide/south-korea,guide,en
0.6,https://rateships.com/en/guide/spain,guide,en
0.6,https://rateships.com/en/guide/switzerland,guide,en
0.6,https://rateships.com/en/guide/turkey,guide,en
0.6,https://rateships.com/en/guide/united-kingdom,guide,en
0.6,https://rateships.com/en/guide/united-states,guide,en
0.5,https://rateships.com/en/shipping/from/australia,from,en
0.5,https://rateships.com/en/shipping/from/brazil,from,en
0.5,https://rateships.com/en/shipping/from/canada,from,en
0.5,https://rateships.com/en/shipping/from/china,from,en
0.5,https://rateships.com/en/shipping/from/france,from,en
0.5,https://rateships.com/en/shipping/from/germany,from,en
0.5,https://rateships.com/en/shipping/from/india,from,en
0.5,https://rateships.com/en/shipping/from/indonesia,from,en
0.5,https://rateships.com/en/shipping/from/italy,from,en
0.5,https://rateships.com/en/shipping/from/japan,from,en
0.5,https://rateships.com/en/shipping/from/mexico,from,en
0.5,https://rateships.com/en/shipping/from/netherlands,from,en
0.5,https://rateships.com/en/shipping/from/russia,from,en
0.5,https://rateships.com/en/shipping/from/saudi-arabia,from,en
0.5,https://rateships.com/en/shipping/from/south-korea,from,en
0.5,https://rateships.com/en/shipping/from/spain,from,en
0.5,https://rateships.com/en/shipping/from/switzerland,from,en
0.5,https://rateships.com/en/shipping/from/turkey,from,en
0.5,https://rateships.com/en/shipping/from/united-kingdom,from,en
0.5,https://rateships.com/en/shipping/from/united-states,from,en
0.5,https://rateships.com/en/shipping/to/australia,to,en
0.5,https://rateships.com/en/shipping/to/brazil,to,en
0.5,https://rateships.com/en/shipping/to/canada,to,en
0.5,https://rateships.com/en/shipping/to/china,to,en
0.5,https://rateships.com/en/shipping/to/france,to,en
0.5,https://rateships.com/en/shipping/to/germany,to,en
0.5,https://rateships.com/en/shipping/to/india,to,en
0.5,https://rateships.com/en/shipping/to/indonesia,to,en
0.5,https://rateships.com/en/shipping/to/italy,to,en
0.5,https://rateships.com/en/shipping/to/japan,to,en
0.5,https://rateships.com/en/shipping/to/mexico,to,en
0.5,https://rateships.com/en/shipping/to/netherlands,to,en
0.5,https://rateships.com/en/shipping/to/russia,to,en
0.5,https://rateships.com/en/shipping/to/saudi-arabia,to,en
0.5,https://rateships.com/en/shipping/to/south-korea,to,en
0.5,https://rateships.com/en/shipping/to/spain,to,en
0.5,https://rateships.com/en/shipping/to/switzerland,to,en
0.5,https://rateships.com/en/shipping/to/turkey,to,en
0.5,https://rateships.com/en/shipping/to/united-kingdom,to,en
0.5,https://rateships.com/en/shipping/to/united-states,to,en
0.4,https://rateships.com/ar/blog,blog,ar
0.4,https://rateships.com/ar/blog/amazon-fba-international-shipping-guide,blog,ar
0.4,https://rateships.com/ar/blog/best-shipping-apps-for-shopify,blog,ar
0.4,https://rateships.com/ar/blog/best-shipping-carrier-for-etsy-sellers,blog,ar
0.4,https://rateships.com/ar/blog/cheapest-shipping-from-japan,blog,ar
0.4,https://rateships.com/ar/blog/cheapest-way-to-ship-internationally,blog,ar
0.4,https://rateships.com/ar/blog/dhl-vs-fedex-vs-ups-comparison,blog,ar
0.4,https://rateships.com/ar/blog/ecommerce-shipping-tips,blog,ar
0.4,https://rateships.com/ar/blog/eu-customs-reform-2026,blog,ar
0.4,https://rateships.com/ar/blog/how-customs-duties-work,blog,ar
0.4,https://rateships.com/ar/blog/how-to-calculate-shipping-costs,blog,ar
0.4,https://rateships.com/ar/blog/how-to-choose-shipping-carrier,blog,ar
0.4,https://rateships.com/ar/blog/how-to-reduce-customs-duties,blog,ar
0.4,https://rateships.com/ar/blog/how-to-ship-food-internationally,blog,ar
0.4,https://rateships.com/ar/blog/how-to-ship-packages-to-europe,blog,ar
0.4,https://rateships.com/ar/blog/how-to-track-international-packages,blog,ar
0.4,https://rateships.com/ar/blog/international-shipping-for-small-business,blog,ar
0.4,https://rateships.com/ar/blog/middle-east-ecommerce-shipping,blog,ar
0.4,https://rateships.com/ar/blog/prohibited-items-international-shipping,blog,ar
0.4,https://rateships.com/ar/blog/shipping-electronics-internationally,blog,ar
0.4,https://rateships.com/ar/blog/shipping-fragile-items-guide,blog,ar
0.4,https://rateships.com/ar/blog/shipping-from-china-guide,blog,ar
0.4,https://rateships.com/ar/blog/shipping-from-china-to-usa-2026,blog,ar
0.4,https://rateships.com/ar/blog/shipping-from-korea-kpop-merch,blog,ar
0.4,https://rateships.com/ar/blog/shipping-from-turkey-guide,blog,ar
0.4,https://rateships.com/ar/blog/shipping-from-usa-to-uk,blog,ar
0.4,https://rateships.com/ar/blog/shipping-returns-internationally,blog,ar
0.4,https://rateships.com/ar/blog/shipping-to-australia-guide,blog,ar
0.4,https://rateships.com/ar/blog/shipping-to-europe-from-usa,blog,ar
0.4,https://rateships.com/ar/blog/shipping-to-russia-sanctions-2026,blog,ar
0.4,https://rateships.com/ar/blog/volumetric-weight-explained,blog,ar
0.4,https://rateships.com/de/blog,blog,de
0.4,https://rateships.com/de/blog/amazon-fba-international-shipping-guide,blog,de
0.4,https://rateships.com/de/blog/best-shipping-apps-for-shopify,blog,de
0.4,https://rateships.com/de/blog/best-shipping-carrier-for-etsy-sellers,blog,de
0.4,https://rateships.com/de/blog/cheapest-shipping-from-japan,blog,de
0.4,https://rateships.com/de/blog/cheapest-way-to-ship-internationally,blog,de
0.4,https://rateships.com/de/blog/dhl-vs-fedex-vs-ups-comparison,blog,de
0.4,https://rateships.com/de/blog/ecommerce-shipping-tips,blog,de
0.4,https://rateships.com/de/blog/eu-customs-reform-2026,blog,de
0.4,https://rateships.com/de/blog/how-customs-duties-work,blog,de
0.4,https://rateships.com/de/blog/how-to-calculate-shipping-costs,blog,de
0.4,https://rateships.com/de/blog/how-to-choose-shipping-carrier,blog,de
0.4,https://rateships.com/de/blog/how-to-reduce-customs-duties,blog,de
0.4,https://rateships.com/de/blog/how-to-ship-food-internationally,blog,de
0.4,https://rateships.com/de/blog/how-to-ship-packages-to-europe,blog,de
0.4,https://rateships.com/de/blog/how-to-track-international-packages,blog,de
0.4,https://rateships.com/de/blog/international-shipping-for-small-business,blog,de
0.4,https://rateships.com/de/blog/middle-east-ecommerce-shipping,blog,de
0.4,https://rateships.com/de/blog/prohibited-items-international-shipping,blog,de
0.4,https://rateships.com/de/blog/shipping-electronics-internationally,blog,de
0.4,https://rateships.com/de/blog/shipping-fragile-items-guide,blog,de
0.4,https://rateships.com/de/blog/shipping-from-china-guide,blog,de
0.4,https://rateships.com/de/blog/shipping-from-china-to-usa-2026,blog,de
0.4,https://rateships.com/de/blog/shipping-from-korea-kpop-merch,blog,de
0.4,https://rateships.com/de/blog/shipping-from-turkey-guide,blog,de
0.4,https://rateships.com/de/blog/shipping-from-usa-to-uk,blog,de
0.4,https://rateships.com/de/blog/shipping-returns-internationally,blog,de
0.4,https://rateships.com/de/blog/shipping-to-australia-guide,blog,de
0.4,https://rateships.com/de/blog/shipping-to-europe-from-usa,blog,de
0.4,https://rateships.com/de/blog/shipping-to-russia-sanctions-2026,blog,de
0.4,https://rateships.com/de/blog/volumetric-weight-explained,blog,de
0.4,https://rateships.com/en/blog,blog,en
0.4,https://rateships.com/en/blog/amazon-fba-international-shipping-guide,blog,en
0.4,https://rateships.com/en/blog/best-shipping-apps-for-shopify,blog,en
0.4,https://rateships.com/en/blog/best-shipping-carrier-for-etsy-sellers,blog,en
0.4,https://rateships.com/en/blog/cheapest-shipping-from-japan,blog,en
0.4,https://rateships.com/en/blog/cheapest-way-to-ship-internationally,blog,en
0.4,https://rateships.com/en/blog/dhl-vs-fedex-vs-ups-comparison,blog,en
0.4,https://rateships.com/en/blog/ecommerce-shipping-tips,blog,en
0.4,https://rateships.com/en/blog/eu-customs-reform-2026,blog,en
0.4,https://rateships.com/en/blog/how-customs-duties-work,blog,en
0.4,https://rateships.com/en/blog/how-to-calculate-shipping-costs,blog,en
0.4,https://rateships.com/en/blog/how-to-choose-shipping-carrier,blog,en
0.4,https://rateships.com/en/blog/how-to-reduce-customs-duties,blog,en
0.4,https://rateships.com/en/blog/how-to-ship-food-internationally,blog,en
0.4,https://rateships.com/en/blog/how-to-ship-packages-to-europe,blog,en
0.4,https://rateships.com/en/blog/how-to-track-international-packages,blog,en
0.4,https://rateships.com/en/blog/international-shipping-for-small-business,blog,en
0.4,https://rateships.com/en/blog/middle-east-ecommerce-shipping,blog,en
0.4,https://rateships.com/en/blog/prohibited-items-international-shipping,blog,en
0.4,https://rateships.com/en/blog/shipping-electronics-internationally,blog,en
0.4,https://rateships.com/en/blog/shipping-fragile-items-guide,blog,en
0.4,https://rateships.com/en/blog/shipping-from-china-guide,blog,en
0.4,https://rateships.com/en/blog/shipping-from-china-to-usa-2026,blog,en
0.4,https://rateships.com/en/blog/shipping-from-korea-kpop-merch,blog,en
0.4,https://rateships.com/en/blog/shipping-from-turkey-guide,blog,en
0.4,https://rateships.com/en/blog/shipping-from-usa-to-uk,blog,en
0.4,https://rateships.com/en/blog/shipping-returns-internationally,blog,en
0.4,https://rateships.com/en/blog/shipping-to-australia-guide,blog,en
0.4,https://rateships.com/en/blog/shipping-to-europe-from-usa,blog,en
0.4,https://rateships.com/en/blog/shipping-to-russia-sanctions-2026,blog,en
0.4,https://rateships.com/en/blog/volumetric-weight-explained,blog,en
0.4,https://rateships.com/es/blog,blog,es
0.4,https://rateships.com/es/blog/amazon-fba-international-shipping-guide,blog,es
0.4,https://rateships.com/es/blog/best-shipping-apps-for-shopify,blog,es
0.4,https://rateships.com/es/blog/best-shipping-carrier-for-etsy-sellers,blog,es
0.4,https://rateships.com/es/blog/cheapest-shipping-from-japan,blog,es
0.4,https://rateships.com/es/blog/cheapest-way-to-ship-internationally,blog,es
0.4,https://rateships.com/es/blog/dhl-vs-fedex-vs-ups-comparison,blog,es
0.4,https://rateships.com/es/blog/ecommerce-shipping-tips,blog,es
0.4,https://rateships.com/es/blog/eu-customs-reform-2026,blog,es
0.4,https://rateships.com/es/blog/how-customs-duties-work,blog,es
0.4,https://rateships.com/es/blog/how-to-calculate-shipping-costs,blog,es
0.4,https://rateships.com/es/blog/how-to-choose-shipping-carrier,blog,es
0.4,https://rateships.com/es/blog/how-to-reduce-customs-duties,blog,es
0.4,https://rateships.com/es/blog/how-to-ship-food-internationally,blog,es
0.4,https://rateships.com/es/blog/how-to-ship-packages-to-europe,blog,es
0.4,https://rateships.com/es/blog/how-to-track-international-packages,blog,es
0.4,https://rateships.com/es/blog/international-shipping-for-small-business,blog,es
0.4,https://rateships.com/es/blog/middle-east-ecommerce-shipping,blog,es
0.4,https://rateships.com/es/blog/prohibited-items-international-shipping,blog,es
0.4,https://rateships.com/es/blog/shipping-electronics-internationally,blog,es
0.4,https://rateships.com/es/blog/shipping-fragile-items-guide,blog,es
0.4,https://rateships.com/es/blog/shipping-from-china-guide,blog,es
0.4,https://rateships.com/es/blog/shipping-from-china-to-usa-2026,blog,es
0.4,https://rateships.com/es/blog/shipping-from-korea-kpop-merch,blog,es
0.4,https://rateships.com/es/blog/shipping-from-turkey-guide,blog,es
0.4,https://rateships.com/es/blog/shipping-from-usa-to-uk,blog,es
0.4,https://rateships.com/es/blog/shipping-returns-internationally,blog,es
0.4,https://rateships.com/es/blog/shipping-to-australia-guide,blog,es
0.4,https://rateships.com/es/blog/shipping-to-europe-from-usa,blog,es
0.4,https://rateships.com/es/blog/shipping-to-russia-sanctions-2026,blog,es
0.4,https://rateships.com/es/blog/volumetric-weight-explained,blog,es
0.4,https://rateships.com/fr/blog,blog,fr
0.4,https://rateships.com/fr/blog/amazon-fba-international-shipping-guide,blog,fr
0.4,https://rateships.com/fr/blog/best-shipping-apps-for-shopify,blog,fr
0.4,https://rateships.com/fr/blog/best-shipping-carrier-for-etsy-sellers,blog,fr
0.4,https://rateships.com/fr/blog/cheapest-shipping-from-japan,blog,fr
0.4,https://rateships.com/fr/blog/cheapest-way-to-ship-internationally,blog,fr
0.4,https://rateships.com/fr/blog/dhl-vs-fedex-vs-ups-comparison,blog,fr
0.4,https://rateships.com/fr/blog/ecommerce-shipping-tips,blog,fr
0.4,https://rateships.com/fr/blog/eu-customs-reform-2026,blog,fr
0.4,https://rateships.com/fr/blog/how-customs-duties-work,blog,fr
0.4,https://rateships.com/fr/blog/how-to-calculate-shipping-costs,blog,fr
0.4,https://rateships.com/fr/blog/how-to-choose-shipping-carrier,blog,fr
0.4,https://rateships.com/fr/blog/how-to-reduce-customs-duties,blog,fr
0.4,https://rateships.com/fr/blog/how-to-ship-food-internationally,blog,fr
0.4,https://rateships.com/fr/blog/how-to-ship-packages-to-europe,blog,fr
0.4,https://rateships.com/fr/blog/how-to-track-international-packages,blog,fr
0.4,https://rateships.com/fr/blog/international-shipping-for-small-business,blog,fr
0.4,https://rateships.com/fr/blog/middle-east-ecommerce-shipping,blog,fr
0.4,https://rateships.com/fr/blog/prohibited-items-international-shipping,blog,fr
0.4,https://rateships.com/fr/blog/shipping-electronics-internationally,blog,fr
0.4,https://rateships.com/fr/blog/shipping-fragile-items-guide,blog,fr
0.4,https://rateships.com/fr/blog/shipping-from-china-guide,blog,fr
0.4,https://rateships.com/fr/blog/shipping-from-china-to-usa-2026,blog,fr
0.4,https://rateships.com/fr/blog/shipping-from-korea-kpop-merch,blog,fr
0.4,https://rateships.com/fr/blog/shipping-from-turkey-guide,blog,fr
0.4,https://rateships.com/fr/blog/shipping-from-usa-to-uk,blog,fr
0.4,https://rateships.com/fr/blog/shipping-returns-internationally,blog,fr
0.4,https://rateships.com/fr/blog/shipping-to-australia-guide,blog,fr
0.4,https://rateships.com/fr/blog/shipping-to-europe-from-usa,blog,fr
0.4,https://rateships.com/fr/blog/shipping-to-russia-sanctions-2026,blog,fr
0.4,https://rateships.com/fr/blog/volumetric-weight-explained,blog,fr
0.4,https://rateships.com/it/blog,blog,it
0.4,https://rateships.com/it/blog/amazon-fba-international-shipping-guide,blog,it
0.4,https://rateships.com/it/blog/best-shipping-apps-for-shopify,blog,it
0.4,https://rateships.com/it/blog/best-shipping-carrier-for-etsy-sellers,blog,it
0.4,https://rateships.com/it/blog/cheapest-shipping-from-japan,blog,it
0.4,https://rateships.com/it/blog/cheapest-way-to-ship-internationally,blog,it
0.4,https://rateships.com/it/blog/dhl-vs-fedex-vs-ups-comparison,blog,it
0.4,https://rateships.com/it/blog/ecommerce-shipping-tips,blog,it
0.4,https://rateships.com/it/blog/eu-customs-reform-2026,blog,it
0.4,https://rateships.com/it/blog/how-customs-duties-work,blog,it
0.4,https://rateships.com/it/blog/how-to-calculate-shipping-costs,blog,it
0.4,https://rateships.com/it/blog/how-to-choose-shipping-carrier,blog,it
0.4,https://rateships.com/it/blog/how-to-reduce-customs-duties,blog,it
0.4,https://rateships.com/it/blog/how-to-ship-food-internationally,blog,it
0.4,https://rateships.com/it/blog/how-to-ship-packages-to-europe,blog,it
0.4,https://rateships.com/it/blog/how-to-track-international-packages,blog,it
0.4,https://rateships.com/it/blog/international-shipping-for-small-business,blog,it
0.4,https://rateships.com/it/blog/middle-east-ecommerce-shipping,blog,it
0.4,https://rateships.com/it/blog/prohibited-items-international-shipping,blog,it
0.4,https://rateships.com/it/blog/shipping-electronics-internationally,blog,it
0.4,https://rateships.com/it/blog/shipping-fragile-items-guide,blog,it
0.4,https://rateships.com/it/blog/shipping-from-china-guide,blog,it
0.4,https://rateships.com/it/blog/shipping-from-china-to-usa-2026,blog,it
0.4,https://rateships.com/it/blog/shipping-from-korea-kpop-merch,blog,it
0.4,https://rateships.com/it/blog/shipping-from-turkey-guide,blog,it
0.4,https://rateships.com/it/blog/shipping-from-usa-to-uk,blog,it
0.4,https://rateships.com/it/blog/shipping-returns-internationally,blog,it
0.4,https://rateships.com/it/blog/shipping-to-australia-guide,blog,it
0.4,https://rateships.com/it/blog/shipping-to-europe-from-usa,blog,it
0.4,https://rateships.com/it/blog/shipping-to-russia-sanctions-2026,blog,it
0.4,https://rateships.com/it/blog/volumetric-weight-explained,blog,it
0.4,https://rateships.com/ja/blog,blog,ja
0.4,https://rateships.com/ja/blog/amazon-fba-international-shipping-guide,blog,ja
0.4,https://rateships.com/ja/blog/best-shipping-apps-for-shopify,blog,ja
0.4,https://rateships.com/ja/blog/best-shipping-carrier-for-etsy-sellers,blog,ja
0.4,https://rateships.com/ja/blog/cheapest-shipping-from-japan,blog,ja
0.4,https://rateships.com/ja/blog/cheapest-way-to-ship-internationally,blog,ja
0.4,https://rateships.com/ja/blog/dhl-vs-fedex-vs-ups-comparison,blog,ja
0.4,https://rateships.com/ja/blog/ecommerce-shipping-tips,blog,ja
0.4,https://rateships.com/ja/blog/eu-customs-reform-2026,blog,ja
0.4,https://rateships.com/ja/blog/how-customs-duties-work,blog,ja
0.4,https://rateships.com/ja/blog/how-to-calculate-shipping-costs,blog,ja
0.4,https://rateships.com/ja/blog/how-to-choose-shipping-carrier,blog,ja
0.4,https://rateships.com/ja/blog/how-to-reduce-customs-duties,blog,ja
0.4,https://rateships.com/ja/blog/how-to-ship-food-internationally,blog,ja
0.4,https://rateships.com/ja/blog/how-to-ship-packages-to-europe,blog,ja
0.4,https://rateships.com/ja/blog/how-to-track-international-packages,blog,ja
0.4,https://rateships.com/ja/blog/international-shipping-for-small-business,blog,ja
0.4,https://rateships.com/ja/blog/middle-east-ecommerce-shipping,blog,ja
0.4,https://rateships.com/ja/blog/prohibited-items-international-shipping,blog,ja
0.4,https://rateships.com/ja/blog/shipping-electronics-internationally,blog,ja
0.4,https://rateships.com/ja/blog/shipping-fragile-items-guide,blog,ja
0.4,https://rateships.com/ja/blog/shipping-from-china-guide,blog,ja
0.4,https://rateships.com/ja/blog/shipping-from-china-to-usa-2026,blog,ja
0.4,https://rateships.com/ja/blog/shipping-from-korea-kpop-merch,blog,ja
0.4,https://rateships.com/ja/blog/shipping-from-turkey-guide,blog,ja
0.4,https://rateships.com/ja/blog/shipping-from-usa-to-uk,blog,ja
0.4,https://rateships.com/ja/blog/shipping-returns-internationally,blog,ja
0.4,https://rateships.com/ja/blog/shipping-to-australia-guide,blog,ja
0.4,https://rateships.com/ja/blog/shipping-to-europe-from-usa,blog,ja
0.4,https://rateships.com/ja/blog/shipping-to-russia-sanctions-2026,blog,ja
0.4,https://rateships.com/ja/blog/volumetric-weight-explained,blog,ja
0.4,https://rateships.com/ko/blog,blog,ko
0.4,https://rateships.com/ko/blog/amazon-fba-international-shipping-guide,blog,ko
0.4,https://rateships.com/ko/blog/best-shipping-apps-for-shopify,blog,ko
0.4,https://rateships.com/ko/blog/best-shipping-carrier-for-etsy-sellers,blog,ko
0.4,https://rateships.com/ko/blog/cheapest-shipping-from-japan,blog,ko
0.4,https://rateships.com/ko/blog/cheapest-way-to-ship-internationally,blog,ko
0.4,https://rateships.com/ko/blog/dhl-vs-fedex-vs-ups-comparison,blog,ko
0.4,https://rateships.com/ko/blog/ecommerce-shipping-tips,blog,ko
0.4,https://rateships.com/ko/blog/eu-customs-reform-2026,blog,ko
0.4,https://rateships.com/ko/blog/how-customs-duties-work,blog,ko
0.4,https://rateships.com/ko/blog/how-to-calculate-shipping-costs,blog,ko
0.4,https://rateships.com/ko/blog/how-to-choose-shipping-carrier,blog,ko
0.4,https://rateships.com/ko/blog/how-to-reduce-customs-duties,blog,ko
0.4,https://rateships.com/ko/blog/how-to-ship-food-internationally,blog,ko
0.4,https://rateships.com/ko/blog/how-to-ship-packages-to-europe,blog,ko
0.4,https://rateships.com/ko/blog/how-to-track-international-packages,blog,ko
0.4,https://rateships.com/ko/blog/international-shipping-for-small-business,blog,ko
0.4,https://rateships.com/ko/blog/middle-east-ecommerce-shipping,blog,ko
0.4,https://rateships.com/ko/blog/prohibited-items-international-shipping,blog,ko
0.4,https://rateships.com/ko/blog/shipping-electronics-internationally,blog,ko
0.4,https://rateships.com/ko/blog/shipping-fragile-items-guide,blog,ko
0.4,https://rateships.com/ko/blog/shipping-from-china-guide,blog,ko
0.4,https://rateships.com/ko/blog/shipping-from-china-to-usa-2026,blog,ko
0.4,https://rateships.com/ko/blog/shipping-from-korea-kpop-merch,blog,ko
0.4,https://rateships.com/ko/blog/shipping-from-turkey-guide,blog,ko
0.4,https://rateships.com/ko/blog/shipping-from-usa-to-uk,blog,ko
0.4,https://rateships.com/ko/blog/shipping-returns-internationally,blog,ko
0.4,https://rateships.com/ko/blog/shipping-to-australia-guide,blog,ko
0.4,https://rateships.com/ko/blog/shipping-to-europe-from-usa,blog,ko
0.4,https://rateships.com/ko/blog/shipping-to-russia-sanctions-2026,blog,ko
0.4,https://rateships.com/ko/blog/volumetric-weight-explained,blog,ko
0.4,https://rateships.com/pt/blog,blog,pt
0.4,https://rateships.com/pt/blog/amazon-fba-international-shipping-guide,blog,pt
0.4,https://rateships.com/pt/blog/best-shipping-apps-for-shopify,blog,pt
0.4,https://rateships.com/pt/blog/best-shipping-carrier-for-etsy-sellers,blog,pt
0.4,https://rateships.com/pt/blog/cheapest-shipping-from-japan,blog,pt
0.4,https://rateships.com/pt/blog/cheapest-way-to-ship-internationally,blog,pt
0.4,https://rateships.com/pt/blog/dhl-vs-fedex-vs-ups-comparison,blog,pt
0.4,https://rateships.com/pt/blog/ecommerce-shipping-tips,blog,pt
0.4,https://rateships.com/pt/blog/eu-customs-reform-2026,blog,pt
0.4,https://rateships.com/pt/blog/how-customs-duties-work,blog,pt
0.4,https://rateships.com/pt/blog/how-to-calculate-shipping-costs,blog,pt
0.4,https://rateships.com/pt/blog/how-to-choose-shipping-carrier,blog,pt
0.4,https://rateships.com/pt/blog/how-to-reduce-customs-duties,blog,pt
0.4,https://rateships.com/pt/blog/how-to-ship-food-internationally,blog,pt
0.4,https://rateships.com/pt/blog/how-to-ship-packages-to-europe,blog,pt
0.4,https://rateships.com/pt/blog/how-to-track-international-packages,blog,pt
0.4,https://rateships.com/pt/blog/international-shipping-for-small-business,blog,pt
0.4,https://rateships.com/pt/blog/middle-east-ecommerce-shipping,blog,pt
0.4,https://rateships.com/pt/blog/prohibited-items-international-shipping,blog,pt
0.4,https://rateships.com/pt/blog/shipping-electronics-internationally,blog,pt
0.4,https://rateships.com/pt/blog/shipping-fragile-items-guide,blog,pt
0.4,https://rateships.com/pt/blog/shipping-from-china-guide,blog,pt
0.4,https://rateships.com/pt/blog/shipping-from-china-to-usa-2026,blog,pt
0.4,https://rateships.com/pt/blog/shipping-from-korea-kpop-merch,blog,pt
0.4,https://rateships.com/pt/blog/shipping-from-turkey-guide,blog,pt
0.4,https://rateships.com/pt/blog/shipping-from-usa-to-uk,blog,pt
0.4,https://rateships.com/pt/blog/shipping-returns-internationally,blog,pt
0.4,https://rateships.com/pt/blog/shipping-to-australia-guide,blog,pt
0.4,https://rateships.com/pt/blog/shipping-to-europe-from-usa,blog,pt
0.4,https://rateships.com/pt/blog/shipping-to-russia-sanctions-2026,blog,pt
0.4,https://rateships.com/pt/blog/volumetric-weight-explained,blog,pt
0.4,https://rateships.com/ru/blog,blog,ru
0.4,https://rateships.com/ru/blog/amazon-fba-international-shipping-guide,blog,ru
0.4,https://rateships.com/ru/blog/best-shipping-apps-for-shopify,blog,ru
0.4,https://rateships.com/ru/blog/best-shipping-carrier-for-etsy-sellers,blog,ru
0.4,https://rateships.com/ru/blog/cheapest-shipping-from-japan,blog,ru
0.4,https://rateships.com/ru/blog/cheapest-way-to-ship-internationally,blog,ru
0.4,https://rateships.com/ru/blog/dhl-vs-fedex-vs-ups-comparison,blog,ru
0.4,https://rateships.com/ru/blog/ecommerce-shipping-tips,blog,ru
0.4,https://rateships.com/ru/blog/eu-customs-reform-2026,blog,ru
0.4,https://rateships.com/ru/blog/how-customs-duties-work,blog,ru
0.4,https://rateships.com/ru/blog/how-to-calculate-shipping-costs,blog,ru
0.4,https://rateships.com/ru/blog/how-to-choose-shipping-carrier,blog,ru
0.4,https://rateships.com/ru/blog/how-to-reduce-customs-duties,blog,ru
0.4,https://rateships.com/ru/blog/how-to-ship-food-internationally,blog,ru
0.4,https://rateships.com/ru/blog/how-to-ship-packages-to-europe,blog,ru
0.4,https://rateships.com/ru/blog/how-to-track-international-packages,blog,ru
0.4,https://rateships.com/ru/blog/international-shipping-for-small-business,blog,ru
0.4,https://rateships.com/ru/blog/middle-east-ecommerce-shipping,blog,ru
0.4,https://rateships.com/ru/blog/prohibited-items-international-shipping,blog,ru
0.4,https://rateships.com/ru/blog/shipping-electronics-internationally,blog,ru
0.4,https://rateships.com/ru/blog/shipping-fragile-items-guide,blog,ru
0.4,https://rateships.com/ru/blog/shipping-from-china-guide,blog,ru
0.4,https://rateships.com/ru/blog/shipping-from-china-to-usa-2026,blog,ru
0.4,https://rateships.com/ru/blog/shipping-from-korea-kpop-merch,blog,ru
0.4,https://rateships.com/ru/blog/shipping-from-turkey-guide,blog,ru
0.4,https://rateships.com/ru/blog/shipping-from-usa-to-uk,blog,ru
0.4,https://rateships.com/ru/blog/shipping-returns-internationally,blog,ru
0.4,https://rateships.com/ru/blog/shipping-to-australia-guide,blog,ru
0.4,https://rateships.com/ru/blog/shipping-to-europe-from-usa,blog,ru
0.4,https://rateships.com/ru/blog/shipping-to-russia-sanctions-2026,blog,ru
0.4,https://rateships.com/ru/blog/volumetric-weight-explained,blog,ru
0.4,https://rateships.com/tr/blog,blog,tr
0.4,https://rateships.com/tr/blog/amazon-fba-international-shipping-guide,blog,tr
0.4,https://rateships.com/tr/blog/best-shipping-apps-for-shopify,blog,tr
0.4,https://rateships.com/tr/blog/best-shipping-carrier-for-etsy-sellers,blog,tr
0.4,https://rateships.com/tr/blog/cheapest-shipping-from-japan,blog,tr
0.4,https://rateships.com/tr/blog/cheapest-way-to-ship-internationally,blog,tr
0.4,https://rateships.com/tr/blog/dhl-vs-fedex-vs-ups-comparison,blog,tr
0.4,https://rateships.com/tr/blog/ecommerce-shipping-tips,blog,tr
0.4,https://rateships.com/tr/blog/eu-customs-reform-2026,blog,tr
0.4,https://rateships.com/tr/blog/how-customs-duties-work,blog,tr
0.4,https://rateships.com/tr/blog/how-to-calculate-shipping-costs,blog,tr
0.4,https://rateships.com/tr/blog/how-to-choose-shipping-carrier,blog,tr
0.4,https://rateships.com/tr/blog/how-to-reduce-customs-duties,blog,tr
0.4,https://rateships.com/tr/blog/how-to-ship-food-internationally,blog,tr
0.4,https://rateships.com/tr/blog/how-to-ship-packages-to-europe,blog,tr
0.4,https://rateships.com/tr/blog/how-to-track-international-packages,blog,tr
0.4,https://rateships.com/tr/blog/international-shipping-for-small-business,blog,tr
0.4,https://rateships.com/tr/blog/middle-east-ecommerce-shipping,blog,tr
0.4,https://rateships.com/tr/blog/prohibited-items-international-shipping,blog,tr
0.4,https://rateships.com/tr/blog/shipping-electronics-internationally,blog,tr
0.4,https://rateships.com/tr/blog/shipping-fragile-items-guide,blog,tr
0.4,https://rateships.com/tr/blog/shipping-from-china-guide,blog,tr
0.4,https://rateships.com/tr/blog/shipping-from-china-to-usa-2026,blog,tr
0.4,https://rateships.com/tr/blog/shipping-from-korea-kpop-merch,blog,tr
0.4,https://rateships.com/tr/blog/shipping-from-turkey-guide,blog,tr
0.4,https://rateships.com/tr/blog/shipping-from-usa-to-uk,blog,tr
0.4,https://rateships.com/tr/blog/shipping-returns-internationally,blog,tr
0.4,https://rateships.com/tr/blog/shipping-to-australia-guide,blog,tr
0.4,https://rateships.com/tr/blog/shipping-to-europe-from-usa,blog,tr
0.4,https://rateships.com/tr/blog/shipping-to-russia-sanctions-2026,blog,tr
0.4,https://rateships.com/tr/blog/volumetric-weight-explained,blog,tr
0.4,https://rateships.com/zh/blog,blog,zh
0.4,https://rateships.com/zh/blog/amazon-fba-international-shipping-guide,blog,zh
0.4,https://rateships.com/zh/blog/best-shipping-apps-for-shopify,blog,zh
0.4,https://rateships.com/zh/blog/best-shipping-carrier-for-etsy-sellers,blog,zh
0.4,https://rateships.com/zh/blog/cheapest-shipping-from-japan,blog,zh
0.4,https://rateships.com/zh/blog/cheapest-way-to-ship-internationally,blog,zh
0.4,https://rateships.com/zh/blog/dhl-vs-fedex-vs-ups-comparison,blog,zh
0.4,https://rateships.com/zh/blog/ecommerce-shipping-tips,blog,zh
0.4,https://rateships.com/zh/blog/eu-customs-reform-2026,blog,zh
0.4,https://rateships.com/zh/blog/how-customs-duties-work,blog,zh
0.4,https://rateships.com/zh/blog/how-to-calculate-shipping-costs,blog,zh
0.4,https://rateships.com/zh/blog/how-to-choose-shipping-carrier,blog,zh
0.4,https://rateships.com/zh/blog/how-to-reduce-customs-duties,blog,zh
0.4,https://rateships.com/zh/blog/how-to-ship-food-internationally,blog,zh
0.4,https://rateships.com/zh/blog/how-to-ship-packages-to-europe,blog,zh
0.4,https://rateships.com/zh/blog/how-to-track-international-packages,blog,zh
0.4,https://rateships.com/zh/blog/international-shipping-for-small-business,blog,zh
0.4,https://rateships.com/zh/blog/middle-east-ecommerce-shipping,blog,zh
0.4,https://rateships.com/zh/blog/prohibited-items-international-shipping,blog,zh
0.4,https://rateships.com/zh/blog/shipping-electronics-internationally,blog,zh
0.4,https://rateships.com/zh/blog/shipping-fragile-items-guide,blog,zh
0.4,https://rateships.com/zh/blog/shipping-from-china-guide,blog,zh
0.4,https://rateships.com/zh/blog/shipping-from-china-to-usa-2026,blog,zh
0.4,https://rateships.com/zh/blog/shipping-from-korea-kpop-merch,blog,zh
0.4,https://rateships.com/zh/blog/shipping-from-turkey-guide,blog,zh
0.4,https://rateships.com/zh/blog/shipping-from-usa-to-uk,blog,zh
0.4,https://rateships.com/zh/blog/shipping-returns-internationally,blog,zh
0.4,https://rateships.com/zh/blog/shipping-to-australia-guide,blog,zh
0.4,https://rateships.com/zh/blog/shipping-to-europe-from-usa,blog,zh
0.4,https://rateships.com/zh/blog/shipping-to-russia-sanctions-2026,blog,zh
0.4,https://rateships.com/zh/blog/volumetric-weight-explained,blog,zh
0.35,https://rateships.com/en/carriers,carrier,en
0.35,https://rateships.com/en/carriers/aramex,carrier,en
0.35,https://rateships.com/en/carriers/china-post,carrier,en
0.35,https://rateships.com/en/carriers/dhl-express,carrier,en
0.35,https://rateships.com/en/carriers/ems,carrier,en
0.35,https://rateships.com/en/carriers/fedex,carrier,en
0.35,https://rateships.com/en/carriers/japan-post,carrier,en
0.35,https://rateships.com/en/carriers/royal-mail,carrier,en
0.35,https://rateships.com/en/carriers/sf-express,carrier,en
0.35,https://rateships.com/en/carriers/ups,carrier,en
0.35,https://rateships.com/en/carriers/usps,carrier,en
0.3,https://rateships.com/ar/guide/saudi-arabia,guide,ar
0.3,https://rateships.com/ar/shipping/australia-to-egypt,corridor,ar
0.3,https://rateships.com/ar/shipping/australia-to-united-arab-emirates,corridor,ar
0.3,https://rateships.com/ar/shipping/austria-to-egypt,corridor,ar
0.3,https://rateships.com/ar/shipping/austria-to-saudi-arabia,corridor,ar
0.3,https://rateships.com/ar/shipping/austria-to-united-arab-emirates,corridor,ar
0.3,https://rateships.com/ar/shipping/belgium-to-egypt,corridor,ar
0.3,https://rateships.com/ar/shipping/belgium-to-saudi-arabia,corridor,ar
0.3,https://rateships.com/ar/shipping/belgium-to-united-arab-emirates,corridor,ar
0.3,https://rateships.com/ar/shipping/brazil-to-egypt,corridor,ar
0.3,https://rateships.com/ar/shipping/brazil-to-united-arab-emirates,corridor,ar
0.3,https://rateships.com/ar/shipping/canada-to-egypt,corridor,ar
0.3,https://rateships.com/ar/shipping/canada-to-united-arab-emirates,corridor,ar
0.3,https://rateships.com/ar/shipping/chile-to-egypt,corridor,ar
0.3,https://rateships.com/ar/shipping/chile-to-saudi-arabia,corridor,ar
0.3,https://rateships.com/ar/shipping/chile-to-united-arab-emirates,corridor,ar
0.3,https://rateships.com/ar/shipping/china-to-egypt,corridor,ar
0.3,https://rateships.com/ar/shipping/china-to-united-arab-emirates,corridor,ar
0.3,https://rateships.com/ar/shipping/colombia-to-egypt,corridor,ar
0.3,https://rateships.com/ar/shipping/colombia-to-saudi-arabia,corridor,ar
0.3,https://rateships.com/ar/shipping/colombia-to-united-arab-emirates,corridor,ar
0.3,https://rateships.com/ar/shipping/czechia-to-egypt,corridor,ar
0.3,https://rateships.com/ar/shipping/czechia-to-saudi-arabia,corridor,ar
0.3,https://rateships.com/ar/shipping/czechia-to-united-arab-emirates,corridor,ar
0.3,https://rateships.com/ar/shipping/denmark-to-egypt,corridor,ar
0.3,https://rateships.com/ar/shipping/denmark-to-saudi-arabia,corridor,ar
0.3,https://rateships.com/ar/shipping/denmark-to-united-arab-emirates,corridor,ar
0.3,https://rateships.com/ar/shipping/egypt-to-australia,corridor,ar
0.3,https://rateships.com/ar/shipping/egypt-to-austria,corridor,ar
0.3,https://rateships.com/ar/shipping/egypt-to-belgium,corridor,ar
0.3,https://rateships.com/ar/shipping/egypt-to-brazil,corridor,ar
0.3,https://rateships.com/ar/shipping/egypt-to-canada,corridor,ar
0.3,https://rateships.com/ar/shipping/egypt-to-chile,corridor,ar
0.3,https://rateships.com/ar/shipping/egypt-to-china,corridor,ar
0.3,https://rateships.com/ar/shipping/egypt-to-colombia,corridor,ar
0.3,https://rateships.com/ar/shipping/egypt-to-czechia,corridor,ar
0.3,https://rateships.com/ar/shipping/egypt-to-denmark,corridor,ar
0.3,https://rateships.com/ar/shipping/egypt-to-finland,corridor,ar
0.3,https://rateships.com/ar/shipping/egypt-to-france,corridor,ar
0.3,https://rateships.com/ar/shipping/egypt-to-germany,corridor,ar
0.3,https://rateships.com/ar/shipping/egypt-to-greece,corridor,ar
0.3,https://rateships.com/ar/shipping/egypt-to-hong-kong,corridor,ar
0.3,https://rateships.com/ar/shipping/egypt-to-hungary,corridor,ar
0.3,https://rateships.com/ar/shipping/egypt-to-india,corridor,ar
0.3,https://rateships.com/ar/shipping/egypt-to-indonesia,corridor,ar
0.3,https://rateships.com/ar/shipping/egypt-to-ireland,corridor,ar
0.3,https://rateships.com/ar/shipping/egypt-to-israel,corridor,ar
0.3,https://rateships.com/ar/shipping/egypt-to-italy,corridor,ar
0.3,https://rateships.com/ar/shipping/egypt-to-japan,corridor,ar
0.3,https://rateships.com/ar/shipping/egypt-to-kazakhstan,corridor,ar
0.3,https://rateships.com/ar/shipping/egypt-to-malaysia,corridor,ar
0.3,https://rateships.com/ar/shipping/egypt-to-mexico,corridor,ar
0.3,https://rateships.com/ar/shipping/egypt-to-netherlands,corridor,ar
0.3,https://rateships.com/ar/shipping/egypt-to-new-zealand,corridor,ar
0.3,https://rateships.com/ar/shipping/egypt-to-nigeria,corridor,ar
0.3,https://rateships.com/ar/shipping/egypt-to-norway,corridor,ar
0.3,https://rateships.com/ar/shipping/egypt-to-pakistan,corridor,ar
0.3,https://rateships.com/ar/shipping/egypt-to-peru,corridor,ar
0.3,https://rateships.com/ar/shipping/egypt-to-philippines,corridor,ar
0.3,https://rateships.com/ar/shipping/egypt-to-poland,corridor,ar
0.3,https://rateships.com/ar/shipping/egypt-to-portugal,corridor,ar
0.3,https://rateships.com/ar/shipping/egypt-to-romania,corridor,ar
0.3,https://rateships.com/ar/shipping/egypt-to-russia,corridor,ar
0.3,https://rateships.com/ar/shipping/egypt-to-saudi-arabia,corridor,ar
0.3,https://rateships.com/ar/shipping/egypt-to-singapore,corridor,ar
0.3,https://rateships.com/ar/shipping/egypt-to-south-africa,corridor,ar
0.3,https://rateships.com/ar/shipping/egypt-to-south-korea,corridor,ar
0.3,https://rateships.com/ar/shipping/egypt-to-spain,corridor,ar
0.3,https://rateships.com/ar/shipping/egypt-to-sweden,corridor,ar
0.3,https://rateships.com/ar/shipping/egypt-to-switzerland,corridor,ar
0.3,https://rateships.com/ar/shipping/egypt-to-thailand,corridor,ar
0.3,https://rateships.com/ar/shipping/egypt-to-turkey,corridor,ar
0.3,https://rateships.com/ar/shipping/egypt-to-united-arab-emirates,corridor,ar
0.3,https://rateships.com/ar/shipping/egypt-to-united-kingdom,corridor,ar
0.3,https://rateships.com/ar/shipping/egypt-to-united-states,corridor,ar
0.3,https://rateships.com/ar/shipping/egypt-to-vietnam,corridor,ar
0.3,https://rateships.com/ar/shipping/finland-to-egypt,corridor,ar
0.3,https://rateships.com/ar/shipping/finland-to-saudi-arabia,corridor,ar
0.3,https://rateships.com/ar/shipping/finland-to-united-arab-emirates,corridor,ar
0.3,https://rateships.com/ar/shipping/france-to-egypt,corridor,ar
0.3,https://rateships.com/ar/shipping/france-to-united-arab-emirates,corridor,ar
0.3,https://rateships.com/ar/shipping/germany-to-egypt,corridor,ar
0.3,https://rateships.com/ar/shipping/germany-to-united-arab-emirates,corridor,ar
0.3,https://rateships.com/ar/shipping/greece-to-egypt,corridor,ar
0.3,https://rateships.com/ar/shipping/greece-to-saudi-arabia,corridor,ar
0.3,https://rateships.com/ar/shipping/greece-to-united-arab-emirates,corridor,ar
0.3,https://rateships.com/ar/shipping/hong-kong-to-egypt,corridor,ar
0.3,https://rateships.com/ar/shipping/hong-kong-to-saudi-arabia,corridor,ar
0.3,https://rateships.com/ar/shipping/hong-kong-to-united-arab-emirates,corridor,ar
0.3,https://rateships.com/ar/shipping/hungary-to-egypt,corridor,ar
0.3,https://rateships.com/ar/shipping/hungary-to-saudi-arabia,corridor,ar
0.3,https://rateships.com/ar/shipping/hungary-to-united-arab-emirates,corridor,ar
0.3,https://rateships.com/ar/shipping/india-to-egypt,corridor,ar
0.3,https://rateships.com/ar/shipping/india-to-united-arab-emirates,corridor,ar
0.3,https://rateships.com/ar/shipping/indonesia-to-egypt,corridor,ar
0.3,https://rateships.com/ar/shipping/indonesia-to-united-arab-emirates,corridor,ar
0.3,https://rateships.com/ar/shipping/ireland-to-egypt,corridor,ar
0.3,https://rateships.com/ar/shipping/ireland-to-saudi-arabia,corridor,ar
0.3,https://rateships.com/ar/shipping/ireland-to-united-arab-emirates,corridor,ar
0.3,https://rateships.com/ar/shipping/israel-to-egypt,corridor,ar
0.3,https://rateships.com/ar/shipping/israel-to-saudi-arabia,corridor,ar
0.3,https://rateships.com/ar/shipping/israel-to-united-arab-emirates,corridor,ar
0.3,https://rateships.com/ar/shipping/italy-to-egypt,corridor,ar
0.3,https://rateships.com/ar/shipping/italy-to-united-arab-emirates,corridor,ar
0.3,https://rateships.com/ar/shipping/japan-to-egypt,corridor,ar
0.3,https://rateships.com/ar/shipping/japan-to-united-arab-emirates,corridor,ar
0.3,https://rateships.com/ar/shipping/kazakhstan-to-egypt,corridor,ar
0.3,https://rateships.com/ar/shipping/kazakhstan-to-saudi-arabia,corridor,ar
0.3,https://rateships.com/ar/shipping/kazakhstan-to-united-arab-emirates,corridor,ar
0.3,https://rateships.com/ar/shipping/malaysia-to-egypt,corridor,ar
0.3,https://rateships.com/ar/shipping/malaysia-to-saudi-arabia,corridor,ar
0.3,https://rateships.com/ar/shipping/malaysia-to-united-arab-emirates,corridor,ar
0.3,https://rateships.com/ar/shipping/mexico-to-egypt,corridor,ar
0.3,https://rateships.com/ar/shipping/mexico-to-united-arab-emirates,corridor,ar
0.3,https://rateships.com/ar/shipping/netherlands-to-egypt,corridor,ar
0.3,https://rateships.com/ar/shipping/netherlands-to-united-arab-emirates,corridor,ar
0.3,https://rateships.com/ar/shipping/new-zealand-to-egypt,corridor,ar
0.3,https://rateships.com/ar/shipping/new-zealand-to-saudi-arabia,corridor,ar
0.3,https://rateships.com/ar/shipping/new-zealand-to-united-arab-emirates,corridor,ar
0.3,https://rateships.com/ar/shipping/nigeria-to-egypt,corridor,ar
0.3,https://rateships.com/ar/shipping/nigeria-to-saudi-arabia,corridor,ar
0.3,https://rateships.com/ar/shipping/nigeria-to-united-arab-emirates,corridor,ar
0.3,https://rateships.com/ar/shipping/norway-to-egypt,corridor,ar
0.3,https://rateships.com/ar/shipping/norway-to-saudi-arabia,corridor,ar
0.3,https://rateships.com/ar/shipping/norway-to-united-arab-emirates,corridor,ar
0.3,https://rateships.com/ar/shipping/pakistan-to-egypt,corridor,ar
0.3,https://rateships.com/ar/shipping/pakistan-to-saudi-arabia,corridor,ar
0.3,https://rateships.com/ar/shipping/pakistan-to-united-arab-emirates,corridor,ar
0.3,https://rateships.com/ar/shipping/peru-to-egypt,corridor,ar
0.3,https://rateships.com/ar/shipping/peru-to-saudi-arabia,corridor,ar
0.3,https://rateships.com/ar/shipping/peru-to-united-arab-emirates,corridor,ar
0.3,https://rateships.com/ar/shipping/philippines-to-egypt,corridor,ar
0.3,https://rateships.com/ar/shipping/philippines-to-saudi-arabia,corridor,ar
0.3,https://rateships.com/ar/shipping/philippines-to-united-arab-emirates,corridor,ar
0.3,https://rateships.com/ar/shipping/poland-to-egypt,corridor,ar
0.3,https://rateships.com/ar/shipping/poland-to-saudi-arabia,corridor,ar
0.3,https://rateships.com/ar/shipping/poland-to-united-arab-emirates,corridor,ar
0.3,https://rateships.com/ar/shipping/portugal-to-egypt,corridor,ar
0.3,https://rateships.com/ar/shipping/portugal-to-saudi-arabia,corridor,ar
0.3,https://rateships.com/ar/shipping/portugal-to-united-arab-emirates,corridor,ar
0.3,https://rateships.com/ar/shipping/romania-to-egypt,corridor,ar
0.3,https://rateships.com/ar/shipping/romania-to-saudi-arabia,corridor,ar
0.3,https://rateships.com/ar/shipping/romania-to-united-arab-emirates,corridor,ar
0.3,https://rateships.com/ar/shipping/russia-to-egypt,corridor,ar
0.3,https://rateships.com/ar/shipping/russia-to-united-arab-emirates,corridor,ar
0.3,https://rateships.com/ar/shipping/saudi-arabia-to-austria,corridor,ar
0.3,https://rateships.com/ar/shipping/saudi-arabia-to-belgium,corridor,ar
0.3,https://rateships.com/ar/shipping/saudi-arabia-to-chile,corridor,ar
0.3,https://rateships.com/ar/shipping/saudi-arabia-to-colombia,corridor,ar
0.3,https://rateships.com/ar/shipping/saudi-arabia-to-czechia,corridor,ar
0.3,https://rateships.com/ar/shipping/saudi-arabia-to-denmark,corridor,ar
0.3,https://rateships.com/ar/shipping/saudi-arabia-to-egypt,corridor,ar
0.3,https://rateships.com/ar/shipping/saudi-arabia-to-finland,corridor,ar
0.3,https://rateships.com/ar/shipping/saudi-arabia-to-greece,corridor,ar
0.3,https://rateships.com/ar/shipping/saudi-arabia-to-hong-kong,corridor,ar
0.3,https://rateships.com/ar/shipping/saudi-arabia-to-hungary,corridor,ar
0.3,https://rateships.com/ar/shipping/saudi-arabia-to-ireland,corridor,ar
0.3,https://rateships.com/ar/shipping/saudi-arabia-to-israel,corridor,ar
0.3,https://rateships.com/ar/shipping/saudi-arabia-to-kazakhstan,corridor,ar
0.3,https://rateships.com/ar/shipping/saudi-arabia-to-malaysia,corridor,ar
0.3,https://rateships.com/ar/shipping/saudi-arabia-to-new-zealand,corridor,ar
0.3,https://rateships.com/ar/shipping/saudi-arabia-to-nigeria,corridor,ar
0.3,https://rateships.com/ar/shipping/saudi-arabia-to-norway,corridor,ar
0.3,https://rateships.com/ar/shipping/saudi-arabia-to-pakistan,corridor,ar
0.3,https://rateships.com/ar/shipping/saudi-arabia-to-peru,corridor,ar
0.3,https://rateships.com/ar/shipping/saudi-arabia-to-philippines,corridor,ar
0.3,https://rateships.com/ar/shipping/saudi-arabia-to-poland,corridor,ar
0.3,https://rateships.com/ar/shipping/saudi-arabia-to-portugal,corridor,ar
0.3,https://rateships.com/ar/shipping/saudi-arabia-to-romania,corridor,ar
0.3,https://rateships.com/ar/shipping/saudi-arabia-to-singapore,corridor,ar
0.3,https://rateships.com/ar/shipping/saudi-arabia-to-south-africa,corridor,ar
0.3,https://rateships.com/ar/shipping/saudi-arabia-to-sweden,corridor,ar
0.3,https://rateships.com/ar/shipping/saudi-arabia-to-thailand,corridor,ar
0.3,https://rateships.com/ar/shipping/saudi-arabia-to-united-arab-emirates,corridor,ar
0.3,https://rateships.com/ar/shipping/saudi-arabia-to-vietnam,corridor,ar
0.3,https://rateships.com/ar/shipping/singapore-to-egypt,corridor,ar
0.3,https://rateships.com/ar/shipping/singapore-to-saudi-arabia,corridor,ar
0.3,https://rateships.com/ar/shipping/singapore-to-united-arab-emirates,corridor,ar
0.3,https://rateships.com/ar/shipping/south-africa-to-egypt,corridor,ar
0.3,https://rateships.com/ar/shipping/south-africa-to-saudi-arabia,corridor,ar
0.3,https://rateships.com/ar/shipping/south-africa-to-united-arab-emirates,corridor,ar
0.3,https://rateships.com/ar/shipping/south-korea-to-egypt,corridor,ar
0.3,https://rateships.com/ar/shipping/south-korea-to-united-arab-emirates,corridor,ar
0.3,https://rateships.com/ar/shipping/spain-to-egypt,corridor,ar
0.3,https://rateships.com/ar/shipping/spain-to-united-arab-emirates,corridor,ar
0.3,https://rateships.com/ar/shipping/sweden-to-egypt,corridor,ar
0.3,https://rateships.com/ar/shipping/sweden-to-saudi-arabia,corridor,ar
0.3,https://rateships.com/ar/shipping/sweden-to-united-arab-emirates,corridor,ar
0.3,https://rateships.com/ar/shipping/switzerland-to-egypt,corridor,ar
0.3,https://rateships.com/ar/shipping/switzerland-to-united-arab-emirates,corridor,ar
0.3,https://rateships.com/ar/shipping/thailand-to-egypt,corridor,ar
0.3,https://rateships.com/ar/shipping/thailand-to-saudi-arabia,corridor,ar
0.3,https://rateships.com/ar/shipping/thailand-to-united-arab-emirates,corridor,ar
0.3,https://rateships.com/ar/shipping/turkey-to-egypt,corridor,ar
0.3,https://rateships.com/ar/shipping/turkey-to-united-arab-emirates,corridor,ar
0.3,https://rateships.com/ar/shipping/united-arab-emirates-to-australia,corridor,ar
0.3,https://rateships.com/ar/shipping/united-arab-emirates-to-austria,corridor,ar
0.3,https://rateships.com/ar/shipping/united-arab-emirates-to-belgium,corridor,ar
0.3,https://rateships.com/ar/shipping/united-arab-emirates-to-brazil,corridor,ar
0.3,https://rateships.com/ar/shipping/united-arab-emirates-to-canada,corridor,ar
0.3,https://rateships.com/ar/shipping/united-arab-emirates-to-chile,corridor,ar
0.3,https://rateships.com/ar/shipping/united-arab-emirates-to-china,corridor,ar
0.3,https://rateships.com/ar/shipping/united-arab-emirates-to-colombia,corridor,ar
0.3,https://rateships.com/ar/shipping/united-arab-emirates-to-czechia,corridor,ar
0.3,https://rateships.com/ar/shipping/united-arab-emirates-to-denmark,corridor,ar
0.3,https://rateships.com/ar/shipping/united-arab-emirates-to-egypt,corridor,ar
0.3,https://rateships.com/ar/shipping/united-arab-emirates-to-finland,corridor,ar
0.3,https://rateships.com/ar/shipping/united-arab-emirates-to-france,corridor,ar
0.3,https://rateships.com/ar/shipping/united-arab-emirates-to-germany,corridor,ar
0.3,https://rateships.com/ar/shipping/united-arab-emirates-to-greece,corridor,ar
0.3,https://rateships.com/ar/shipping/united-arab-emirates-to-hong-kong,corridor,ar
0.3,https://rateships.com/ar/shipping/united-arab-emirates-to-hungary,corridor,ar
0.3,https://rateships.com/ar/shipping/united-arab-emirates-to-india,corridor,ar
0.3,https://rateships.com/ar/shipping/united-arab-emirates-to-indonesia,corridor,ar
0.3,https://rateships.com/ar/shipping/united-arab-emirates-to-ireland,corridor,ar
0.3,https://rateships.com/ar/shipping/united-arab-emirates-to-israel,corridor,ar
0.3,https://rateships.com/ar/shipping/united-arab-emirates-to-italy,corridor,ar
0.3,https://rateships.com/ar/shipping/united-arab-emirates-to-japan,corridor,ar
0.3,https://rateships.com/ar/shipping/united-arab-emirates-to-kazakhstan,corridor,ar
0.3,https://rateships.com/ar/shipping/united-arab-emirates-to-malaysia,corridor,ar
0.3,https://rateships.com/ar/shipping/united-arab-emirates-to-mexico,corridor,ar
0.3,https://rateships.com/ar/shipping/united-arab-emirates-to-netherlands,corridor,ar
0.3,https://rateships.com/ar/shipping/united-arab-emirates-to-new-zealand,corridor,ar
0.3,https://rateships.com/ar/shipping/united-arab-emirates-to-nigeria,corridor,ar
0.3,https://rateships.com/ar/shipping/united-arab-emirates-to-norway,corridor,ar
0.3,https://rateships.com/ar/shipping/united-arab-emirates-to-pakistan,corridor,ar
0.3,https://rateships.com/ar/shipping/united-arab-emirates-to-peru,corridor,ar
0.3,https://rateships.com/ar/shipping/united-arab-emirates-to-philippines,corridor,ar
0.3,https://rateships.com/ar/shipping/united-arab-emirates-to-poland,corridor,ar
0.3,https://rateships.com/ar/shipping/united-arab-emirates-to-portugal,corridor,ar
0.3,https://rateships.com/ar/shipping/united-arab-emirates-to-romania,corridor,ar
0.3,https://rateships.com/ar/shipping/united-arab-emirates-to-russia,corridor,ar
0.3,https://rateships.com/ar/shipping/united-arab-emirates-to-saudi-arabia,corridor,ar
0.3,https://rateships.com/ar/shipping/united-arab-emirates-to-singapore,corridor,ar
0.3,https://rateships.com/ar/shipping/united-arab-emirates-to-south-africa,corridor,ar
0.3,https://rateships.com/ar/shipping/united-arab-emirates-to-south-korea,corridor,ar
0.3,https://rateships.com/ar/shipping/united-arab-emirates-to-spain,corridor,ar
0.3,https://rateships.com/ar/shipping/united-arab-emirates-to-sweden,corridor,ar
0.3,https://rateships.com/ar/shipping/united-arab-emirates-to-switzerland,corridor,ar
0.3,https://rateships.com/ar/shipping/united-arab-emirates-to-thailand,corridor,ar
0.3,https://rateships.com/ar/shipping/united-arab-emirates-to-turkey,corridor,ar
0.3,https://rateships.com/ar/shipping/united-arab-emirates-to-united-kingdom,corridor,ar
0.3,https://rateships.com/ar/shipping/united-arab-emirates-to-united-states,corridor,ar
0.3,https://rateships.com/ar/shipping/united-arab-emirates-to-vietnam,corridor,ar
0.3,https://rateships.com/ar/shipping/united-kingdom-to-egypt,corridor,ar
0.3,https://rateships.com/ar/shipping/united-kingdom-to-united-arab-emirates,corridor,ar
0.3,https://rateships.com/ar/shipping/united-states-to-egypt,corridor,ar
0.3,https://rateships.com/ar/shipping/united-states-to-united-arab-emirates,corridor,ar
0.3,https://rateships.com/ar/shipping/vietnam-to-egypt,corridor,ar
0.3,https://rateships.com/ar/shipping/vietnam-to-saudi-arabia,corridor,ar
0.3,https://rateships.com/ar/shipping/vietnam-to-united-arab-emirates,corridor,ar
0.3,https://rateships.com/de/guide/germany,guide,de
0.3,https://rateships.com/de/guide/switzerland,guide,de
0.3,https://rateships.com/de/shipping/australia-to-austria,corridor,de
0.3,https://rateships.com/de/shipping/austria-to-australia,corridor,de
0.3,https://rateships.com/de/shipping/austria-to-belgium,corridor,de
0.3,https://rateships.com/de/shipping/austria-to-brazil,corridor,de
0.3,https://rateships.com/de/shipping/austria-to-canada,corridor,de
0.3,https://rateships.com/de/shipping/austria-to-chile,corridor,de
0.3,https://rateships.com/de/shipping/austria-to-china,corridor,de
0.3,https://rateships.com/de/shipping/austria-to-colombia,corridor,de
0.3,https://rateships.com/de/shipping/austria-to-czechia,corridor,de
0.3,https://rateships.com/de/shipping/austria-to-denmark,corridor,de
0.3,https://rateships.com/de/shipping/austria-to-egypt,corridor,de
0.3,https://rateships.com/de/shipping/austria-to-finland,corridor,de
0.3,https://rateships.com/de/shipping/austria-to-france,corridor,de
0.3,https://rateships.com/de/shipping/austria-to-germany,corridor,de
0.3,https://rateships.com/de/shipping/austria-to-greece,corridor,de
0.3,https://rateships.com/de/shipping/austria-to-hong-kong,corridor,de
0.3,https://rateships.com/de/shipping/austria-to-hungary,corridor,de
0.3,https://rateships.com/de/shipping/austria-to-india,corridor,de
0.3,https://rateships.com/de/shipping/austria-to-indonesia,corridor,de
0.3,https://rateships.com/de/shipping/austria-to-ireland,corridor,de
0.3,https://rateships.com/de/shipping/austria-to-israel,corridor,de
0.3,https://rateships.com/de/shipping/austria-to-italy,corridor,de
0.3,https://rateships.com/de/shipping/austria-to-japan,corridor,de
0.3,https://rateships.com/de/shipping/austria-to-kazakhstan,corridor,de
0.3,https://rateships.com/de/shipping/austria-to-malaysia,corridor,de
0.3,https://rateships.com/de/shipping/austria-to-mexico,corridor,de
0.3,https://rateships.com/de/shipping/austria-to-netherlands,corridor,de
0.3,https://rateships.com/de/shipping/austria-to-new-zealand,corridor,de
0.3,https://rateships.com/de/shipping/austria-to-nigeria,corridor,de
0.3,https://rateships.com/de/shipping/austria-to-norway,corridor,de
0.3,https://rateships.com/de/shipping/austria-to-pakistan,corridor,de
0.3,https://rateships.com/de/shipping/austria-to-peru,corridor,de
0.3,https://rateships.com/de/shipping/austria-to-philippines,corridor,de
0.3,https://rateships.com/de/shipping/austria-to-poland,corridor,de
0.3,https://rateships.com/de/shipping/austria-to-portugal,corridor,de
0.3,https://rateships.com/de/shipping/austria-to-romania,corridor,de
0.3,https://rateships.com/de/shipping/austria-to-russia,corridor,de
0.3,https://rateships.com/de/shipping/austria-to-saudi-arabia,corridor,de
0.3,https://rateships.com/de/shipping/austria-to-singapore,corridor,de
0.3,https://rateships.com/de/shipping/austria-to-south-africa,corridor,de
0.3,https://rateships.com/de/shipping/austria-to-south-korea,corridor,de
0.3,https://rateships.com/de/shipping/austria-to-spain,corridor,de
0.3,https://rateships.com/de/shipping/austria-to-sweden,corridor,de
0.3,https://rateships.com/de/shipping/austria-to-switzerland,corridor,de
0.3,https://rateships.com/de/shipping/austria-to-thailand,corridor,de
0.3,https://rateships.com/de/shipping/austria-to-turkey,corridor,de
0.3,https://rateships.com/de/shipping/austria-to-united-arab-emirates,corridor,de
0.3,https://rateships.com/de/shipping/austria-to-united-kingdom,corridor,de
0.3,https://rateships.com/de/shipping/austria-to-united-states,corridor,de
0.3,https://rateships.com/de/shipping/austria-to-vietnam,corridor,de
0.3,https://rateships.com/de/shipping/belgium-to-austria,corridor,de
0.3,https://rateships.com/de/shipping/belgium-to-germany,corridor,de
0.3,https://rateships.com/de/shipping/belgium-to-switzerland,corridor,de
0.3,https://rateships.com/de/shipping/brazil-to-austria,corridor,de
0.3,https://rateships.com/de/shipping/canada-to-austria,corridor,de
0.3,https://rateships.com/de/shipping/chile-to-austria,corridor,de
0.3,https://rateships.com/de/shipping/chile-to-germany,corridor,de
0.3,https://rateships.com/de/shipping/chile-to-switzerland,corridor,de
0.3,https://rateships.com/de/shipping/china-to-austria,corridor,de
0.3,https://rateships.com/de/shipping/colombia-to-austria,corridor,de
0.3,https://rateships.com/de/shipping/colombia-to-germany,corridor,de
0.3,https://rateships.com/de/shipping/colombia-to-switzerland,corridor,de
0.3,https://rateships.com/de/shipping/czechia-to-austria,corridor,de
0.3,https://rateships.com/de/shipping/czechia-to-germany,corridor,de
0.3,https://rateships.com/de/shipping/czechia-to-switzerland,corridor,de
0.3,https://rateships.com/de/shipping/denmark-to-austria,corridor,de
0.3,https://rateships.com/de/shipping/denmark-to-germany,corridor,de
0.3,https://rateships.com/de/shipping/denmark-to-switzerland,corridor,de
0.3,https://rateships.com/de/shipping/egypt-to-austria,corridor,de
0.3,https://rateships.com/de/shipping/egypt-to-germany,corridor,de
0.3,https://rateships.com/de/shipping/egypt-to-switzerland,corridor,de
0.3,https://rateships.com/de/shipping/finland-to-austria,corridor,de
0.3,https://rateships.com/de/shipping/finland-to-germany,corridor,de
0.3,https://rateships.com/de/shipping/finland-to-switzerland,corridor,de
0.3,https://rateships.com/de/shipping/france-to-austria,corridor,de
0.3,https://rateships.com/de/shipping/germany-to-austria,corridor,de
0.3,https://rateships.com/de/shipping/germany-to-belgium,corridor,de
0.3,https://rateships.com/de/shipping/germany-to-chile,corridor,de
0.3,https://rateships.com/de/shipping/germany-to-colombia,corridor,de
0.3,https://rateships.com/de/shipping/germany-to-czechia,corridor,de
0.3,https://rateships.com/de/shipping/germany-to-denmark,corridor,de
0.3,https://rateships.com/de/shipping/germany-to-egypt,corridor,de
0.3,https://rateships.com/de/shipping/germany-to-finland,corridor,de
0.3,https://rateships.com/de/shipping/germany-to-greece,corridor,de
0.3,https://rateships.com/de/shipping/germany-to-hong-kong,corridor,de
0.3,https://rateships.com/de/shipping/germany-to-hungary,corridor,de
0.3,https://rateships.com/de/shipping/germany-to-ireland,corridor,de
0.3,https://rateships.com/de/shipping/germany-to-israel,corridor,de
0.3,https://rateships.com/de/shipping/germany-to-kazakhstan,corridor,de
0.3,https://rateships.com/de/shipping/germany-to-malaysia,corridor,de
0.3,https://rateships.com/de/shipping/germany-to-new-zealand,corridor,de
0.3,https://rateships.com/de/shipping/germany-to-nigeria,corridor,de
0.3,https://rateships.com/de/shipping/germany-to-norway,corridor,de
0.3,https://rateships.com/de/shipping/germany-to-pakistan,corridor,de
0.3,https://rateships.com/de/shipping/germany-to-peru,corridor,de
0.3,https://rateships.com/de/shipping/germany-to-philippines,corridor,de
0.3,https://rateships.com/de/shipping/germany-to-poland,corridor,de
0.3,https://rateships.com/de/shipping/germany-to-portugal,corridor,de
0.3,https://rateships.com/de/shipping/germany-to-romania,corridor,de
0.3,https://rateships.com/de/shipping/germany-to-singapore,corridor,de
0.3,https://rateships.com/de/shipping/germany-to-south-africa,corridor,de
0.3,https://rateships.com/de/shipping/germany-to-sweden,corridor,de
0.3,https://rateships.com/de/shipping/germany-to-thailand,corridor,de
0.3,https://rateships.com/de/shipping/germany-to-united-arab-emirates,corridor,de
0.3,https://rateships.com/de/shipping/germany-to-vietnam,corridor,de
0.3,https://rateships.com/de/shipping/greece-to-austria,corridor,de
0.3,https://rateships.com/de/shipping/greece-to-germany,corridor,de
0.3,https://rateships.com/de/shipping/greece-to-switzerland,corridor,de
0.3,https://rateships.com/de/shipping/hong-kong-to-austria,corridor,de
0.3,https://rateships.com/de/shipping/hong-kong-to-germany,corridor,de
0.3,https://rateships.com/de/shipping/hong-kong-to-switzerland,corridor,de
0.3,https://rateships.com/de/shipping/hungary-to-austria,corridor,de
0.3,https://rateships.com/de/shipping/hungary-to-germany,corridor,de
0.3,https://rateships.com/de/shipping/hungary-to-switzerland,corridor,de
0.3,https://rateships.com/de/shipping/india-to-austria,corridor,de
0.3,https://rateships.com/de/shipping/indonesia-to-austria,corridor,de
0.3,https://rateships.com/de/shipping/ireland-to-austria,corridor,de
0.3,https://rateships.com/de/shipping/ireland-to-germany,corridor,de
0.3,https://rateships.com/de/shipping/ireland-to-switzerland,corridor,de
0.3,https://rateships.com/de/shipping/israel-to-austria,corridor,de
0.3,https://rateships.com/de/shipping/israel-to-germany,corridor,de
0.3,https://rateships.com/de/shipping/israel-to-switzerland,corridor,de
0.3,https://rateships.com/de/shipping/italy-to-austria,corridor,de
0.3,https://rateships.com/de/shipping/japan-to-austria,corridor,de
0.3,https://rateships.com/de/shipping/kazakhstan-to-austria,corridor,de
0.3,https://rateships.com/de/shipping/kazakhstan-to-germany,corridor,de
0.3,https://rateships.com/de/shipping/kazakhstan-to-switzerland,corridor,de
0.3,https://rateships.com/de/shipping/malaysia-to-austria,corridor,de
0.3,https://rateships.com/de/shipping/malaysia-to-germany,corridor,de
0.3,https://rateships.com/de/shipping/malaysia-to-switzerland,corridor,de
0.3,https://rateships.com/de/shipping/mexico-to-austria,corridor,de
0.3,https://rateships.com/de/shipping/netherlands-to-austria,corridor,de
0.3,https://rateships.com/de/shipping/new-zealand-to-austria,corridor,de
0.3,https://rateships.com/de/shipping/new-zealand-to-germany,corridor,de
0.3,https://rateships.com/de/shipping/new-zealand-to-switzerland,corridor,de
0.3,https://rateships.com/de/shipping/nigeria-to-austria,corridor,de
0.3,https://rateships.com/de/shipping/nigeria-to-germany,corridor,de
0.3,https://rateships.com/de/shipping/nigeria-to-switzerland,corridor,de
0.3,https://rateships.com/de/shipping/norway-to-austria,corridor,de
0.3,https://rateships.com/de/shipping/norway-to-germany,corridor,de
0.3,https://rateships.com/de/shipping/norway-to-switzerland,corridor,de
0.3,https://rateships.com/de/shipping/pakistan-to-austria,corridor,de
0.3,https://rateships.com/de/shipping/pakistan-to-germany,corridor,de
0.3,https://rateships.com/de/shipping/pakistan-to-switzerland,corridor,de
0.3,https://rateships.com/de/shipping/peru-to-austria,corridor,de
0.3,https://rateships.com/de/shipping/peru-to-germany,corridor,de
0.3,https://rateships.com/de/shipping/peru-to-switzerland,corridor,de
0.3,https://rateships.com/de/shipping/philippines-to-austria,corridor,de
0.3,https://rateships.com/de/shipping/philippines-to-germany,corridor,de
0.3,https://rateships.com/de/shipping/philippines-to-switzerland,corridor,de
0.3,https://rateships.com/de/shipping/poland-to-austria,corridor,de
0.3,https://rateships.com/de/shipping/poland-to-germany,corridor,de
0.3,https://rateships.com/de/shipping/poland-to-switzerland,corridor,de
0.3,https://rateships.com/de/shipping/portugal-to-austria,corridor,de
0.3,https://rateships.com/de/shipping/portugal-to-germany,corridor,de
0.3,https://rateships.com/de/shipping/portugal-to-switzerland,corridor,de
0.3,https://rateships.com/de/shipping/romania-to-austria,corridor,de
0.3,https://rateships.com/de/shipping/romania-to-germany,corridor,de
0.3,https://rateships.com/de/shipping/romania-to-switzerland,corridor,de
0.3,https://rateships.com/de/shipping/russia-to-austria,corridor,de
0.3,https://rateships.com/de/shipping/saudi-arabia-to-austria,corridor,de
0.3,https://rateships.com/de/shipping/singapore-to-austria,corridor,de
0.3,https://rateships.com/de/shipping/singapore-to-germany,corridor,de
0.3,https://rateships.com/de/shipping/singapore-to-switzerland,corridor,de
0.3,https://rateships.com/de/shipping/south-africa-to-austria,corridor,de
0.3,https://rateships.com/de/shipping/south-africa-to-germany,corridor,de
0.3,https://rateships.com/de/shipping/south-africa-to-switzerland,corridor,de
0.3,https://rateships.com/de/shipping/south-korea-to-austria,corridor,de
0.3,https://rateships.com/de/shipping/spain-to-austria,corridor,de
0.3,https://rateships.com/de/shipping/sweden-to-austria,corridor,de
0.3,https://rateships.com/de/shipping/sweden-to-germany,corridor,de
0.3,https://rateships.com/de/shipping/sweden-to-switzerland,corridor,de
0.3,https://rateships.com/de/shipping/switzerland-to-austria,corridor,de
0.3,https://rateships.com/de/shipping/switzerland-to-belgium,corridor,de
0.3,https://rateships.com/de/shipping/switzerland-to-chile,corridor,de
0.3,https://rateships.com/de/shipping/switzerland-to-colombia,corridor,de
0.3,https://rateships.com/de/shipping/switzerland-to-czechia,corridor,de
0.3,https://rateships.com/de/shipping/switzerland-to-denmark,corridor,de
0.3,https://rateships.com/de/shipping/switzerland-to-egypt,corridor,de
0.3,https://rateships.com/de/shipping/switzerland-to-finland,corridor,de
0.3,https://rateships.com/de/shipping/switzerland-to-greece,corridor,de
0.3,https://rateships.com/de/shipping/switzerland-to-hong-kong,corridor,de
0.3,https://rateships.com/de/shipping/switzerland-to-hungary,corridor,de
0.3,https://rateships.com/de/shipping/switzerland-to-ireland,corridor,de
0.3,https://rateships.com/de/shipping/switzerland-to-israel,corridor,de
0.3,https://rateships.com/de/shipping/switzerland-to-kazakhstan,corridor,de
0.3,https://rateships.com/de/shipping/switzerland-to-malaysia,corridor,de
0.3,https://rateships.com/de/shipping/switzerland-to-new-zealand,corridor,de
0.3,https://rateships.com/de/shipping/switzerland-to-nigeria,corridor,de
0.3,https://rateships.com/de/shipping/switzerland-to-norway,corridor,de
0.3,https://rateships.com/de/shipping/switzerland-to-pakistan,corridor,de
0.3,https://rateships.com/de/shipping/switzerland-to-peru,corridor,de
0.3,https://rateships.com/de/shipping/switzerland-to-philippines,corridor,de
0.3,https://rateships.com/de/shipping/switzerland-to-poland,corridor,de
0.3,https://rateships.com/de/shipping/switzerland-to-portugal,corridor,de
0.3,https://rateships.com/de/shipping/switzerland-to-romania,corridor,de
0.3,https://rateships.com/de/shipping/switzerland-to-singapore,corridor,de
0.3,https://rateships.com/de/shipping/switzerland-to-south-africa,corridor,de
0.3,https://rateships.com/de/shipping/switzerland-to-sweden,corridor,de
0.3,https://rateships.com/de/shipping/switzerland-to-thailand,corridor,de
0.3,https://rateships.com/de/shipping/switzerland-to-united-arab-emirates,corridor,de
0.3,https://rateships.com/de/shipping/switzerland-to-vietnam,corridor,de
0.3,https://rateships.com/de/shipping/thailand-to-austria,corridor,de
0.3,https://rateships.com/de/shipping/thailand-to-germany,corridor,de
0.3,https://rateships.com/de/shipping/thailand-to-switzerland,corridor,de
0.3,https://rateships.com/de/shipping/turkey-to-austria,corridor,de
0.3,https://rateships.com/de/shipping/united-arab-emirates-to-austria,corridor,de
0.3,https://rateships.com/de/shipping/united-arab-emirates-to-germany,corridor,de
0.3,https://rateships.com/de/shipping/united-arab-emirates-to-switzerland,corridor,de
0.3,https://rateships.com/de/shipping/united-kingdom-to-austria,corridor,de
0.3,https://rateships.com/de/shipping/united-states-to-austria,corridor,de
0.3,https://rateships.com/de/shipping/vietnam-to-austria,corridor,de
0.3,https://rateships.com/de/shipping/vietnam-to-germany,corridor,de
0.3,https://rateships.com/de/shipping/vietnam-to-switzerland,corridor,de
0.3,https://rateships.com/en/shipping/australia-to-austria,corridor,en
0.3,https://rateships.com/en/shipping/australia-to-belgium,corridor,en
0.3,https://rateships.com/en/shipping/australia-to-chile,corridor,en
0.3,https://rateships.com/en/shipping/australia-to-colombia,corridor,en
0.3,https://rateships.com/en/shipping/australia-to-czechia,corridor,en
0.3,https://rateships.com/en/shipping/australia-to-denmark,corridor,en
0.3,https://rateships.com/en/shipping/australia-to-egypt,corridor,en
0.3,https://rateships.com/en/shipping/australia-to-finland,corridor,en
0.3,https://rateships.com/en/shipping/australia-to-greece,corridor,en
0.3,https://rateships.com/en/shipping/australia-to-hong-kong,corridor,en
0.3,https://rateships.com/en/shipping/australia-to-hungary,corridor,en
0.3,https://rateships.com/en/shipping/australia-to-ireland,corridor,en
0.3,https://rateships.com/en/shipping/australia-to-israel,corridor,en
0.3,https://rateships.com/en/shipping/australia-to-kazakhstan,corridor,en
0.3,https://rateships.com/en/shipping/australia-to-malaysia,corridor,en
0.3,https://rateships.com/en/shipping/australia-to-new-zealand,corridor,en
0.3,https://rateships.com/en/shipping/australia-to-nigeria,corridor,en
0.3,https://rateships.com/en/shipping/australia-to-norway,corridor,en
0.3,https://rateships.com/en/shipping/australia-to-pakistan,corridor,en
0.3,https://rateships.com/en/shipping/australia-to-peru,corridor,en
0.3,https://rateships.com/en/shipping/australia-to-philippines,corridor,en
0.3,https://rateships.com/en/shipping/australia-to-poland,corridor,en
0.3,https://rateships.com/en/shipping/australia-to-portugal,corridor,en
0.3,https://rateships.com/en/shipping/australia-to-romania,corridor,en
0.3,https://rateships.com/en/shipping/australia-to-singapore,corridor,en
0.3,https://rateships.com/en/shipping/australia-to-south-africa,corridor,en
0.3,https://rateships.com/en/shipping/australia-to-sweden,corridor,en
0.3,https://rateships.com/en/shipping/australia-to-thailand,corridor,en
0.3,https://rateships.com/en/shipping/australia-to-united-arab-emirates,corridor,en
0.3,https://rateships.com/en/shipping/australia-to-vietnam,corridor,en
0.3,https://rateships.com/en/shipping/austria-to-australia,corridor,en
0.3,https://rateships.com/en/shipping/austria-to-belgium,corridor,en
0.3,https://rateships.com/en/shipping/austria-to-brazil,corridor,en
0.3,https://rateships.com/en/shipping/austria-to-canada,corridor,en
0.3,https://rateships.com/en/shipping/austria-to-chile,corridor,en
0.3,https://rateships.com/en/shipping/austria-to-china,corridor,en
0.3,https://rateships.com/en/shipping/austria-to-colombia,corridor,en
0.3,https://rateships.com/en/shipping/austria-to-czechia,corridor,en
0.3,https://rateships.com/en/shipping/austria-to-denmark,corridor,en
0.3,https://rateships.com/en/shipping/austria-to-egypt,corridor,en
0.3,https://rateships.com/en/shipping/austria-to-finland,corridor,en
0.3,https://rateships.com/en/shipping/austria-to-france,corridor,en
0.3,https://rateships.com/en/shipping/austria-to-germany,corridor,en
0.3,https://rateships.com/en/shipping/austria-to-greece,corridor,en
0.3,https://rateships.com/en/shipping/austria-to-hong-kong,corridor,en
0.3,https://rateships.com/en/shipping/austria-to-hungary,corridor,en
0.3,https://rateships.com/en/shipping/austria-to-india,corridor,en
0.3,https://rateships.com/en/shipping/austria-to-indonesia,corridor,en
0.3,https://rateships.com/en/shipping/austria-to-ireland,corridor,en
0.3,https://rateships.com/en/shipping/austria-to-israel,corridor,en
0.3,https://rateships.com/en/shipping/austria-to-italy,corridor,en
0.3,https://rateships.com/en/shipping/austria-to-japan,corridor,en
0.3,https://rateships.com/en/shipping/austria-to-kazakhstan,corridor,en
0.3,https://rateships.com/en/shipping/austria-to-malaysia,corridor,en
0.3,https://rateships.com/en/shipping/austria-to-mexico,corridor,en
0.3,https://rateships.com/en/shipping/austria-to-netherlands,corridor,en
0.3,https://rateships.com/en/shipping/austria-to-new-zealand,corridor,en
0.3,https://rateships.com/en/shipping/austria-to-nigeria,corridor,en
0.3,https://rateships.com/en/shipping/austria-to-norway,corridor,en
0.3,https://rateships.com/en/shipping/austria-to-pakistan,corridor,en
0.3,https://rateships.com/en/shipping/austria-to-peru,corridor,en
0.3,https://rateships.com/en/shipping/austria-to-philippines,corridor,en
0.3,https://rateships.com/en/shipping/austria-to-poland,corridor,en
0.3,https://rateships.com/en/shipping/austria-to-portugal,corridor,en
0.3,https://rateships.com/en/shipping/austria-to-romania,corridor,en
0.3,https://rateships.com/en/shipping/austria-to-russia,corridor,en
0.3,https://rateships.com/en/shipping/austria-to-saudi-arabia,corridor,en
0.3,https://rateships.com/en/shipping/austria-to-singapore,corridor,en
0.3,https://rateships.com/en/shipping/austria-to-south-africa,corridor,en
0.3,https://rateships.com/en/shipping/austria-to-south-korea,corridor,en
0.3,https://rateships.com/en/shipping/austria-to-spain,corridor,en
0.3,https://rateships.com/en/shipping/austria-to-sweden,corridor,en
0.3,https://rateships.com/en/shipping/austria-to-switzerland,corridor,en
0.3,https://rateships.com/en/shipping/austria-to-thailand,corridor,en
0.3,https://rateships.com/en/shipping/austria-to-turkey,corridor,en
0.3,https://rateships.com/en/shipping/austria-to-united-arab-emirates,corridor,en
0.3,https://rateships.com/en/shipping/austria-to-united-kingdom,corridor,en
0.3,https://rateships.com/en/shipping/austria-to-united-states,corridor,en
0.3,https://rateships.com/en/shipping/austria-to-vietnam,corridor,en
0.3,https://rateships.com/en/shipping/belgium-to-australia,corridor,en
0.3,https://rateships.com/en/shipping/belgium-to-austria,corridor,en
0.3,https://rateships.com/en/shipping/belgium-to-brazil,corridor,en
0.3,https://rateships.com/en/shipping/belgium-to-canada,corridor,en
0.3,https://rateships.com/en/shipping/belgium-to-chile,corridor,en
0.3,https://rateships.com/en/shipping/belgium-to-china,corridor,en
0.3,https://rateships.com/en/shipping/belgium-to-colombia,corridor,en
0.3,https://rateships.com/en/shipping/belgium-to-czechia,corridor,en
0.3,https://rateships.com/en/shipping/belgium-to-denmark,corridor,en
0.3,https://rateships.com/en/shipping/belgium-to-egypt,corridor,en
0.3,https://rateships.com/en/shipping/belgium-to-finland,corridor,en
0.3,https://rateships.com/en/shipping/belgium-to-france,corridor,en
0.3,https://rateships.com/en/shipping/belgium-to-germany,corridor,en
0.3,https://rateships.com/en/shipping/belgium-to-greece,corridor,en
0.3,https://rateships.com/en/shipping/belgium-to-hong-kong,corridor,en
0.3,https://rateships.com/en/shipping/belgium-to-hungary,corridor,en
0.3,https://rateships.com/en/shipping/belgium-to-india,corridor,en
0.3,https://rateships.com/en/shipping/belgium-to-indonesia,corridor,en
0.3,https://rateships.com/en/shipping/belgium-to-ireland,corridor,en
0.3,https://rateships.com/en/shipping/belgium-to-israel,corridor,en
0.3,https://rateships.com/en/shipping/belgium-to-italy,corridor,en
0.3,https://rateships.com/en/shipping/belgium-to-japan,corridor,en
0.3,https://rateships.com/en/shipping/belgium-to-kazakhstan,corridor,en
0.3,https://rateships.com/en/shipping/belgium-to-malaysia,corridor,en
0.3,https://rateships.com/en/shipping/belgium-to-mexico,corridor,en
0.3,https://rateships.com/en/shipping/belgium-to-netherlands,corridor,en
0.3,https://rateships.com/en/shipping/belgium-to-new-zealand,corridor,en
0.3,https://rateships.com/en/shipping/belgium-to-nigeria,corridor,en
0.3,https://rateships.com/en/shipping/belgium-to-norway,corridor,en
0.3,https://rateships.com/en/shipping/belgium-to-pakistan,corridor,en
0.3,https://rateships.com/en/shipping/belgium-to-peru,corridor,en
0.3,https://rateships.com/en/shipping/belgium-to-philippines,corridor,en
0.3,https://rateships.com/en/shipping/belgium-to-poland,corridor,en
0.3,https://rateships.com/en/shipping/belgium-to-portugal,corridor,en
0.3,https://rateships.com/en/shipping/belgium-to-romania,corridor,en
0.3,https://rateships.com/en/shipping/belgium-to-russia,corridor,en
0.3,https://rateships.com/en/shipping/belgium-to-saudi-arabia,corridor,en
0.3,https://rateships.com/en/shipping/belgium-to-singapore,corridor,en
0.3,https://rateships.com/en/shipping/belgium-to-south-africa,corridor,en
0.3,https://rateships.com/en/shipping/belgium-to-south-korea,corridor,en
0.3,https://rateships.com/en/shipping/belgium-to-spain,corridor,en
0.3,https://rateships.com/en/shipping/belgium-to-sweden,corridor,en
0.3,https://rateships.com/en/shipping/belgium-to-switzerland,corridor,en
0.3,https://rateships.com/en/shipping/belgium-to-thailand,corridor,en
0.3,https://rateships.com/en/shipping/belgium-to-turkey,corridor,en
0.3,https://rateships.com/en/shipping/belgium-to-united-arab-emirates,corridor,en
0.3,https://rateships.com/en/shipping/belgium-to-united-kingdom,corridor,en
0.3,https://rateships.com/en/shipping/belgium-to-united-states,corridor,en
0.3,https://rateships.com/en/shipping/belgium-to-vietnam,corridor,en
0.3,https://rateships.com/en/shipping/brazil-to-austria,corridor,en
0.3,https://rateships.com/en/shipping/brazil-to-belgium,corridor,en
0.3,https://rateships.com/en/shipping/brazil-to-chile,corridor,en
0.3,https://rateships.com/en/shipping/brazil-to-colombia,corridor,en
0.3,https://rateships.com/en/shipping/brazil-to-czechia,corridor,en
0.3,https://rateships.com/en/shipping/brazil-to-denmark,corridor,en
0.3,https://rateships.com/en/shipping/brazil-to-egypt,corridor,en
0.3,https://rateships.com/en/shipping/brazil-to-finland,corridor,en
0.3,https://rateships.com/en/shipping/brazil-to-greece,corridor,en
0.3,https://rateships.com/en/shipping/brazil-to-hong-kong,corridor,en
0.3,https://rateships.com/en/shipping/brazil-to-hungary,corridor,en
0.3,https://rateships.com/en/shipping/brazil-to-ireland,corridor,en
0.3,https://rateships.com/en/shipping/brazil-to-israel,corridor,en
0.3,https://rateships.com/en/shipping/brazil-to-kazakhstan,corridor,en
0.3,https://rateships.com/en/shipping/brazil-to-malaysia,corridor,en
0.3,https://rateships.com/en/shipping/brazil-to-new-zealand,corridor,en
0.3,https://rateships.com/en/shipping/brazil-to-nigeria,corridor,en
0.3,https://rateships.com/en/shipping/brazil-to-norway,corridor,en
0.3,https://rateships.com/en/shipping/brazil-to-pakistan,corridor,en
0.3,https://rateships.com/en/shipping/brazil-to-peru,corridor,en
0.3,https://rateships.com/en/shipping/brazil-to-philippines,corridor,en
0.3,https://rateships.com/en/shipping/brazil-to-poland,corridor,en
0.3,https://rateships.com/en/shipping/brazil-to-portugal,corridor,en
0.3,https://rateships.com/en/shipping/brazil-to-romania,corridor,en
0.3,https://rateships.com/en/shipping/brazil-to-singapore,corridor,en
0.3,https://rateships.com/en/shipping/brazil-to-south-africa,corridor,en
0.3,https://rateships.com/en/shipping/brazil-to-sweden,corridor,en
0.3,https://rateships.com/en/shipping/brazil-to-thailand,corridor,en
0.3,https://rateships.com/en/shipping/brazil-to-united-arab-emirates,corridor,en
0.3,https://rateships.com/en/shipping/brazil-to-vietnam,corridor,en
0.3,https://rateships.com/en/shipping/canada-to-austria,corridor,en
0.3,https://rateships.com/en/shipping/canada-to-belgium,corridor,en
0.3,https://rateships.com/en/shipping/canada-to-chile,corridor,en
0.3,https://rateships.com/en/shipping/canada-to-colombia,corridor,en
0.3,https://rateships.com/en/shipping/canada-to-czechia,corridor,en
0.3,https://rateships.com/en/shipping/canada-to-denmark,corridor,en
0.3,https://rateships.com/en/shipping/canada-to-egypt,corridor,en
0.3,https://rateships.com/en/shipping/canada-to-finland,corridor,en
0.3,https://rateships.com/en/shipping/canada-to-greece,corridor,en
0.3,https://rateships.com/en/shipping/canada-to-hong-kong,corridor,en
0.3,https://rateships.com/en/shipping/canada-to-hungary,corridor,en
0.3,https://rateships.com/en/shipping/canada-to-ireland,corridor,en
0.3,https://rateships.com/en/shipping/canada-to-israel,corridor,en
0.3,https://rateships.com/en/shipping/canada-to-kazakhstan,corridor,en
0.3,https://rateships.com/en/shipping/canada-to-malaysia,corridor,en
0.3,https://rateships.com/en/shipping/canada-to-new-zealand,corridor,en
0.3,https://rateships.com/en/shipping/canada-to-nigeria,corridor,en
0.3,https://rateships.com/en/shipping/canada-to-norway,corridor,en
0.3,https://rateships.com/en/shipping/canada-to-pakistan,corridor,en
0.3,https://rateships.com/en/shipping/canada-to-peru,corridor,en
0.3,https://rateships.com/en/shipping/canada-to-philippines,corridor,en
0.3,https://rateships.com/en/shipping/canada-to-poland,corridor,en
0.3,https://rateships.com/en/shipping/canada-to-portugal,corridor,en
0.3,https://rateships.com/en/shipping/canada-to-romania,corridor,en
0.3,https://rateships.com/en/shipping/canada-to-singapore,corridor,en
0.3,https://rateships.com/en/shipping/canada-to-south-africa,corridor,en
0.3,https://rateships.com/en/shipping/canada-to-sweden,corridor,en
0.3,https://rateships.com/en/shipping/canada-to-thailand,corridor,en
0.3,https://rateships.com/en/shipping/canada-to-united-arab-emirates,corridor,en
0.3,https://rateships.com/en/shipping/canada-to-vietnam,corridor,en
0.3,https://rateships.com/en/shipping/chile-to-australia,corridor,en
0.3,https://rateships.com/en/shipping/chile-to-austria,corridor,en
0.3,https://rateships.com/en/shipping/chile-to-belgium,corridor,en
0.3,https://rateships.com/en/shipping/chile-to-brazil,corridor,en
0.3,https://rateships.com/en/shipping/chile-to-canada,corridor,en
0.3,https://rateships.com/en/shipping/chile-to-china,corridor,en
0.3,https://rateships.com/en/shipping/chile-to-colombia,corridor,en
0.3,https://rateships.com/en/shipping/chile-to-czechia,corridor,en
0.3,https://rateships.com/en/shipping/chile-to-denmark,corridor,en
0.3,https://rateships.com/en/shipping/chile-to-egypt,corridor,en
0.3,https://rateships.com/en/shipping/chile-to-finland,corridor,en
0.3,https://rateships.com/en/shipping/chile-to-france,corridor,en
0.3,https://rateships.com/en/shipping/chile-to-germany,corridor,en
0.3,https://rateships.com/en/shipping/chile-to-greece,corridor,en
0.3,https://rateships.com/en/shipping/chile-to-hong-kong,corridor,en
0.3,https://rateships.com/en/shipping/chile-to-hungary,corridor,en
0.3,https://rateships.com/en/shipping/chile-to-india,corridor,en
0.3,https://rateships.com/en/shipping/chile-to-indonesia,corridor,en
0.3,https://rateships.com/en/shipping/chile-to-ireland,corridor,en
0.3,https://rateships.com/en/shipping/chile-to-israel,corridor,en
0.3,https://rateships.com/en/shipping/chile-to-italy,corridor,en
0.3,https://rateships.com/en/shipping/chile-to-japan,corridor,en
0.3,https://rateships.com/en/shipping/chile-to-kazakhstan,corridor,en
0.3,https://rateships.com/en/shipping/chile-to-malaysia,corridor,en
0.3,https://rateships.com/en/shipping/chile-to-mexico,corridor,en
0.3,https://rateships.com/en/shipping/chile-to-netherlands,corridor,en
0.3,https://rateships.com/en/shipping/chile-to-new-zealand,corridor,en
0.3,https://rateships.com/en/shipping/chile-to-nigeria,corridor,en
0.3,https://rateships.com/en/shipping/chile-to-norway,corridor,en
0.3,https://rateships.com/en/shipping/chile-to-pakistan,corridor,en
0.3,https://rateships.com/en/shipping/chile-to-peru,corridor,en
0.3,https://rateships.com/en/shipping/chile-to-philippines,corridor,en
0.3,https://rateships.com/en/shipping/chile-to-poland,corridor,en
0.3,https://rateships.com/en/shipping/chile-to-portugal,corridor,en
0.3,https://rateships.com/en/shipping/chile-to-romania,corridor,en
0.3,https://rateships.com/en/shipping/chile-to-russia,corridor,en
0.3,https://rateships.com/en/shipping/chile-to-saudi-arabia,corridor,en
0.3,https://rateships.com/en/shipping/chile-to-singapore,corridor,en
0.3,https://rateships.com/en/shipping/chile-to-south-africa,corridor,en
0.3,https://rateships.com/en/shipping/chile-to-south-korea,corridor,en
0.3,https://rateships.com/en/shipping/chile-to-spain,corridor,en
0.3,https://rateships.com/en/shipping/chile-to-sweden,corridor,en
0.3,https://rateships.com/en/shipping/chile-to-switzerland,corridor,en
0.3,https://rateships.com/en/shipping/chile-to-thailand,corridor,en
0.3,https://rateships.com/en/shipping/chile-to-turkey,corridor,en
0.3,https://rateships.com/en/shipping/chile-to-united-arab-emirates,corridor,en
0.3,https://rateships.com/en/shipping/chile-to-united-kingdom,corridor,en
0.3,https://rateships.com/en/shipping/chile-to-united-states,corridor,en
0.3,https://rateships.com/en/shipping/chile-to-vietnam,corridor,en
0.3,https://rateships.com/en/shipping/china-to-austria,corridor,en
0.3,https://rateships.com/en/shipping/china-to-belgium,corridor,en
0.3,https://rateships.com/en/shipping/china-to-chile,corridor,en
0.3,https://rateships.com/en/shipping/china-to-colombia,corridor,en
0.3,https://rateships.com/en/shipping/china-to-czechia,corridor,en
0.3,https://rateships.com/en/shipping/china-to-denmark,corridor,en
0.3,https://rateships.com/en/shipping/china-to-egypt,corridor,en
0.3,https://rateships.com/en/shipping/china-to-finland,corridor,en
0.3,https://rateships.com/en/shipping/china-to-greece,corridor,en
0.3,https://rateships.com/en/shipping/china-to-hong-kong,corridor,en
0.3,https://rateships.com/en/shipping/china-to-hungary,corridor,en
0.3,https://rateships.com/en/shipping/china-to-ireland,corridor,en
0.3,https://rateships.com/en/shipping/china-to-israel,corridor,en
0.3,https://rateships.com/en/shipping/china-to-kazakhstan,corridor,en
0.3,https://rateships.com/en/shipping/china-to-malaysia,corridor,en
0.3,https://rateships.com/en/shipping/china-to-new-zealand,corridor,en
0.3,https://rateships.com/en/shipping/china-to-nigeria,corridor,en
0.3,https://rateships.com/en/shipping/china-to-norway,corridor,en
0.3,https://rateships.com/en/shipping/china-to-pakistan,corridor,en
0.3,https://rateships.com/en/shipping/china-to-peru,corridor,en
0.3,https://rateships.com/en/shipping/china-to-philippines,corridor,en
0.3,https://rateships.com/en/shipping/china-to-poland,corridor,en
0.3,https://rateships.com/en/shipping/china-to-portugal,corridor,en
0.3,https://rateships.com/en/shipping/china-to-romania,corridor,en
0.3,https://rateships.com/en/shipping/china-to-singapore,corridor,en
0.3,https://rateships.com/en/shipping/china-to-south-africa,corridor,en
0.3,https://rateships.com/en/shipping/china-to-sweden,corridor,en
0.3,https://rateships.com/en/shipping/china-to-thailand,corridor,en
0.3,https://rateships.com/en/shipping/china-to-united-arab-emirates,corridor,en
0.3,https://rateships.com/en/shipping/china-to-vietnam,corridor,en
0.3,https://rateships.com/en/shipping/colombia-to-australia,corridor,en
0.3,https://rateships.com/en/shipping/colombia-to-austria,corridor,en
0.3,https://rateships.com/en/shipping/colombia-to-belgium,corridor,en
0.3,https://rateships.com/en/shipping/colombia-to-brazil,corridor,en
0.3,https://rateships.com/en/shipping/colombia-to-canada,corridor,en
0.3,https://rateships.com/en/shipping/colombia-to-chile,corridor,en
0.3,https://rateships.com/en/shipping/colombia-to-china,corridor,en
0.3,https://rateships.com/en/shipping/colombia-to-czechia,corridor,en
0.3,https://rateships.com/en/shipping/colombia-to-denmark,corridor,en
0.3,https://rateships.com/en/shipping/colombia-to-egypt,corridor,en
0.3,https://rateships.com/en/shipping/colombia-to-finland,corridor,en
0.3,https://rateships.com/en/shipping/colombia-to-france,corridor,en
0.3,https://rateships.com/en/shipping/colombia-to-germany,corridor,en
0.3,https://rateships.com/en/shipping/colombia-to-greece,corridor,en
0.3,https://rateships.com/en/shipping/colombia-to-hong-kong,corridor,en
0.3,https://rateships.com/en/shipping/colombia-to-hungary,corridor,en
0.3,https://rateships.com/en/shipping/colombia-to-india,corridor,en
0.3,https://rateships.com/en/shipping/colombia-to-indonesia,corridor,en
0.3,https://rateships.com/en/shipping/colombia-to-ireland,corridor,en
0.3,https://rateships.com/en/shipping/colombia-to-israel,corridor,en
0.3,https://rateships.com/en/shipping/colombia-to-italy,corridor,en
0.3,https://rateships.com/en/shipping/colombia-to-japan,corridor,en
0.3,https://rateships.com/en/shipping/colombia-to-kazakhstan,corridor,en
0.3,https://rateships.com/en/shipping/colombia-to-malaysia,corridor,en
0.3,https://rateships.com/en/shipping/colombia-to-mexico,corridor,en
0.3,https://rateships.com/en/shipping/colombia-to-netherlands,corridor,en
0.3,https://rateships.com/en/shipping/colombia-to-new-zealand,corridor,en
0.3,https://rateships.com/en/shipping/colombia-to-nigeria,corridor,en
0.3,https://rateships.com/en/shipping/colombia-to-norway,corridor,en
0.3,https://rateships.com/en/shipping/colombia-to-pakistan,corridor,en
0.3,https://rateships.com/en/shipping/colombia-to-peru,corridor,en
0.3,https://rateships.com/en/shipping/colombia-to-philippines,corridor,en
0.3,https://rateships.com/en/shipping/colombia-to-poland,corridor,en
0.3,https://rateships.com/en/shipping/colombia-to-portugal,corridor,en
0.3,https://rateships.com/en/shipping/colombia-to-romania,corridor,en
0.3,https://rateships.com/en/shipping/colombia-to-russia,corridor,en
0.3,https://rateships.com/en/shipping/colombia-to-saudi-arabia,corridor,en
0.3,https://rateships.com/en/shipping/colombia-to-singapore,corridor,en
0.3,https://rateships.com/en/shipping/colombia-to-south-africa,corridor,en
0.3,https://rateships.com/en/shipping/colombia-to-south-korea,corridor,en
0.3,https://rateships.com/en/shipping/colombia-to-spain,corridor,en
0.3,https://rateships.com/en/shipping/colombia-to-sweden,corridor,en
0.3,https://rateships.com/en/shipping/colombia-to-switzerland,corridor,en
0.3,https://rateships.com/en/shipping/colombia-to-thailand,corridor,en
0.3,https://rateships.com/en/shipping/colombia-to-turkey,corridor,en
0.3,https://rateships.com/en/shipping/colombia-to-united-arab-emirates,corridor,en
0.3,https://rateships.com/en/shipping/colombia-to-united-kingdom,corridor,en
0.3,https://rateships.com/en/shipping/colombia-to-united-states,corridor,en
0.3,https://rateships.com/en/shipping/colombia-to-vietnam,corridor,en
0.3,https://rateships.com/en/shipping/czechia-to-australia,corridor,en
0.3,https://rateships.com/en/shipping/czechia-to-austria,corridor,en
0.3,https://rateships.com/en/shipping/czechia-to-belgium,corridor,en
0.3,https://rateships.com/en/shipping/czechia-to-brazil,corridor,en
0.3,https://rateships.com/en/shipping/czechia-to-canada,corridor,en
0.3,https://rateships.com/en/shipping/czechia-to-chile,corridor,en
0.3,https://rateships.com/en/shipping/czechia-to-china,corridor,en
0.3,https://rateships.com/en/shipping/czechia-to-colombia,corridor,en
0.3,https://rateships.com/en/shipping/czechia-to-denmark,corridor,en
0.3,https://rateships.com/en/shipping/czechia-to-egypt,corridor,en
0.3,https://rateships.com/en/shipping/czechia-to-finland,corridor,en
0.3,https://rateships.com/en/shipping/czechia-to-france,corridor,en
0.3,https://rateships.com/en/shipping/czechia-to-germany,corridor,en
0.3,https://rateships.com/en/shipping/czechia-to-greece,corridor,en
0.3,https://rateships.com/en/shipping/czechia-to-hong-kong,corridor,en
0.3,https://rateships.com/en/shipping/czechia-to-hungary,corridor,en
0.3,https://rateships.com/en/shipping/czechia-to-india,corridor,en
0.3,https://rateships.com/en/shipping/czechia-to-indonesia,corridor,en
0.3,https://rateships.com/en/shipping/czechia-to-ireland,corridor,en
0.3,https://rateships.com/en/shipping/czechia-to-israel,corridor,en
0.3,https://rateships.com/en/shipping/czechia-to-italy,corridor,en
0.3,https://rateships.com/en/shipping/czechia-to-japan,corridor,en
0.3,https://rateships.com/en/shipping/czechia-to-kazakhstan,corridor,en
0.3,https://rateships.com/en/shipping/czechia-to-malaysia,corridor,en
0.3,https://rateships.com/en/shipping/czechia-to-mexico,corridor,en
0.3,https://rateships.com/en/shipping/czechia-to-netherlands,corridor,en
0.3,https://rateships.com/en/shipping/czechia-to-new-zealand,corridor,en
0.3,https://rateships.com/en/shipping/czechia-to-nigeria,corridor,en
0.3,https://rateships.com/en/shipping/czechia-to-norway,corridor,en
0.3,https://rateships.com/en/shipping/czechia-to-pakistan,corridor,en
0.3,https://rateships.com/en/shipping/czechia-to-peru,corridor,en
0.3,https://rateships.com/en/shipping/czechia-to-philippines,corridor,en
0.3,https://rateships.com/en/shipping/czechia-to-poland,corridor,en
0.3,https://rateships.com/en/shipping/czechia-to-portugal,corridor,en
0.3,https://rateships.com/en/shipping/czechia-to-romania,corridor,en
0.3,https://rateships.com/en/shipping/czechia-to-russia,corridor,en
0.3,https://rateships.com/en/shipping/czechia-to-saudi-arabia,corridor,en
0.3,https://rateships.com/en/shipping/czechia-to-singapore,corridor,en
0.3,https://rateships.com/en/shipping/czechia-to-south-africa,corridor,en
0.3,https://rateships.com/en/shipping/czechia-to-south-korea,corridor,en
0.3,https://rateships.com/en/shipping/czechia-to-spain,corridor,en
0.3,https://rateships.com/en/shipping/czechia-to-sweden,corridor,en
0.3,https://rateships.com/en/shipping/czechia-to-switzerland,corridor,en
0.3,https://rateships.com/en/shipping/czechia-to-thailand,corridor,en
0.3,https://rateships.com/en/shipping/czechia-to-turkey,corridor,en
0.3,https://rateships.com/en/shipping/czechia-to-united-arab-emirates,corridor,en
0.3,https://rateships.com/en/shipping/czechia-to-united-kingdom,corridor,en
0.3,https://rateships.com/en/shipping/czechia-to-united-states,corridor,en
0.3,https://rateships.com/en/shipping/czechia-to-vietnam,corridor,en
0.3,https://rateships.com/en/shipping/denmark-to-australia,corridor,en
0.3,https://rateships.com/en/shipping/denmark-to-austria,corridor,en
0.3,https://rateships.com/en/shipping/denmark-to-belgium,corridor,en
0.3,https://rateships.com/en/shipping/denmark-to-brazil,corridor,en
0.3,https://rateships.com/en/shipping/denmark-to-canada,corridor,en
0.3,https://rateships.com/en/shipping/denmark-to-chile,corridor,en
0.3,https://rateships.com/en/shipping/denmark-to-china,corridor,en
0.3,https://rateships.com/en/shipping/denmark-to-colombia,corridor,en
0.3,https://rateships.com/en/shipping/denmark-to-czechia,corridor,en
0.3,https://rateships.com/en/shipping/denmark-to-egypt,corridor,en
0.3,https://rateships.com/en/shipping/denmark-to-finland,corridor,en
0.3,https://rateships.com/en/shipping/denmark-to-france,corridor,en
0.3,https://rateships.com/en/shipping/denmark-to-germany,corridor,en
0.3,https://rateships.com/en/shipping/denmark-to-greece,corridor,en
0.3,https://rateships.com/en/shipping/denmark-to-hong-kong,corridor,en
0.3,https://rateships.com/en/shipping/denmark-to-hungary,corridor,en
0.3,https://rateships.com/en/shipping/denmark-to-india,corridor,en
0.3,https://rateships.com/en/shipping/denmark-to-indonesia,corridor,en
0.3,https://rateships.com/en/shipping/denmark-to-ireland,corridor,en
0.3,https://rateships.com/en/shipping/denmark-to-israel,corridor,en
0.3,https://rateships.com/en/shipping/denmark-to-italy,corridor,en
0.3,https://rateships.com/en/shipping/denmark-to-japan,corridor,en
0.3,https://rateships.com/en/shipping/denmark-to-kazakhstan,corridor,en
0.3,https://rateships.com/en/shipping/denmark-to-malaysia,corridor,en
0.3,https://rateships.com/en/shipping/denmark-to-mexico,corridor,en
0.3,https://rateships.com/en/shipping/denmark-to-netherlands,corridor,en
0.3,https://rateships.com/en/shipping/denmark-to-new-zealand,corridor,en
0.3,https://rateships.com/en/shipping/denmark-to-nigeria,corridor,en
0.3,https://rateships.com/en/shipping/denmark-to-norway,corridor,en
0.3,https://rateships.com/en/shipping/denmark-to-pakistan,corridor,en
0.3,https://rateships.com/en/shipping/denmark-to-peru,corridor,en
0.3,https://rateships.com/en/shipping/denmark-to-philippines,corridor,en
0.3,https://rateships.com/en/shipping/denmark-to-poland,corridor,en
0.3,https://rateships.com/en/shipping/denmark-to-portugal,corridor,en
0.3,https://rateships.com/en/shipping/denmark-to-romania,corridor,en
0.3,https://rateships.com/en/shipping/denmark-to-russia,corridor,en
0.3,https://rateships.com/en/shipping/denmark-to-saudi-arabia,corridor,en
0.3,https://rateships.com/en/shipping/denmark-to-singapore,corridor,en
0.3,https://rateships.com/en/shipping/denmark-to-south-africa,corridor,en
0.3,https://rateships.com/en/shipping/denmark-to-south-korea,corridor,en
0.3,https://rateships.com/en/shipping/denmark-to-spain,corridor,en
0.3,https://rateships.com/en/shipping/denmark-to-sweden,corridor,en
0.3,https://rateships.com/en/shipping/denmark-to-switzerland,corridor,en
0.3,https://rateships.com/en/shipping/denmark-to-thailand,corridor,en
0.3,https://rateships.com/en/shipping/denmark-to-turkey,corridor,en
0.3,https://rateships.com/en/shipping/denmark-to-united-arab-emirates,corridor,en
0.3,https://rateships.com/en/shipping/denmark-to-united-kingdom,corridor,en
0.3,https://rateships.com/en/shipping/denmark-to-united-states,corridor,en
0.3,https://rateships.com/en/shipping/denmark-to-vietnam,corridor,en
0.3,https://rateships.com/en/shipping/egypt-to-australia,corridor,en
0.3,https://rateships.com/en/shipping/egypt-to-austria,corridor,en
0.3,https://rateships.com/en/shipping/egypt-to-belgium,corridor,en
0.3,https://rateships.com/en/shipping/egypt-to-brazil,corridor,en
0.3,https://rateships.com/en/shipping/egypt-to-canada,corridor,en
0.3,https://rateships.com/en/shipping/egypt-to-chile,corridor,en
0.3,https://rateships.com/en/shipping/egypt-to-china,corridor,en
0.3,https://rateships.com/en/shipping/egypt-to-colombia,corridor,en
0.3,https://rateships.com/en/shipping/egypt-to-czechia,corridor,en
0.3,https://rateships.com/en/shipping/egypt-to-denmark,corridor,en
0.3,https://rateships.com/en/shipping/egypt-to-finland,corridor,en
0.3,https://rateships.com/en/shipping/egypt-to-france,corridor,en
0.3,https://rateships.com/en/shipping/egypt-to-germany,corridor,en
0.3,https://rateships.com/en/shipping/egypt-to-greece,corridor,en
0.3,https://rateships.com/en/shipping/egypt-to-hong-kong,corridor,en
0.3,https://rateships.com/en/shipping/egypt-to-hungary,corridor,en
0.3,https://rateships.com/en/shipping/egypt-to-india,corridor,en
0.3,https://rateships.com/en/shipping/egypt-to-indonesia,corridor,en
0.3,https://rateships.com/en/shipping/egypt-to-ireland,corridor,en
0.3,https://rateships.com/en/shipping/egypt-to-israel,corridor,en
0.3,https://rateships.com/en/shipping/egypt-to-italy,corridor,en
0.3,https://rateships.com/en/shipping/egypt-to-japan,corridor,en
0.3,https://rateships.com/en/shipping/egypt-to-kazakhstan,corridor,en
0.3,https://rateships.com/en/shipping/egypt-to-malaysia,corridor,en
0.3,https://rateships.com/en/shipping/egypt-to-mexico,corridor,en
0.3,https://rateships.com/en/shipping/egypt-to-netherlands,corridor,en
0.3,https://rateships.com/en/shipping/egypt-to-new-zealand,corridor,en
0.3,https://rateships.com/en/shipping/egypt-to-nigeria,corridor,en
0.3,https://rateships.com/en/shipping/egypt-to-norway,corridor,en
0.3,https://rateships.com/en/shipping/egypt-to-pakistan,corridor,en
0.3,https://rateships.com/en/shipping/egypt-to-peru,corridor,en
0.3,https://rateships.com/en/shipping/egypt-to-philippines,corridor,en
0.3,https://rateships.com/en/shipping/egypt-to-poland,corridor,en
0.3,https://rateships.com/en/shipping/egypt-to-portugal,corridor,en
0.3,https://rateships.com/en/shipping/egypt-to-romania,corridor,en
0.3,https://rateships.com/en/shipping/egypt-to-russia,corridor,en
0.3,https://rateships.com/en/shipping/egypt-to-saudi-arabia,corridor,en
0.3,https://rateships.com/en/shipping/egypt-to-singapore,corridor,en
0.3,https://rateships.com/en/shipping/egypt-to-south-africa,corridor,en
0.3,https://rateships.com/en/shipping/egypt-to-south-korea,corridor,en
0.3,https://rateships.com/en/shipping/egypt-to-spain,corridor,en
0.3,https://rateships.com/en/shipping/egypt-to-sweden,corridor,en
0.3,https://rateships.com/en/shipping/egypt-to-switzerland,corridor,en
0.3,https://rateships.com/en/shipping/egypt-to-thailand,corridor,en
0.3,https://rateships.com/en/shipping/egypt-to-turkey,corridor,en
0.3,https://rateships.com/en/shipping/egypt-to-united-arab-emirates,corridor,en
0.3,https://rateships.com/en/shipping/egypt-to-united-kingdom,corridor,en
0.3,https://rateships.com/en/shipping/egypt-to-united-states,corridor,en
0.3,https://rateships.com/en/shipping/egypt-to-vietnam,corridor,en
0.3,https://rateships.com/en/shipping/finland-to-australia,corridor,en
0.3,https://rateships.com/en/shipping/finland-to-austria,corridor,en
0.3,https://rateships.com/en/shipping/finland-to-belgium,corridor,en
0.3,https://rateships.com/en/shipping/finland-to-brazil,corridor,en
0.3,https://rateships.com/en/shipping/finland-to-canada,corridor,en
0.3,https://rateships.com/en/shipping/finland-to-chile,corridor,en
0.3,https://rateships.com/en/shipping/finland-to-china,corridor,en
0.3,https://rateships.com/en/shipping/finland-to-colombia,corridor,en
0.3,https://rateships.com/en/shipping/finland-to-czechia,corridor,en
0.3,https://rateships.com/en/shipping/finland-to-denmark,corridor,en
0.3,https://rateships.com/en/shipping/finland-to-egypt,corridor,en
0.3,https://rateships.com/en/shipping/finland-to-france,corridor,en
0.3,https://rateships.com/en/shipping/finland-to-germany,corridor,en
0.3,https://rateships.com/en/shipping/finland-to-greece,corridor,en
0.3,https://rateships.com/en/shipping/finland-to-hong-kong,corridor,en
0.3,https://rateships.com/en/shipping/finland-to-hungary,corridor,en
0.3,https://rateships.com/en/shipping/finland-to-india,corridor,en
0.3,https://rateships.com/en/shipping/finland-to-indonesia,corridor,en
0.3,https://rateships.com/en/shipping/finland-to-ireland,corridor,en
0.3,https://rateships.com/en/shipping/finland-to-israel,corridor,en
0.3,https://rateships.com/en/shipping/finland-to-italy,corridor,en
0.3,https://rateships.com/en/shipping/finland-to-japan,corridor,en
0.3,https://rateships.com/en/shipping/finland-to-kazakhstan,corridor,en
0.3,https://rateships.com/en/shipping/finland-to-malaysia,corridor,en
0.3,https://rateships.com/en/shipping/finland-to-mexico,corridor,en
0.3,https://rateships.com/en/shipping/finland-to-netherlands,corridor,en
0.3,https://rateships.com/en/shipping/finland-to-new-zealand,corridor,en
0.3,https://rateships.com/en/shipping/finland-to-nigeria,corridor,en
0.3,https://rateships.com/en/shipping/finland-to-norway,corridor,en
0.3,https://rateships.com/en/shipping/finland-to-pakistan,corridor,en
0.3,https://rateships.com/en/shipping/finland-to-peru,corridor,en
0.3,https://rateships.com/en/shipping/finland-to-philippines,corridor,en
0.3,https://rateships.com/en/shipping/finland-to-poland,corridor,en
0.3,https://rateships.com/en/shipping/finland-to-portugal,corridor,en
0.3,https://rateships.com/en/shipping/finland-to-romania,corridor,en
0.3,https://rateships.com/en/shipping/finland-to-russia,corridor,en
0.3,https://rateships.com/en/shipping/finland-to-saudi-arabia,corridor,en
0.3,https://rateships.com/en/shipping/finland-to-singapore,corridor,en
0.3,https://rateships.com/en/shipping/finland-to-south-africa,corridor,en
0.3,https://rateships.com/en/shipping/finland-to-south-korea,corridor,en
0.3,https://rateships.com/en/shipping/finland-to-spain,corridor,en
0.3,https://rateships.com/en/shipping/finland-to-sweden,corridor,en
0.3,https://rateships.com/en/shipping/finland-to-switzerland,corridor,en
0.3,https://rateships.com/en/shipping/finland-to-thailand,corridor,en
0.3,https://rateships.com/en/shipping/finland-to-turkey,corridor,en
0.3,https://rateships.com/en/shipping/finland-to-united-arab-emirates,corridor,en
0.3,https://rateships.com/en/shipping/finland-to-united-kingdom,corridor,en
0.3,https://rateships.com/en/shipping/finland-to-united-states,corridor,en
0.3,https://rateships.com/en/shipping/finland-to-vietnam,corridor,en
0.3,https://rateships.com/en/shipping/france-to-austria,corridor,en
0.3,https://rateships.com/en/shipping/france-to-belgium,corridor,en
0.3,https://rateships.com/en/shipping/france-to-chile,corridor,en
0.3,https://rateships.com/en/shipping/france-to-colombia,corridor,en
0.3,https://rateships.com/en/shipping/france-to-czechia,corridor,en
0.3,https://rateships.com/en/shipping/france-to-denmark,corridor,en
0.3,https://rateships.com/en/shipping/france-to-egypt,corridor,en
0.3,https://rateships.com/en/shipping/france-to-finland,corridor,en
0.3,https://rateships.com/en/shipping/france-to-greece,corridor,en
0.3,https://rateships.com/en/shipping/france-to-hong-kong,corridor,en
0.3,https://rateships.com/en/shipping/france-to-hungary,corridor,en
0.3,https://rateships.com/en/shipping/france-to-ireland,corridor,en
0.3,https://rateships.com/en/shipping/france-to-israel,corridor,en
0.3,https://rateships.com/en/shipping/france-to-kazakhstan,corridor,en
0.3,https://rateships.com/en/shipping/france-to-malaysia,corridor,en
0.3,https://rateships.com/en/shipping/france-to-new-zealand,corridor,en
0.3,https://rateships.com/en/shipping/france-to-nigeria,corridor,en
0.3,https://rateships.com/en/shipping/france-to-norway,corridor,en
0.3,https://rateships.com/en/shipping/france-to-pakistan,corridor,en
0.3,https://rateships.com/en/shipping/france-to-peru,corridor,en
0.3,https://rateships.com/en/shipping/france-to-philippines,corridor,en
0.3,https://rateships.com/en/shipping/france-to-poland,corridor,en
0.3,https://rateships.com/en/shipping/france-to-portugal,corridor,en
0.3,https://rateships.com/en/shipping/france-to-romania,corridor,en
0.3,https://rateships.com/en/shipping/france-to-singapore,corridor,en
0.3,https://rateships.com/en/shipping/france-to-south-africa,corridor,en
0.3,https://rateships.com/en/shipping/france-to-sweden,corridor,en
0.3,https://rateships.com/en/shipping/france-to-thailand,corridor,en
0.3,https://rateships.com/en/shipping/france-to-united-arab-emirates,corridor,en
0.3,https://rateships.com/en/shipping/france-to-vietnam,corridor,en
0.3,https://rateships.com/en/shipping/germany-to-austria,corridor,en
0.3,https://rateships.com/en/shipping/germany-to-belgium,corridor,en
0.3,https://rateships.com/en/shipping/germany-to-chile,corridor,en
0.3,https://rateships.com/en/shipping/germany-to-colombia,corridor,en
0.3,https://rateships.com/en/shipping/germany-to-czechia,corridor,en
0.3,https://rateships.com/en/shipping/germany-to-denmark,corridor,en
0.3,https://rateships.com/en/shipping/germany-to-egypt,corridor,en
0.3,https://rateships.com/en/shipping/germany-to-finland,corridor,en
0.3,https://rateships.com/en/shipping/germany-to-greece,corridor,en
0.3,https://rateships.com/en/shipping/germany-to-hong-kong,corridor,en
0.3,https://rateships.com/en/shipping/germany-to-hungary,corridor,en
0.3,https://rateships.com/en/shipping/germany-to-ireland,corridor,en
0.3,https://rateships.com/en/shipping/germany-to-israel,corridor,en
0.3,https://rateships.com/en/shipping/germany-to-kazakhstan,corridor,en
0.3,https://rateships.com/en/shipping/germany-to-malaysia,corridor,en
0.3,https://rateships.com/en/shipping/germany-to-new-zealand,corridor,en
0.3,https://rateships.com/en/shipping/germany-to-nigeria,corridor,en
0.3,https://rateships.com/en/shipping/germany-to-norway,corridor,en
0.3,https://rateships.com/en/shipping/germany-to-pakistan,corridor,en
0.3,https://rateships.com/en/shipping/germany-to-peru,corridor,en
0.3,https://rateships.com/en/shipping/germany-to-philippines,corridor,en
0.3,https://rateships.com/en/shipping/germany-to-poland,corridor,en
0.3,https://rateships.com/en/shipping/germany-to-portugal,corridor,en
0.3,https://rateships.com/en/shipping/germany-to-romania,corridor,en
0.3,https://rateships.com/en/shipping/germany-to-singapore,corridor,en
0.3,https://rateships.com/en/shipping/germany-to-south-africa,corridor,en
0.3,https://rateships.com/en/shipping/germany-to-sweden,corridor,en
0.3,https://rateships.com/en/shipping/germany-to-thailand,corridor,en
0.3,https://rateships.com/en/shipping/germany-to-united-arab-emirates,corridor,en
0.3,https://rateships.com/en/shipping/germany-to-vietnam,corridor,en
0.3,https://rateships.com/en/shipping/greece-to-australia,corridor,en
0.3,https://rateships.com/en/shipping/greece-to-austria,corridor,en
0.3,https://rateships.com/en/shipping/greece-to-belgium,corridor,en
0.3,https://rateships.com/en/shipping/greece-to-brazil,corridor,en
0.3,https://rateships.com/en/shipping/greece-to-canada,corridor,en
0.3,https://rateships.com/en/shipping/greece-to-chile,corridor,en
0.3,https://rateships.com/en/shipping/greece-to-china,corridor,en
0.3,https://rateships.com/en/shipping/greece-to-colombia,corridor,en
0.3,https://rateships.com/en/shipping/greece-to-czechia,corridor,en
0.3,https://rateships.com/en/shipping/greece-to-denmark,corridor,en
0.3,https://rateships.com/en/shipping/greece-to-egypt,corridor,en
0.3,https://rateships.com/en/shipping/greece-to-finland,corridor,en
0.3,https://rateships.com/en/shipping/greece-to-france,corridor,en
0.3,https://rateships.com/en/shipping/greece-to-germany,corridor,en
0.3,https://rateships.com/en/shipping/greece-to-hong-kong,corridor,en
0.3,https://rateships.com/en/shipping/greece-to-hungary,corridor,en
0.3,https://rateships.com/en/shipping/greece-to-india,corridor,en
0.3,https://rateships.com/en/shipping/greece-to-indonesia,corridor,en
0.3,https://rateships.com/en/shipping/greece-to-ireland,corridor,en
0.3,https://rateships.com/en/shipping/greece-to-israel,corridor,en
0.3,https://rateships.com/en/shipping/greece-to-italy,corridor,en
0.3,https://rateships.com/en/shipping/greece-to-japan,corridor,en
0.3,https://rateships.com/en/shipping/greece-to-kazakhstan,corridor,en
0.3,https://rateships.com/en/shipping/greece-to-malaysia,corridor,en
0.3,https://rateships.com/en/shipping/greece-to-mexico,corridor,en
0.3,https://rateships.com/en/shipping/greece-to-netherlands,corridor,en
0.3,https://rateships.com/en/shipping/greece-to-new-zealand,corridor,en
0.3,https://rateships.com/en/shipping/greece-to-nigeria,corridor,en
0.3,https://rateships.com/en/shipping/greece-to-norway,corridor,en
0.3,https://rateships.com/en/shipping/greece-to-pakistan,corridor,en
0.3,https://rateships.com/en/shipping/greece-to-peru,corridor,en
0.3,https://rateships.com/en/shipping/greece-to-philippines,corridor,en
0.3,https://rateships.com/en/shipping/greece-to-poland,corridor,en
0.3,https://rateships.com/en/shipping/greece-to-portugal,corridor,en
0.3,https://rateships.com/en/shipping/greece-to-romania,corridor,en
0.3,https://rateships.com/en/shipping/greece-to-russia,corridor,en
0.3,https://rateships.com/en/shipping/greece-to-saudi-arabia,corridor,en
0.3,https://rateships.com/en/shipping/greece-to-singapore,corridor,en
0.3,https://rateships.com/en/shipping/greece-to-south-africa,corridor,en
0.3,https://rateships.com/en/shipping/greece-to-south-korea,corridor,en
0.3,https://rateships.com/en/shipping/greece-to-spain,corridor,en
0.3,https://rateships.com/en/shipping/greece-to-sweden,corridor,en
0.3,https://rateships.com/en/shipping/greece-to-switzerland,corridor,en
0.3,https://rateships.com/en/shipping/greece-to-thailand,corridor,en
0.3,https://rateships.com/en/shipping/greece-to-turkey,corridor,en
0.3,https://rateships.com/en/shipping/greece-to-united-arab-emirates,corridor,en
0.3,https://rateships.com/en/shipping/greece-to-united-kingdom,corridor,en
0.3,https://rateships.com/en/shipping/greece-to-united-states,corridor,en
0.3,https://rateships.com/en/shipping/greece-to-vietnam,corridor,en
0.3,https://rateships.com/en/shipping/hong-kong-to-australia,corridor,en
0.3,https://rateships.com/en/shipping/hong-kong-to-austria,corridor,en
0.3,https://rateships.com/en/shipping/hong-kong-to-belgium,corridor,en
0.3,https://rateships.com/en/shipping/hong-kong-to-brazil,corridor,en
0.3,https://rateships.com/en/shipping/hong-kong-to-canada,corridor,en
0.3,https://rateships.com/en/shipping/hong-kong-to-chile,corridor,en
0.3,https://rateships.com/en/shipping/hong-kong-to-china,corridor,en
0.3,https://rateships.com/en/shipping/hong-kong-to-colombia,corridor,en
0.3,https://rateships.com/en/shipping/hong-kong-to-czechia,corridor,en
0.3,https://rateships.com/en/shipping/hong-kong-to-denmark,corridor,en
0.3,https://rateships.com/en/shipping/hong-kong-to-egypt,corridor,en
0.3,https://rateships.com/en/shipping/hong-kong-to-finland,corridor,en
0.3,https://rateships.com/en/shipping/hong-kong-to-france,corridor,en
0.3,https://rateships.com/en/shipping/hong-kong-to-germany,corridor,en
0.3,https://rateships.com/en/shipping/hong-kong-to-greece,corridor,en
0.3,https://rateships.com/en/shipping/hong-kong-to-hungary,corridor,en
0.3,https://rateships.com/en/shipping/hong-kong-to-india,corridor,en
0.3,https://rateships.com/en/shipping/hong-kong-to-indonesia,corridor,en
0.3,https://rateships.com/en/shipping/hong-kong-to-ireland,corridor,en
0.3,https://rateships.com/en/shipping/hong-kong-to-israel,corridor,en
0.3,https://rateships.com/en/shipping/hong-kong-to-italy,corridor,en
0.3,https://rateships.com/en/shipping/hong-kong-to-japan,corridor,en
0.3,https://rateships.com/en/shipping/hong-kong-to-kazakhstan,corridor,en
0.3,https://rateships.com/en/shipping/hong-kong-to-malaysia,corridor,en
0.3,https://rateships.com/en/shipping/hong-kong-to-mexico,corridor,en
0.3,https://rateships.com/en/shipping/hong-kong-to-netherlands,corridor,en
0.3,https://rateships.com/en/shipping/hong-kong-to-new-zealand,corridor,en
0.3,https://rateships.com/en/shipping/hong-kong-to-nigeria,corridor,en
0.3,https://rateships.com/en/shipping/hong-kong-to-norway,corridor,en
0.3,https://rateships.com/en/shipping/hong-kong-to-pakistan,corridor,en
0.3,https://rateships.com/en/shipping/hong-kong-to-peru,corridor,en
0.3,https://rateships.com/en/shipping/hong-kong-to-philippines,corridor,en
0.3,https://rateships.com/en/shipping/hong-kong-to-poland,corridor,en
0.3,https://rateships.com/en/shipping/hong-kong-to-portugal,corridor,en
0.3,https://rateships.com/en/shipping/hong-kong-to-romania,corridor,en
0.3,https://rateships.com/en/shipping/hong-kong-to-russia,corridor,en
0.3,https://rateships.com/en/shipping/hong-kong-to-saudi-arabia,corridor,en
0.3,https://rateships.com/en/shipping/hong-kong-to-singapore,corridor,en
0.3,https://rateships.com/en/shipping/hong-kong-to-south-africa,corridor,en
0.3,https://rateships.com/en/shipping/hong-kong-to-south-korea,corridor,en
0.3,https://rateships.com/en/shipping/hong-kong-to-spain,corridor,en
0.3,https://rateships.com/en/shipping/hong-kong-to-sweden,corridor,en
0.3,https://rateships.com/en/shipping/hong-kong-to-switzerland,corridor,en
0.3,https://rateships.com/en/shipping/hong-kong-to-thailand,corridor,en
0.3,https://rateships.com/en/shipping/hong-kong-to-turkey,corridor,en
0.3,https://rateships.com/en/shipping/hong-kong-to-united-arab-emirates,corridor,en
0.3,https://rateships.com/en/shipping/hong-kong-to-united-kingdom,corridor,en
0.3,https://rateships.com/en/shipping/hong-kong-to-united-states,corridor,en
0.3,https://rateships.com/en/shipping/hong-kong-to-vietnam,corridor,en
0.3,https://rateships.com/en/shipping/hungary-to-australia,corridor,en
0.3,https://rateships.com/en/shipping/hungary-to-austria,corridor,en
0.3,https://rateships.com/en/shipping/hungary-to-belgium,corridor,en
0.3,https://rateships.com/en/shipping/hungary-to-brazil,corridor,en
0.3,https://rateships.com/en/shipping/hungary-to-canada,corridor,en
0.3,https://rateships.com/en/shipping/hungary-to-chile,corridor,en
0.3,https://rateships.com/en/shipping/hungary-to-china,corridor,en
0.3,https://rateships.com/en/shipping/hungary-to-colombia,corridor,en
0.3,https://rateships.com/en/shipping/hungary-to-czechia,corridor,en
0.3,https://rateships.com/en/shipping/hungary-to-denmark,corridor,en
0.3,https://rateships.com/en/shipping/hungary-to-egypt,corridor,en
0.3,https://rateships.com/en/shipping/hungary-to-finland,corridor,en
0.3,https://rateships.com/en/shipping/hungary-to-france,corridor,en
0.3,https://rateships.com/en/shipping/hungary-to-germany,corridor,en
0.3,https://rateships.com/en/shipping/hungary-to-greece,corridor,en
0.3,https://rateships.com/en/shipping/hungary-to-hong-kong,corridor,en
0.3,https://rateships.com/en/shipping/hungary-to-india,corridor,en
0.3,https://rateships.com/en/shipping/hungary-to-indonesia,corridor,en
0.3,https://rateships.com/en/shipping/hungary-to-ireland,corridor,en
0.3,https://rateships.com/en/shipping/hungary-to-israel,corridor,en
0.3,https://rateships.com/en/shipping/hungary-to-italy,corridor,en
0.3,https://rateships.com/en/shipping/hungary-to-japan,corridor,en
0.3,https://rateships.com/en/shipping/hungary-to-kazakhstan,corridor,en
0.3,https://rateships.com/en/shipping/hungary-to-malaysia,corridor,en
0.3,https://rateships.com/en/shipping/hungary-to-mexico,corridor,en
0.3,https://rateships.com/en/shipping/hungary-to-netherlands,corridor,en
0.3,https://rateships.com/en/shipping/hungary-to-new-zealand,corridor,en
0.3,https://rateships.com/en/shipping/hungary-to-nigeria,corridor,en
0.3,https://rateships.com/en/shipping/hungary-to-norway,corridor,en
0.3,https://rateships.com/en/shipping/hungary-to-pakistan,corridor,en
0.3,https://rateships.com/en/shipping/hungary-to-peru,corridor,en
0.3,https://rateships.com/en/shipping/hungary-to-philippines,corridor,en
0.3,https://rateships.com/en/shipping/hungary-to-poland,corridor,en
0.3,https://rateships.com/en/shipping/hungary-to-portugal,corridor,en
0.3,https://rateships.com/en/shipping/hungary-to-romania,corridor,en
0.3,https://rateships.com/en/shipping/hungary-to-russia,corridor,en
0.3,https://rateships.com/en/shipping/hungary-to-saudi-arabia,corridor,en
0.3,https://rateships.com/en/shipping/hungary-to-singapore,corridor,en
0.3,https://rateships.com/en/shipping/hungary-to-south-africa,corridor,en
0.3,https://rateships.com/en/shipping/hungary-to-south-korea,corridor,en
0.3,https://rateships.com/en/shipping/hungary-to-spain,corridor,en
0.3,https://rateships.com/en/shipping/hungary-to-sweden,corridor,en
0.3,https://rateships.com/en/shipping/hungary-to-switzerland,corridor,en
0.3,https://rateships.com/en/shipping/hungary-to-thailand,corridor,en
0.3,https://rateships.com/en/shipping/hungary-to-turkey,corridor,en
0.3,https://rateships.com/en/shipping/hungary-to-united-arab-emirates,corridor,en
0.3,https://rateships.com/en/shipping/hungary-to-united-kingdom,corridor,en
0.3,https://rateships.com/en/shipping/hungary-to-united-states,corridor,en
0.3,https://rateships.com/en/shipping/hungary-to-vietnam,corridor,en
0.3,https://rateships.com/en/shipping/india-to-austria,corridor,en
0.3,https://rateships.com/en/shipping/india-to-belgium,corridor,en
0.3,https://rateships.com/en/shipping/india-to-chile,corridor,en
0.3,https://rateships.com/en/shipping/india-to-colombia,corridor,en
0.3,https://rateships.com/en/shipping/india-to-czechia,corridor,en
0.3,https://rateships.com/en/shipping/india-to-denmark,corridor,en
0.3,https://rateships.com/en/shipping/india-to-egypt,corridor,en
0.3,https://rateships.com/en/shipping/india-to-finland,corridor,en
0.3,https://rateships.com/en/shipping/india-to-greece,corridor,en
0.3,https://rateships.com/en/shipping/india-to-hong-kong,corridor,en
0.3,https://rateships.com/en/shipping/india-to-hungary,corridor,en
0.3,https://rateships.com/en/shipping/india-to-ireland,corridor,en
0.3,https://rateships.com/en/shipping/india-to-israel,corridor,en
0.3,https://rateships.com/en/shipping/india-to-kazakhstan,corridor,en
0.3,https://rateships.com/en/shipping/india-to-malaysia,corridor,en
0.3,https://rateships.com/en/shipping/india-to-new-zealand,corridor,en
0.3,https://rateships.com/en/shipping/india-to-nigeria,corridor,en
0.3,https://rateships.com/en/shipping/india-to-norway,corridor,en
0.3,https://rateships.com/en/shipping/india-to-pakistan,corridor,en
0.3,https://rateships.com/en/shipping/india-to-peru,corridor,en
0.3,https://rateships.com/en/shipping/india-to-philippines,corridor,en
0.3,https://rateships.com/en/shipping/india-to-poland,corridor,en
0.3,https://rateships.com/en/shipping/india-to-portugal,corridor,en
0.3,https://rateships.com/en/shipping/india-to-romania,corridor,en
0.3,https://rateships.com/en/shipping/india-to-singapore,corridor,en
0.3,https://rateships.com/en/shipping/india-to-south-africa,corridor,en
0.3,https://rateships.com/en/shipping/india-to-sweden,corridor,en
0.3,https://rateships.com/en/shipping/india-to-thailand,corridor,en
0.3,https://rateships.com/en/shipping/india-to-united-arab-emirates,corridor,en
0.3,https://rateships.com/en/shipping/india-to-vietnam,corridor,en
0.3,https://rateships.com/en/shipping/indonesia-to-austria,corridor,en
0.3,https://rateships.com/en/shipping/indonesia-to-belgium,corridor,en
0.3,https://rateships.com/en/shipping/indonesia-to-chile,corridor,en
0.3,https://rateships.com/en/shipping/indonesia-to-colombia,corridor,en
0.3,https://rateships.com/en/shipping/indonesia-to-czechia,corridor,en
0.3,https://rateships.com/en/shipping/indonesia-to-denmark,corridor,en
0.3,https://rateships.com/en/shipping/indonesia-to-egypt,corridor,en
0.3,https://rateships.com/en/shipping/indonesia-to-finland,corridor,en
0.3,https://rateships.com/en/shipping/indonesia-to-greece,corridor,en
0.3,https://rateships.com/en/shipping/indonesia-to-hong-kong,corridor,en
0.3,https://rateships.com/en/shipping/indonesia-to-hungary,corridor,en
0.3,https://rateships.com/en/shipping/indonesia-to-ireland,corridor,en
0.3,https://rateships.com/en/shipping/indonesia-to-israel,corridor,en
0.3,https://rateships.com/en/shipping/indonesia-to-kazakhstan,corridor,en
0.3,https://rateships.com/en/shipping/indonesia-to-malaysia,corridor,en
0.3,https://rateships.com/en/shipping/indonesia-to-new-zealand,corridor,en
0.3,https://rateships.com/en/shipping/indonesia-to-nigeria,corridor,en
0.3,https://rateships.com/en/shipping/indonesia-to-norway,corridor,en
0.3,https://rateships.com/en/shipping/indonesia-to-pakistan,corridor,en
0.3,https://rateships.com/en/shipping/indonesia-to-peru,corridor,en
0.3,https://rateships.com/en/shipping/indonesia-to-philippines,corridor,en
0.3,https://rateships.com/en/shipping/indonesia-to-poland,corridor,en
0.3,https://rateships.com/en/shipping/indonesia-to-portugal,corridor,en
0.3,https://rateships.com/en/shipping/indonesia-to-romania,corridor,en
0.3,https://rateships.com/en/shipping/indonesia-to-singapore,corridor,en
0.3,https://rateships.com/en/shipping/indonesia-to-south-africa,corridor,en
0.3,https://rateships.com/en/shipping/indonesia-to-sweden,corridor,en
0.3,https://rateships.com/en/shipping/indonesia-to-thailand,corridor,en
0.3,https://rateships.com/en/shipping/indonesia-to-united-arab-emirates,corridor,en
0.3,https://rateships.com/en/shipping/indonesia-to-vietnam,corridor,en
0.3,https://rateships.com/en/shipping/ireland-to-australia,corridor,en
0.3,https://rateships.com/en/shipping/ireland-to-austria,corridor,en
0.3,https://rateships.com/en/shipping/ireland-to-belgium,corridor,en
0.3,https://rateships.com/en/shipping/ireland-to-brazil,corridor,en
0.3,https://rateships.com/en/shipping/ireland-to-canada,corridor,en
0.3,https://rateships.com/en/shipping/ireland-to-chile,corridor,en
0.3,https://rateships.com/en/shipping/ireland-to-china,corridor,en
0.3,https://rateships.com/en/shipping/ireland-to-colombia,corridor,en
0.3,https://rateships.com/en/shipping/ireland-to-czechia,corridor,en
0.3,https://rateships.com/en/shipping/ireland-to-denmark,corridor,en
0.3,https://rateships.com/en/shipping/ireland-to-egypt,corridor,en
0.3,https://rateships.com/en/shipping/ireland-to-finland,corridor,en
0.3,https://rateships.com/en/shipping/ireland-to-france,corridor,en
0.3,https://rateships.com/en/shipping/ireland-to-germany,corridor,en
0.3,https://rateships.com/en/shipping/ireland-to-greece,corridor,en
0.3,https://rateships.com/en/shipping/ireland-to-hong-kong,corridor,en
0.3,https://rateships.com/en/shipping/ireland-to-hungary,corridor,en
0.3,https://rateships.com/en/shipping/ireland-to-india,corridor,en
0.3,https://rateships.com/en/shipping/ireland-to-indonesia,corridor,en
0.3,https://rateships.com/en/shipping/ireland-to-israel,corridor,en
0.3,https://rateships.com/en/shipping/ireland-to-italy,corridor,en
0.3,https://rateships.com/en/shipping/ireland-to-japan,corridor,en
0.3,https://rateships.com/en/shipping/ireland-to-kazakhstan,corridor,en
0.3,https://rateships.com/en/shipping/ireland-to-malaysia,corridor,en
0.3,https://rateships.com/en/shipping/ireland-to-mexico,corridor,en
0.3,https://rateships.com/en/shipping/ireland-to-netherlands,corridor,en
0.3,https://rateships.com/en/shipping/ireland-to-new-zealand,corridor,en
0.3,https://rateships.com/en/shipping/ireland-to-nigeria,corridor,en
0.3,https://rateships.com/en/shipping/ireland-to-norway,corridor,en
0.3,https://rateships.com/en/shipping/ireland-to-pakistan,corridor,en
0.3,https://rateships.com/en/shipping/ireland-to-peru,corridor,en
0.3,https://rateships.com/en/shipping/ireland-to-philippines,corridor,en
0.3,https://rateships.com/en/shipping/ireland-to-poland,corridor,en
0.3,https://rateships.com/en/shipping/ireland-to-portugal,corridor,en
0.3,https://rateships.com/en/shipping/ireland-to-romania,corridor,en
0.3,https://rateships.com/en/shipping/ireland-to-russia,corridor,en
0.3,https://rateships.com/en/shipping/ireland-to-saudi-arabia,corridor,en
0.3,https://rateships.com/en/shipping/ireland-to-singapore,corridor,en
0.3,https://rateships.com/en/shipping/ireland-to-south-africa,corridor,en
0.3,https://rateships.com/en/shipping/ireland-to-south-korea,corridor,en
0.3,https://rateships.com/en/shipping/ireland-to-spain,corridor,en
0.3,https://rateships.com/en/shipping/ireland-to-sweden,corridor,en
0.3,https://rateships.com/en/shipping/ireland-to-switzerland,corridor,en
0.3,https://rateships.com/en/shipping/ireland-to-thailand,corridor,en
0.3,https://rateships.com/en/shipping/ireland-to-turkey,corridor,en
0.3,https://rateships.com/en/shipping/ireland-to-united-arab-emirates,corridor,en
0.3,https://rateships.com/en/shipping/ireland-to-united-kingdom,corridor,en
0.3,https://rateships.com/en/shipping/ireland-to-united-states,corridor,en
0.3,https://rateships.com/en/shipping/ireland-to-vietnam,corridor,en
0.3,https://rateships.com/en/shipping/israel-to-australia,corridor,en
0.3,https://rateships.com/en/shipping/israel-to-austria,corridor,en
0.3,https://rateships.com/en/shipping/israel-to-belgium,corridor,en
0.3,https://rateships.com/en/shipping/israel-to-brazil,corridor,en
0.3,https://rateships.com/en/shipping/israel-to-canada,corridor,en
0.3,https://rateships.com/en/shipping/israel-to-chile,corridor,en
0.3,https://rateships.com/en/shipping/israel-to-china,corridor,en
0.3,https://rateships.com/en/shipping/israel-to-colombia,corridor,en
0.3,https://rateships.com/en/shipping/israel-to-czechia,corridor,en
0.3,https://rateships.com/en/shipping/israel-to-denmark,corridor,en
0.3,https://rateships.com/en/shipping/israel-to-egypt,corridor,en
0.3,https://rateships.com/en/shipping/israel-to-finland,corridor,en
0.3,https://rateships.com/en/shipping/israel-to-france,corridor,en
0.3,https://rateships.com/en/shipping/israel-to-germany,corridor,en
0.3,https://rateships.com/en/shipping/israel-to-greece,corridor,en
0.3,https://rateships.com/en/shipping/israel-to-hong-kong,corridor,en
0.3,https://rateships.com/en/shipping/israel-to-hungary,corridor,en
0.3,https://rateships.com/en/shipping/israel-to-india,corridor,en
0.3,https://rateships.com/en/shipping/israel-to-indonesia,corridor,en
0.3,https://rateships.com/en/shipping/israel-to-ireland,corridor,en
0.3,https://rateships.com/en/shipping/israel-to-italy,corridor,en
0.3,https://rateships.com/en/shipping/israel-to-japan,corridor,en
0.3,https://rateships.com/en/shipping/israel-to-kazakhstan,corridor,en
0.3,https://rateships.com/en/shipping/israel-to-malaysia,corridor,en
0.3,https://rateships.com/en/shipping/israel-to-mexico,corridor,en
0.3,https://rateships.com/en/shipping/israel-to-netherlands,corridor,en
0.3,https://rateships.com/en/shipping/israel-to-new-zealand,corridor,en
0.3,https://rateships.com/en/shipping/israel-to-nigeria,corridor,en
0.3,https://rateships.com/en/shipping/israel-to-norway,corridor,en
0.3,https://rateships.com/en/shipping/israel-to-pakistan,corridor,en
0.3,https://rateships.com/en/shipping/israel-to-peru,corridor,en
0.3,https://rateships.com/en/shipping/israel-to-philippines,corridor,en
0.3,https://rateships.com/en/shipping/israel-to-poland,corridor,en
0.3,https://rateships.com/en/shipping/israel-to-portugal,corridor,en
0.3,https://rateships.com/en/shipping/israel-to-romania,corridor,en
0.3,https://rateships.com/en/shipping/israel-to-russia,corridor,en
0.3,https://rateships.com/en/shipping/israel-to-saudi-arabia,corridor,en
0.3,https://rateships.com/en/shipping/israel-to-singapore,corridor,en
0.3,https://rateships.com/en/shipping/israel-to-south-africa,corridor,en
0.3,https://rateships.com/en/shipping/israel-to-south-korea,corridor,en
0.3,https://rateships.com/en/shipping/israel-to-spain,corridor,en
0.3,https://rateships.com/en/shipping/israel-to-sweden,corridor,en
0.3,https://rateships.com/en/shipping/israel-to-switzerland,corridor,en
0.3,https://rateships.com/en/shipping/israel-to-thailand,corridor,en
0.3,https://rateships.com/en/shipping/israel-to-turkey,corridor,en
0.3,https://rateships.com/en/shipping/israel-to-united-arab-emirates,corridor,en
0.3,https://rateships.com/en/shipping/israel-to-united-kingdom,corridor,en
0.3,https://rateships.com/en/shipping/israel-to-united-states,corridor,en
0.3,https://rateships.com/en/shipping/israel-to-vietnam,corridor,en
0.3,https://rateships.com/en/shipping/italy-to-austria,corridor,en
0.3,https://rateships.com/en/shipping/italy-to-belgium,corridor,en
0.3,https://rateships.com/en/shipping/italy-to-chile,corridor,en
0.3,https://rateships.com/en/shipping/italy-to-colombia,corridor,en
0.3,https://rateships.com/en/shipping/italy-to-czechia,corridor,en
0.3,https://rateships.com/en/shipping/italy-to-denmark,corridor,en
0.3,https://rateships.com/en/shipping/italy-to-egypt,corridor,en
0.3,https://rateships.com/en/shipping/italy-to-finland,corridor,en
0.3,https://rateships.com/en/shipping/italy-to-greece,corridor,en
0.3,https://rateships.com/en/shipping/italy-to-hong-kong,corridor,en
0.3,https://rateships.com/en/shipping/italy-to-hungary,corridor,en
0.3,https://rateships.com/en/shipping/italy-to-ireland,corridor,en
0.3,https://rateships.com/en/shipping/italy-to-israel,corridor,en
0.3,https://rateships.com/en/shipping/italy-to-kazakhstan,corridor,en
0.3,https://rateships.com/en/shipping/italy-to-malaysia,corridor,en
0.3,https://rateships.com/en/shipping/italy-to-new-zealand,corridor,en
0.3,https://rateships.com/en/shipping/italy-to-nigeria,corridor,en
0.3,https://rateships.com/en/shipping/italy-to-norway,corridor,en
0.3,https://rateships.com/en/shipping/italy-to-pakistan,corridor,en
0.3,https://rateships.com/en/shipping/italy-to-peru,corridor,en
0.3,https://rateships.com/en/shipping/italy-to-philippines,corridor,en
0.3,https://rateships.com/en/shipping/italy-to-poland,corridor,en
0.3,https://rateships.com/en/shipping/italy-to-portugal,corridor,en
0.3,https://rateships.com/en/shipping/italy-to-romania,corridor,en
0.3,https://rateships.com/en/shipping/italy-to-singapore,corridor,en
0.3,https://rateships.com/en/shipping/italy-to-south-africa,corridor,en
0.3,https://rateships.com/en/shipping/italy-to-sweden,corridor,en
0.3,https://rateships.com/en/shipping/italy-to-thailand,corridor,en
0.3,https://rateships.com/en/shipping/italy-to-united-arab-emirates,corridor,en
0.3,https://rateships.com/en/shipping/italy-to-vietnam,corridor,en
0.3,https://rateships.com/en/shipping/japan-to-austria,corridor,en
0.3,https://rateships.com/en/shipping/japan-to-belgium,corridor,en
0.3,https://rateships.com/en/shipping/japan-to-chile,corridor,en
0.3,https://rateships.com/en/shipping/japan-to-colombia,corridor,en
0.3,https://rateships.com/en/shipping/japan-to-czechia,corridor,en
0.3,https://rateships.com/en/shipping/japan-to-denmark,corridor,en
0.3,https://rateships.com/en/shipping/japan-to-egypt,corridor,en
0.3,https://rateships.com/en/shipping/japan-to-finland,corridor,en
0.3,https://rateships.com/en/shipping/japan-to-greece,corridor,en
0.3,https://rateships.com/en/shipping/japan-to-hong-kong,corridor,en
0.3,https://rateships.com/en/shipping/japan-to-hungary,corridor,en
0.3,https://rateships.com/en/shipping/japan-to-ireland,corridor,en
0.3,https://rateships.com/en/shipping/japan-to-israel,corridor,en
0.3,https://rateships.com/en/shipping/japan-to-kazakhstan,corridor,en
0.3,https://rateships.com/en/shipping/japan-to-malaysia,corridor,en
0.3,https://rateships.com/en/shipping/japan-to-new-zealand,corridor,en
0.3,https://rateships.com/en/shipping/japan-to-nigeria,corridor,en
0.3,https://rateships.com/en/shipping/japan-to-norway,corridor,en
0.3,https://rateships.com/en/shipping/japan-to-pakistan,corridor,en
0.3,https://rateships.com/en/shipping/japan-to-peru,corridor,en
0.3,https://rateships.com/en/shipping/japan-to-philippines,corridor,en
0.3,https://rateships.com/en/shipping/japan-to-poland,corridor,en
0.3,https://rateships.com/en/shipping/japan-to-portugal,corridor,en
0.3,https://rateships.com/en/shipping/japan-to-romania,corridor,en
0.3,https://rateships.com/en/shipping/japan-to-singapore,corridor,en
0.3,https://rateships.com/en/shipping/japan-to-south-africa,corridor,en
0.3,https://rateships.com/en/shipping/japan-to-sweden,corridor,en
0.3,https://rateships.com/en/shipping/japan-to-thailand,corridor,en
0.3,https://rateships.com/en/shipping/japan-to-united-arab-emirates,corridor,en
0.3,https://rateships.com/en/shipping/japan-to-vietnam,corridor,en
0.3,https://rateships.com/en/shipping/kazakhstan-to-australia,corridor,en
0.3,https://rateships.com/en/shipping/kazakhstan-to-austria,corridor,en
0.3,https://rateships.com/en/shipping/kazakhstan-to-belgium,corridor,en
0.3,https://rateships.com/en/shipping/kazakhstan-to-brazil,corridor,en
0.3,https://rateships.com/en/shipping/kazakhstan-to-canada,corridor,en
0.3,https://rateships.com/en/shipping/kazakhstan-to-chile,corridor,en
0.3,https://rateships.com/en/shipping/kazakhstan-to-china,corridor,en
0.3,https://rateships.com/en/shipping/kazakhstan-to-colombia,corridor,en
0.3,https://rateships.com/en/shipping/kazakhstan-to-czechia,corridor,en
0.3,https://rateships.com/en/shipping/kazakhstan-to-denmark,corridor,en
0.3,https://rateships.com/en/shipping/kazakhstan-to-egypt,corridor,en
0.3,https://rateships.com/en/shipping/kazakhstan-to-finland,corridor,en
0.3,https://rateships.com/en/shipping/kazakhstan-to-france,corridor,en
0.3,https://rateships.com/en/shipping/kazakhstan-to-germany,corridor,en
0.3,https://rateships.com/en/shipping/kazakhstan-to-greece,corridor,en
0.3,https://rateships.com/en/shipping/kazakhstan-to-hong-kong,corridor,en
0.3,https://rateships.com/en/shipping/kazakhstan-to-hungary,corridor,en
0.3,https://rateships.com/en/shipping/kazakhstan-to-india,corridor,en
0.3,https://rateships.com/en/shipping/kazakhstan-to-indonesia,corridor,en
0.3,https://rateships.com/en/shipping/kazakhstan-to-ireland,corridor,en
0.3,https://rateships.com/en/shipping/kazakhstan-to-israel,corridor,en
0.3,https://rateships.com/en/shipping/kazakhstan-to-italy,corridor,en
0.3,https://rateships.com/en/shipping/kazakhstan-to-japan,corridor,en
0.3,https://rateships.com/en/shipping/kazakhstan-to-malaysia,corridor,en
0.3,https://rateships.com/en/shipping/kazakhstan-to-mexico,corridor,en
0.3,https://rateships.com/en/shipping/kazakhstan-to-netherlands,corridor,en
0.3,https://rateships.com/en/shipping/kazakhstan-to-new-zealand,corridor,en
0.3,https://rateships.com/en/shipping/kazakhstan-to-nigeria,corridor,en
0.3,https://rateships.com/en/shipping/kazakhstan-to-norway,corridor,en
0.3,https://rateships.com/en/shipping/kazakhstan-to-pakistan,corridor,en
0.3,https://rateships.com/en/shipping/kazakhstan-to-peru,corridor,en
0.3,https://rateships.com/en/shipping/kazakhstan-to-philippines,corridor,en
0.3,https://rateships.com/en/shipping/kazakhstan-to-poland,corridor,en
0.3,https://rateships.com/en/shipping/kazakhstan-to-portugal,corridor,en
0.3,https://rateships.com/en/shipping/kazakhstan-to-romania,corridor,en
0.3,https://rateships.com/en/shipping/kazakhstan-to-russia,corridor,en
0.3,https://rateships.com/en/shipping/kazakhstan-to-saudi-arabia,corridor,en
0.3,https://rateships.com/en/shipping/kazakhstan-to-singapore,corridor,en
0.3,https://rateships.com/en/shipping/kazakhstan-to-south-africa,corridor,en
0.3,https://rateships.com/en/shipping/kazakhstan-to-south-korea,corridor,en
0.3,https://rateships.com/en/shipping/kazakhstan-to-spain,corridor,en
0.3,https://rateships.com/en/shipping/kazakhstan-to-sweden,corridor,en
0.3,https://rateships.com/en/shipping/kazakhstan-to-switzerland,corridor,en
0.3,https://rateships.com/en/shipping/kazakhstan-to-thailand,corridor,en
0.3,https://rateships.com/en/shipping/kazakhstan-to-turkey,corridor,en
0.3,https://rateships.com/en/shipping/kazakhstan-to-united-arab-emirates,corridor,en
0.3,https://rateships.com/en/shipping/kazakhstan-to-united-kingdom,corridor,en
0.3,https://rateships.com/en/shipping/kazakhstan-to-united-states,corridor,en
0.3,https://rateships.com/en/shipping/kazakhstan-to-vietnam,corridor,en
0.3,https://rateships.com/en/shipping/malaysia-to-australia,corridor,en
0.3,https://rateships.com/en/shipping/malaysia-to-austria,corridor,en
0.3,https://rateships.com/en/shipping/malaysia-to-belgium,corridor,en
0.3,https://rateships.com/en/shipping/malaysia-to-brazil,corridor,en
0.3,https://rateships.com/en/shipping/malaysia-to-canada,corridor,en
0.3,https://rateships.com/en/shipping/malaysia-to-chile,corridor,en
0.3,https://rateships.com/en/shipping/malaysia-to-china,corridor,en
0.3,https://rateships.com/en/shipping/malaysia-to-colombia,corridor,en
0.3,https://rateships.com/en/shipping/malaysia-to-czechia,corridor,en
0.3,https://rateships.com/en/shipping/malaysia-to-denmark,corridor,en
0.3,https://rateships.com/en/shipping/malaysia-to-egypt,corridor,en
0.3,https://rateships.com/en/shipping/malaysia-to-finland,corridor,en
0.3,https://rateships.com/en/shipping/malaysia-to-france,corridor,en
0.3,https://rateships.com/en/shipping/malaysia-to-germany,corridor,en
0.3,https://rateships.com/en/shipping/malaysia-to-greece,corridor,en
0.3,https://rateships.com/en/shipping/malaysia-to-hong-kong,corridor,en
0.3,https://rateships.com/en/shipping/malaysia-to-hungary,corridor,en
0.3,https://rateships.com/en/shipping/malaysia-to-india,corridor,en
0.3,https://rateships.com/en/shipping/malaysia-to-indonesia,corridor,en
0.3,https://rateships.com/en/shipping/malaysia-to-ireland,corridor,en
0.3,https://rateships.com/en/shipping/malaysia-to-israel,corridor,en
0.3,https://rateships.com/en/shipping/malaysia-to-italy,corridor,en
0.3,https://rateships.com/en/shipping/malaysia-to-japan,corridor,en
0.3,https://rateships.com/en/shipping/malaysia-to-kazakhstan,corridor,en
0.3,https://rateships.com/en/shipping/malaysia-to-mexico,corridor,en
0.3,https://rateships.com/en/shipping/malaysia-to-netherlands,corridor,en
0.3,https://rateships.com/en/shipping/malaysia-to-new-zealand,corridor,en
0.3,https://rateships.com/en/shipping/malaysia-to-nigeria,corridor,en
0.3,https://rateships.com/en/shipping/malaysia-to-norway,corridor,en
0.3,https://rateships.com/en/shipping/malaysia-to-pakistan,corridor,en
0.3,https://rateships.com/en/shipping/malaysia-to-peru,corridor,en
0.3,https://rateships.com/en/shipping/malaysia-to-philippines,corridor,en
0.3,https://rateships.com/en/shipping/malaysia-to-poland,corridor,en
0.3,https://rateships.com/en/shipping/malaysia-to-portugal,corridor,en
0.3,https://rateships.com/en/shipping/malaysia-to-romania,corridor,en
0.3,https://rateships.com/en/shipping/malaysia-to-russia,corridor,en
0.3,https://rateships.com/en/shipping/malaysia-to-saudi-arabia,corridor,en
0.3,https://rateships.com/en/shipping/malaysia-to-singapore,corridor,en
0.3,https://rateships.com/en/shipping/malaysia-to-south-africa,corridor,en
0.3,https://rateships.com/en/shipping/malaysia-to-south-korea,corridor,en
0.3,https://rateships.com/en/shipping/malaysia-to-spain,corridor,en
0.3,https://rateships.com/en/shipping/malaysia-to-sweden,corridor,en
0.3,https://rateships.com/en/shipping/malaysia-to-switzerland,corridor,en
0.3,https://rateships.com/en/shipping/malaysia-to-thailand,corridor,en
0.3,https://rateships.com/en/shipping/malaysia-to-turkey,corridor,en
0.3,https://rateships.com/en/shipping/malaysia-to-united-arab-emirates,corridor,en
0.3,https://rateships.com/en/shipping/malaysia-to-united-kingdom,corridor,en
0.3,https://rateships.com/en/shipping/malaysia-to-united-states,corridor,en
0.3,https://rateships.com/en/shipping/malaysia-to-vietnam,corridor,en
0.3,https://rateships.com/en/shipping/mexico-to-austria,corridor,en
0.3,https://rateships.com/en/shipping/mexico-to-belgium,corridor,en
0.3,https://rateships.com/en/shipping/mexico-to-chile,corridor,en
0.3,https://rateships.com/en/shipping/mexico-to-colombia,corridor,en
0.3,https://rateships.com/en/shipping/mexico-to-czechia,corridor,en
0.3,https://rateships.com/en/shipping/mexico-to-denmark,corridor,en
0.3,https://rateships.com/en/shipping/mexico-to-egypt,corridor,en
0.3,https://rateships.com/en/shipping/mexico-to-finland,corridor,en
0.3,https://rateships.com/en/shipping/mexico-to-greece,corridor,en
0.3,https://rateships.com/en/shipping/mexico-to-hong-kong,corridor,en
0.3,https://rateships.com/en/shipping/mexico-to-hungary,corridor,en
0.3,https://rateships.com/en/shipping/mexico-to-ireland,corridor,en
0.3,https://rateships.com/en/shipping/mexico-to-israel,corridor,en
0.3,https://rateships.com/en/shipping/mexico-to-kazakhstan,corridor,en
0.3,https://rateships.com/en/shipping/mexico-to-malaysia,corridor,en
0.3,https://rateships.com/en/shipping/mexico-to-new-zealand,corridor,en
0.3,https://rateships.com/en/shipping/mexico-to-nigeria,corridor,en
0.3,https://rateships.com/en/shipping/mexico-to-norway,corridor,en
0.3,https://rateships.com/en/shipping/mexico-to-pakistan,corridor,en
0.3,https://rateships.com/en/shipping/mexico-to-peru,corridor,en
0.3,https://rateships.com/en/shipping/mexico-to-philippines,corridor,en
0.3,https://rateships.com/en/shipping/mexico-to-poland,corridor,en
0.3,https://rateships.com/en/shipping/mexico-to-portugal,corridor,en
0.3,https://rateships.com/en/shipping/mexico-to-romania,corridor,en
0.3,https://rateships.com/en/shipping/mexico-to-singapore,corridor,en
0.3,https://rateships.com/en/shipping/mexico-to-south-africa,corridor,en
0.3,https://rateships.com/en/shipping/mexico-to-sweden,corridor,en
0.3,https://rateships.com/en/shipping/mexico-to-thailand,corridor,en
0.3,https://rateships.com/en/shipping/mexico-to-united-arab-emirates,corridor,en
0.3,https://rateships.com/en/shipping/mexico-to-vietnam,corridor,en
0.3,https://rateships.com/en/shipping/netherlands-to-austria,corridor,en
0.3,https://rateships.com/en/shipping/netherlands-to-belgium,corridor,en
0.3,https://rateships.com/en/shipping/netherlands-to-chile,corridor,en
0.3,https://rateships.com/en/shipping/netherlands-to-colombia,corridor,en
0.3,https://rateships.com/en/shipping/netherlands-to-czechia,corridor,en
0.3,https://rateships.com/en/shipping/netherlands-to-denmark,corridor,en
0.3,https://rateships.com/en/shipping/netherlands-to-egypt,corridor,en
0.3,https://rateships.com/en/shipping/netherlands-to-finland,corridor,en
0.3,https://rateships.com/en/shipping/netherlands-to-greece,corridor,en
0.3,https://rateships.com/en/shipping/netherlands-to-hong-kong,corridor,en
0.3,https://rateships.com/en/shipping/netherlands-to-hungary,corridor,en
0.3,https://rateships.com/en/shipping/netherlands-to-ireland,corridor,en
0.3,https://rateships.com/en/shipping/netherlands-to-israel,corridor,en
0.3,https://rateships.com/en/shipping/netherlands-to-kazakhstan,corridor,en
0.3,https://rateships.com/en/shipping/netherlands-to-malaysia,corridor,en
0.3,https://rateships.com/en/shipping/netherlands-to-new-zealand,corridor,en
0.3,https://rateships.com/en/shipping/netherlands-to-nigeria,corridor,en
0.3,https://rateships.com/en/shipping/netherlands-to-norway,corridor,en
0.3,https://rateships.com/en/shipping/netherlands-to-pakistan,corridor,en
0.3,https://rateships.com/en/shipping/netherlands-to-peru,corridor,en
0.3,https://rateships.com/en/shipping/netherlands-to-philippines,corridor,en
0.3,https://rateships.com/en/shipping/netherlands-to-poland,corridor,en
0.3,https://rateships.com/en/shipping/netherlands-to-portugal,corridor,en
0.3,https://rateships.com/en/shipping/netherlands-to-romania,corridor,en
0.3,https://rateships.com/en/shipping/netherlands-to-singapore,corridor,en
0.3,https://rateships.com/en/shipping/netherlands-to-south-africa,corridor,en
0.3,https://rateships.com/en/shipping/netherlands-to-sweden,corridor,en
0.3,https://rateships.com/en/shipping/netherlands-to-thailand,corridor,en
0.3,https://rateships.com/en/shipping/netherlands-to-united-arab-emirates,corridor,en
0.3,https://rateships.com/en/shipping/netherlands-to-vietnam,corridor,en
0.3,https://rateships.com/en/shipping/new-zealand-to-australia,corridor,en
0.3,https://rateships.com/en/shipping/new-zealand-to-austria,corridor,en
0.3,https://rateships.com/en/shipping/new-zealand-to-belgium,corridor,en
0.3,https://rateships.com/en/shipping/new-zealand-to-brazil,corridor,en
0.3,https://rateships.com/en/shipping/new-zealand-to-canada,corridor,en
0.3,https://rateships.com/en/shipping/new-zealand-to-chile,corridor,en
0.3,https://rateships.com/en/shipping/new-zealand-to-china,corridor,en
0.3,https://rateships.com/en/shipping/new-zealand-to-colombia,corridor,en
0.3,https://rateships.com/en/shipping/new-zealand-to-czechia,corridor,en
0.3,https://rateships.com/en/shipping/new-zealand-to-denmark,corridor,en
0.3,https://rateships.com/en/shipping/new-zealand-to-egypt,corridor,en
0.3,https://rateships.com/en/shipping/new-zealand-to-finland,corridor,en
0.3,https://rateships.com/en/shipping/new-zealand-to-france,corridor,en
0.3,https://rateships.com/en/shipping/new-zealand-to-germany,corridor,en
0.3,https://rateships.com/en/shipping/new-zealand-to-greece,corridor,en
0.3,https://rateships.com/en/shipping/new-zealand-to-hong-kong,corridor,en
0.3,https://rateships.com/en/shipping/new-zealand-to-hungary,corridor,en
0.3,https://rateships.com/en/shipping/new-zealand-to-india,corridor,en
0.3,https://rateships.com/en/shipping/new-zealand-to-indonesia,corridor,en
0.3,https://rateships.com/en/shipping/new-zealand-to-ireland,corridor,en
0.3,https://rateships.com/en/shipping/new-zealand-to-israel,corridor,en
0.3,https://rateships.com/en/shipping/new-zealand-to-italy,corridor,en
0.3,https://rateships.com/en/shipping/new-zealand-to-japan,corridor,en
0.3,https://rateships.com/en/shipping/new-zealand-to-kazakhstan,corridor,en
0.3,https://rateships.com/en/shipping/new-zealand-to-malaysia,corridor,en
0.3,https://rateships.com/en/shipping/new-zealand-to-mexico,corridor,en
0.3,https://rateships.com/en/shipping/new-zealand-to-netherlands,corridor,en
0.3,https://rateships.com/en/shipping/new-zealand-to-nigeria,corridor,en
0.3,https://rateships.com/en/shipping/new-zealand-to-norway,corridor,en
0.3,https://rateships.com/en/shipping/new-zealand-to-pakistan,corridor,en
0.3,https://rateships.com/en/shipping/new-zealand-to-peru,corridor,en
0.3,https://rateships.com/en/shipping/new-zealand-to-philippines,corridor,en
0.3,https://rateships.com/en/shipping/new-zealand-to-poland,corridor,en
0.3,https://rateships.com/en/shipping/new-zealand-to-portugal,corridor,en
0.3,https://rateships.com/en/shipping/new-zealand-to-romania,corridor,en
0.3,https://rateships.com/en/shipping/new-zealand-to-russia,corridor,en
0.3,https://rateships.com/en/shipping/new-zealand-to-saudi-arabia,corridor,en
0.3,https://rateships.com/en/shipping/new-zealand-to-singapore,corridor,en
0.3,https://rateships.com/en/shipping/new-zealand-to-south-africa,corridor,en
0.3,https://rateships.com/en/shipping/new-zealand-to-south-korea,corridor,en
0.3,https://rateships.com/en/shipping/new-zealand-to-spain,corridor,en
0.3,https://rateships.com/en/shipping/new-zealand-to-sweden,corridor,en
0.3,https://rateships.com/en/shipping/new-zealand-to-switzerland,corridor,en
0.3,https://rateships.com/en/shipping/new-zealand-to-thailand,corridor,en
0.3,https://rateships.com/en/shipping/new-zealand-to-turkey,corridor,en
0.3,https://rateships.com/en/shipping/new-zealand-to-united-arab-emirates,corridor,en
0.3,https://rateships.com/en/shipping/new-zealand-to-united-kingdom,corridor,en
0.3,https://rateships.com/en/shipping/new-zealand-to-united-states,corridor,en
0.3,https://rateships.com/en/shipping/new-zealand-to-vietnam,corridor,en
0.3,https://rateships.com/en/shipping/nigeria-to-australia,corridor,en
0.3,https://rateships.com/en/shipping/nigeria-to-austria,corridor,en
0.3,https://rateships.com/en/shipping/nigeria-to-belgium,corridor,en
0.3,https://rateships.com/en/shipping/nigeria-to-brazil,corridor,en
0.3,https://rateships.com/en/shipping/nigeria-to-canada,corridor,en
0.3,https://rateships.com/en/shipping/nigeria-to-chile,corridor,en
0.3,https://rateships.com/en/shipping/nigeria-to-china,corridor,en
0.3,https://rateships.com/en/shipping/nigeria-to-colombia,corridor,en
0.3,https://rateships.com/en/shipping/nigeria-to-czechia,corridor,en
0.3,https://rateships.com/en/shipping/nigeria-to-denmark,corridor,en
0.3,https://rateships.com/en/shipping/nigeria-to-egypt,corridor,en
0.3,https://rateships.com/en/shipping/nigeria-to-finland,corridor,en
0.3,https://rateships.com/en/shipping/nigeria-to-france,corridor,en
0.3,https://rateships.com/en/shipping/nigeria-to-germany,corridor,en
0.3,https://rateships.com/en/shipping/nigeria-to-greece,corridor,en
0.3,https://rateships.com/en/shipping/nigeria-to-hong-kong,corridor,en
0.3,https://rateships.com/en/shipping/nigeria-to-hungary,corridor,en
0.3,https://rateships.com/en/shipping/nigeria-to-india,corridor,en
0.3,https://rateships.com/en/shipping/nigeria-to-indonesia,corridor,en
0.3,https://rateships.com/en/shipping/nigeria-to-ireland,corridor,en
0.3,https://rateships.com/en/shipping/nigeria-to-israel,corridor,en
0.3,https://rateships.com/en/shipping/nigeria-to-italy,corridor,en
0.3,https://rateships.com/en/shipping/nigeria-to-japan,corridor,en
0.3,https://rateships.com/en/shipping/nigeria-to-kazakhstan,corridor,en
0.3,https://rateships.com/en/shipping/nigeria-to-malaysia,corridor,en
0.3,https://rateships.com/en/shipping/nigeria-to-mexico,corridor,en
0.3,https://rateships.com/en/shipping/nigeria-to-netherlands,corridor,en
0.3,https://rateships.com/en/shipping/nigeria-to-new-zealand,corridor,en
0.3,https://rateships.com/en/shipping/nigeria-to-norway,corridor,en
0.3,https://rateships.com/en/shipping/nigeria-to-pakistan,corridor,en
0.3,https://rateships.com/en/shipping/nigeria-to-peru,corridor,en
0.3,https://rateships.com/en/shipping/nigeria-to-philippines,corridor,en
0.3,https://rateships.com/en/shipping/nigeria-to-poland,corridor,en
0.3,https://rateships.com/en/shipping/nigeria-to-portugal,corridor,en
0.3,https://rateships.com/en/shipping/nigeria-to-romania,corridor,en
0.3,https://rateships.com/en/shipping/nigeria-to-russia,corridor,en
0.3,https://rateships.com/en/shipping/nigeria-to-saudi-arabia,corridor,en
0.3,https://rateships.com/en/shipping/nigeria-to-singapore,corridor,en
0.3,https://rateships.com/en/shipping/nigeria-to-south-africa,corridor,en
0.3,https://rateships.com/en/shipping/nigeria-to-south-korea,corridor,en
0.3,https://rateships.com/en/shipping/nigeria-to-spain,corridor,en
0.3,https://rateships.com/en/shipping/nigeria-to-sweden,corridor,en
0.3,https://rateships.com/en/shipping/nigeria-to-switzerland,corridor,en
0.3,https://rateships.com/en/shipping/nigeria-to-thailand,corridor,en
0.3,https://rateships.com/en/shipping/nigeria-to-turkey,corridor,en
0.3,https://rateships.com/en/shipping/nigeria-to-united-arab-emirates,corridor,en
0.3,https://rateships.com/en/shipping/nigeria-to-united-kingdom,corridor,en
0.3,https://rateships.com/en/shipping/nigeria-to-united-states,corridor,en
0.3,https://rateships.com/en/shipping/nigeria-to-vietnam,corridor,en
0.3,https://rateships.com/en/shipping/norway-to-australia,corridor,en
0.3,https://rateships.com/en/shipping/norway-to-austria,corridor,en
0.3,https://rateships.com/en/shipping/norway-to-belgium,corridor,en
0.3,https://rateships.com/en/shipping/norway-to-brazil,corridor,en
0.3,https://rateships.com/en/shipping/norway-to-canada,corridor,en
0.3,https://rateships.com/en/shipping/norway-to-chile,corridor,en
0.3,https://rateships.com/en/shipping/norway-to-china,corridor,en
0.3,https://rateships.com/en/shipping/norway-to-colombia,corridor,en
0.3,https://rateships.com/en/shipping/norway-to-czechia,corridor,en
0.3,https://rateships.com/en/shipping/norway-to-denmark,corridor,en
0.3,https://rateships.com/en/shipping/norway-to-egypt,corridor,en
0.3,https://rateships.com/en/shipping/norway-to-finland,corridor,en
0.3,https://rateships.com/en/shipping/norway-to-france,corridor,en
0.3,https://rateships.com/en/shipping/norway-to-germany,corridor,en
0.3,https://rateships.com/en/shipping/norway-to-greece,corridor,en
0.3,https://rateships.com/en/shipping/norway-to-hong-kong,corridor,en
0.3,https://rateships.com/en/shipping/norway-to-hungary,corridor,en
0.3,https://rateships.com/en/shipping/norway-to-india,corridor,en
0.3,https://rateships.com/en/shipping/norway-to-indonesia,corridor,en
0.3,https://rateships.com/en/shipping/norway-to-ireland,corridor,en
0.3,https://rateships.com/en/shipping/norway-to-israel,corridor,en
0.3,https://rateships.com/en/shipping/norway-to-italy,corridor,en
0.3,https://rateships.com/en/shipping/norway-to-japan,corridor,en
0.3,https://rateships.com/en/shipping/norway-to-kazakhstan,corridor,en
0.3,https://rateships.com/en/shipping/norway-to-malaysia,corridor,en
0.3,https://rateships.com/en/shipping/norway-to-mexico,corridor,en
0.3,https://rateships.com/en/shipping/norway-to-netherlands,corridor,en
0.3,https://rateships.com/en/shipping/norway-to-new-zealand,corridor,en
0.3,https://rateships.com/en/shipping/norway-to-nigeria,corridor,en
0.3,https://rateships.com/en/shipping/norway-to-pakistan,corridor,en
0.3,https://rateships.com/en/shipping/norway-to-peru,corridor,en
0.3,https://rateships.com/en/shipping/norway-to-philippines,corridor,en
0.3,https://rateships.com/en/shipping/norway-to-poland,corridor,en
0.3,https://rateships.com/en/shipping/norway-to-portugal,corridor,en
0.3,https://rateships.com/en/shipping/norway-to-romania,corridor,en
0.3,https://rateships.com/en/shipping/norway-to-russia,corridor,en
0.3,https://rateships.com/en/shipping/norway-to-saudi-arabia,corridor,en
0.3,https://rateships.com/en/shipping/norway-to-singapore,corridor,en
0.3,https://rateships.com/en/shipping/norway-to-south-africa,corridor,en
0.3,https://rateships.com/en/shipping/norway-to-south-korea,corridor,en
0.3,https://rateships.com/en/shipping/norway-to-spain,corridor,en
0.3,https://rateships.com/en/shipping/norway-to-sweden,corridor,en
0.3,https://rateships.com/en/shipping/norway-to-switzerland,corridor,en
0.3,https://rateships.com/en/shipping/norway-to-thailand,corridor,en
0.3,https://rateships.com/en/shipping/norway-to-turkey,corridor,en
0.3,https://rateships.com/en/shipping/norway-to-united-arab-emirates,corridor,en
0.3,https://rateships.com/en/shipping/norway-to-united-kingdom,corridor,en
0.3,https://rateships.com/en/shipping/norway-to-united-states,corridor,en
0.3,https://rateships.com/en/shipping/norway-to-vietnam,corridor,en
0.3,https://rateships.com/en/shipping/pakistan-to-australia,corridor,en
0.3,https://rateships.com/en/shipping/pakistan-to-austria,corridor,en
0.3,https://rateships.com/en/shipping/pakistan-to-belgium,corridor,en
0.3,https://rateships.com/en/shipping/pakistan-to-brazil,corridor,en
0.3,https://rateships.com/en/shipping/pakistan-to-canada,corridor,en
0.3,https://rateships.com/en/shipping/pakistan-to-chile,corridor,en
0.3,https://rateships.com/en/shipping/pakistan-to-china,corridor,en
0.3,https://rateships.com/en/shipping/pakistan-to-colombia,corridor,en
0.3,https://rateships.com/en/shipping/pakistan-to-czechia,corridor,en
0.3,https://rateships.com/en/shipping/pakistan-to-denmark,corridor,en
0.3,https://rateships.com/en/shipping/pakistan-to-egypt,corridor,en
0.3,https://rateships.com/en/shipping/pakistan-to-finland,corridor,en
0.3,https://rateships.com/en/shipping/pakistan-to-france,corridor,en
0.3,https://rateships.com/en/shipping/pakistan-to-germany,corridor,en
0.3,https://rateships.com/en/shipping/pakistan-to-greece,corridor,en
0.3,https://rateships.com/en/shipping/pakistan-to-hong-kong,corridor,en
0.3,https://rateships.com/en/shipping/pakistan-to-hungary,corridor,en
0.3,https://rateships.com/en/shipping/pakistan-to-india,corridor,en
0.3,https://rateships.com/en/shipping/pakistan-to-indonesia,corridor,en
0.3,https://rateships.com/en/shipping/pakistan-to-ireland,corridor,en
0.3,https://rateships.com/en/shipping/pakistan-to-israel,corridor,en
0.3,https://rateships.com/en/shipping/pakistan-to-italy,corridor,en
0.3,https://rateships.com/en/shipping/pakistan-to-japan,corridor,en
0.3,https://rateships.com/en/shipping/pakistan-to-kazakhstan,corridor,en
0.3,https://rateships.com/en/shipping/pakistan-to-malaysia,corridor,en
0.3,https://rateships.com/en/shipping/pakistan-to-mexico,corridor,en
0.3,https://rateships.com/en/shipping/pakistan-to-netherlands,corridor,en
0.3,https://rateships.com/en/shipping/pakistan-to-new-zealand,corridor,en
0.3,https://rateships.com/en/shipping/pakistan-to-nigeria,corridor,en
0.3,https://rateships.com/en/shipping/pakistan-to-norway,corridor,en
0.3,https://rateships.com/en/shipping/pakistan-to-peru,corridor,en
0.3,https://rateships.com/en/shipping/pakistan-to-philippines,corridor,en
0.3,https://rateships.com/en/shipping/pakistan-to-poland,corridor,en
0.3,https://rateships.com/en/shipping/pakistan-to-portugal,corridor,en
0.3,https://rateships.com/en/shipping/pakistan-to-romania,corridor,en
0.3,https://rateships.com/en/shipping/pakistan-to-russia,corridor,en
0.3,https://rateships.com/en/shipping/pakistan-to-saudi-arabia,corridor,en
0.3,https://rateships.com/en/shipping/pakistan-to-singapore,corridor,en
0.3,https://rateships.com/en/shipping/pakistan-to-south-africa,corridor,en
0.3,https://rateships.com/en/shipping/pakistan-to-south-korea,corridor,en
0.3,https://rateships.com/en/shipping/pakistan-to-spain,corridor,en
0.3,https://rateships.com/en/shipping/pakistan-to-sweden,corridor,en
0.3,https://rateships.com/en/shipping/pakistan-to-switzerland,corridor,en
0.3,https://rateships.com/en/shipping/pakistan-to-thailand,corridor,en
0.3,https://rateships.com/en/shipping/pakistan-to-turkey,corridor,en
0.3,https://rateships.com/en/shipping/pakistan-to-united-arab-emirates,corridor,en
0.3,https://rateships.com/en/shipping/pakistan-to-united-kingdom,corridor,en
0.3,https://rateships.com/en/shipping/pakistan-to-united-states,corridor,en
0.3,https://rateships.com/en/shipping/pakistan-to-vietnam,corridor,en
0.3,https://rateships.com/en/shipping/peru-to-australia,corridor,en
0.3,https://rateships.com/en/shipping/peru-to-austria,corridor,en
0.3,https://rateships.com/en/shipping/peru-to-belgium,corridor,en
0.3,https://rateships.com/en/shipping/peru-to-brazil,corridor,en
0.3,https://rateships.com/en/shipping/peru-to-canada,corridor,en
0.3,https://rateships.com/en/shipping/peru-to-chile,corridor,en
0.3,https://rateships.com/en/shipping/peru-to-china,corridor,en
0.3,https://rateships.com/en/shipping/peru-to-colombia,corridor,en
0.3,https://rateships.com/en/shipping/peru-to-czechia,corridor,en
0.3,https://rateships.com/en/shipping/peru-to-denmark,corridor,en
0.3,https://rateships.com/en/shipping/peru-to-egypt,corridor,en
0.3,https://rateships.com/en/shipping/peru-to-finland,corridor,en
0.3,https://rateships.com/en/shipping/peru-to-france,corridor,en
0.3,https://rateships.com/en/shipping/peru-to-germany,corridor,en
0.3,https://rateships.com/en/shipping/peru-to-greece,corridor,en
0.3,https://rateships.com/en/shipping/peru-to-hong-kong,corridor,en
0.3,https://rateships.com/en/shipping/peru-to-hungary,corridor,en
0.3,https://rateships.com/en/shipping/peru-to-india,corridor,en
0.3,https://rateships.com/en/shipping/peru-to-indonesia,corridor,en
0.3,https://rateships.com/en/shipping/peru-to-ireland,corridor,en
0.3,https://rateships.com/en/shipping/peru-to-israel,corridor,en
0.3,https://rateships.com/en/shipping/peru-to-italy,corridor,en
0.3,https://rateships.com/en/shipping/peru-to-japan,corridor,en
0.3,https://rateships.com/en/shipping/peru-to-kazakhstan,corridor,en
0.3,https://rateships.com/en/shipping/peru-to-malaysia,corridor,en
0.3,https://rateships.com/en/shipping/peru-to-mexico,corridor,en
0.3,https://rateships.com/en/shipping/peru-to-netherlands,corridor,en
0.3,https://rateships.com/en/shipping/peru-to-new-zealand,corridor,en
0.3,https://rateships.com/en/shipping/peru-to-nigeria,corridor,en
0.3,https://rateships.com/en/shipping/peru-to-norway,corridor,en
0.3,https://rateships.com/en/shipping/peru-to-pakistan,corridor,en
0.3,https://rateships.com/en/shipping/peru-to-philippines,corridor,en
0.3,https://rateships.com/en/shipping/peru-to-poland,corridor,en
0.3,https://rateships.com/en/shipping/peru-to-portugal,corridor,en
0.3,https://rateships.com/en/shipping/peru-to-romania,corridor,en
0.3,https://rateships.com/en/shipping/peru-to-russia,corridor,en
0.3,https://rateships.com/en/shipping/peru-to-saudi-arabia,corridor,en
0.3,https://rateships.com/en/shipping/peru-to-singapore,corridor,en
0.3,https://rateships.com/en/shipping/peru-to-south-africa,corridor,en
0.3,https://rateships.com/en/shipping/peru-to-south-korea,corridor,en
0.3,https://rateships.com/en/shipping/peru-to-spain,corridor,en
0.3,https://rateships.com/en/shipping/peru-to-sweden,corridor,en
0.3,https://rateships.com/en/shipping/peru-to-switzerland,corridor,en
0.3,https://rateships.com/en/shipping/peru-to-thailand,corridor,en
0.3,https://rateships.com/en/shipping/peru-to-turkey,corridor,en
0.3,https://rateships.com/en/shipping/peru-to-united-arab-emirates,corridor,en
0.3,https://rateships.com/en/shipping/peru-to-united-kingdom,corridor,en
0.3,https://rateships.com/en/shipping/peru-to-united-states,corridor,en
0.3,https://rateships.com/en/shipping/peru-to-vietnam,corridor,en
0.3,https://rateships.com/en/shipping/philippines-to-australia,corridor,en
0.3,https://rateships.com/en/shipping/philippines-to-austria,corridor,en
0.3,https://rateships.com/en/shipping/philippines-to-belgium,corridor,en
0.3,https://rateships.com/en/shipping/philippines-to-brazil,corridor,en
0.3,https://rateships.com/en/shipping/philippines-to-canada,corridor,en
0.3,https://rateships.com/en/shipping/philippines-to-chile,corridor,en
0.3,https://rateships.com/en/shipping/philippines-to-china,corridor,en
0.3,https://rateships.com/en/shipping/philippines-to-colombia,corridor,en
0.3,https://rateships.com/en/shipping/philippines-to-czechia,corridor,en
0.3,https://rateships.com/en/shipping/philippines-to-denmark,corridor,en
0.3,https://rateships.com/en/shipping/philippines-to-egypt,corridor,en
0.3,https://rateships.com/en/shipping/philippines-to-finland,corridor,en
0.3,https://rateships.com/en/shipping/philippines-to-france,corridor,en
0.3,https://rateships.com/en/shipping/philippines-to-germany,corridor,en
0.3,https://rateships.com/en/shipping/philippines-to-greece,corridor,en
0.3,https://rateships.com/en/shipping/philippines-to-hong-kong,corridor,en
0.3,https://rateships.com/en/shipping/philippines-to-hungary,corridor,en
0.3,https://rateships.com/en/shipping/philippines-to-india,corridor,en
0.3,https://rateships.com/en/shipping/philippines-to-indonesia,corridor,en
0.3,https://rateships.com/en/shipping/philippines-to-ireland,corridor,en
0.3,https://rateships.com/en/shipping/philippines-to-israel,corridor,en
0.3,https://rateships.com/en/shipping/philippines-to-italy,corridor,en
0.3,https://rateships.com/en/shipping/philippines-to-japan,corridor,en
0.3,https://rateships.com/en/shipping/philippines-to-kazakhstan,corridor,en
0.3,https://rateships.com/en/shipping/philippines-to-malaysia,corridor,en
0.3,https://rateships.com/en/shipping/philippines-to-mexico,corridor,en
0.3,https://rateships.com/en/shipping/philippines-to-netherlands,corridor,en
0.3,https://rateships.com/en/shipping/philippines-to-new-zealand,corridor,en
0.3,https://rateships.com/en/shipping/philippines-to-nigeria,corridor,en
0.3,https://rateships.com/en/shipping/philippines-to-norway,corridor,en
0.3,https://rateships.com/en/shipping/philippines-to-pakistan,corridor,en
0.3,https://rateships.com/en/shipping/philippines-to-peru,corridor,en
0.3,https://rateships.com/en/shipping/philippines-to-poland,corridor,en
0.3,https://rateships.com/en/shipping/philippines-to-portugal,corridor,en
0.3,https://rateships.com/en/shipping/philippines-to-romania,corridor,en
0.3,https://rateships.com/en/shipping/philippines-to-russia,corridor,en
0.3,https://rateships.com/en/shipping/philippines-to-saudi-arabia,corridor,en
0.3,https://rateships.com/en/shipping/philippines-to-singapore,corridor,en
0.3,https://rateships.com/en/shipping/philippines-to-south-africa,corridor,en
0.3,https://rateships.com/en/shipping/philippines-to-south-korea,corridor,en
0.3,https://rateships.com/en/shipping/philippines-to-spain,corridor,en
0.3,https://rateships.com/en/shipping/philippines-to-sweden,corridor,en
0.3,https://rateships.com/en/shipping/philippines-to-switzerland,corridor,en
0.3,https://rateships.com/en/shipping/philippines-to-thailand,corridor,en
0.3,https://rateships.com/en/shipping/philippines-to-turkey,corridor,en
0.3,https://rateships.com/en/shipping/philippines-to-united-arab-emirates,corridor,en
0.3,https://rateships.com/en/shipping/philippines-to-united-kingdom,corridor,en
0.3,https://rateships.com/en/shipping/philippines-to-united-states,corridor,en
0.3,https://rateships.com/en/shipping/philippines-to-vietnam,corridor,en
0.3,https://rateships.com/en/shipping/poland-to-australia,corridor,en
0.3,https://rateships.com/en/shipping/poland-to-austria,corridor,en
0.3,https://rateships.com/en/shipping/poland-to-belgium,corridor,en
0.3,https://rateships.com/en/shipping/poland-to-brazil,corridor,en
0.3,https://rateships.com/en/shipping/poland-to-canada,corridor,en
0.3,https://rateships.com/en/shipping/poland-to-chile,corridor,en
0.3,https://rateships.com/en/shipping/poland-to-china,corridor,en
0.3,https://rateships.com/en/shipping/poland-to-colombia,corridor,en
0.3,https://rateships.com/en/shipping/poland-to-czechia,corridor,en
0.3,https://rateships.com/en/shipping/poland-to-denmark,corridor,en
0.3,https://rateships.com/en/shipping/poland-to-egypt,corridor,en
0.3,https://rateships.com/en/shipping/poland-to-finland,corridor,en
0.3,https://rateships.com/en/shipping/poland-to-france,corridor,en
0.3,https://rateships.com/en/shipping/poland-to-germany,corridor,en
0.3,https://rateships.com/en/shipping/poland-to-greece,corridor,en
0.3,https://rateships.com/en/shipping/poland-to-hong-kong,corridor,en
0.3,https://rateships.com/en/shipping/poland-to-hungary,corridor,en
0.3,https://rateships.com/en/shipping/poland-to-india,corridor,en
0.3,https://rateships.com/en/shipping/poland-to-indonesia,corridor,en
0.3,https://rateships.com/en/shipping/poland-to-ireland,corridor,en
0.3,https://rateships.com/en/shipping/poland-to-israel,corridor,en
0.3,https://rateships.com/en/shipping/poland-to-italy,corridor,en
0.3,https://rateships.com/en/shipping/poland-to-japan,corridor,en
0.3,https://rateships.com/en/shipping/poland-to-kazakhstan,corridor,en
0.3,https://rateships.com/en/shipping/poland-to-malaysia,corridor,en
0.3,https://rateships.com/en/shipping/poland-to-mexico,corridor,en
0.3,https://rateships.com/en/shipping/poland-to-netherlands,corridor,en
0.3,https://rateships.com/en/shipping/poland-to-new-zealand,corridor,en
0.3,https://rateships.com/en/shipping/poland-to-nigeria,corridor,en
0.3,https://rateships.com/en/shipping/poland-to-norway,corridor,en
0.3,https://rateships.com/en/shipping/poland-to-pakistan,corridor,en
0.3,https://rateships.com/en/shipping/poland-to-peru,corridor,en
0.3,https://rateships.com/en/shipping/poland-to-philippines,corridor,en
0.3,https://rateships.com/en/shipping/poland-to-portugal,corridor,en
0.3,https://rateships.com/en/shipping/poland-to-romania,corridor,en
0.3,https://rateships.com/en/shipping/poland-to-russia,corridor,en
0.3,https://rateships.com/en/shipping/poland-to-saudi-arabia,corridor,en
0.3,https://rateships.com/en/shipping/poland-to-singapore,corridor,en
0.3,https://rateships.com/en/shipping/poland-to-south-africa,corridor,en
0.3,https://rateships.com/en/shipping/poland-to-south-korea,corridor,en
0.3,https://rateships.com/en/shipping/poland-to-spain,corridor,en
0.3,https://rateships.com/en/shipping/poland-to-sweden,corridor,en
0.3,https://rateships.com/en/shipping/poland-to-switzerland,corridor,en
0.3,https://rateships.com/en/shipping/poland-to-thailand,corridor,en
0.3,https://rateships.com/en/shipping/poland-to-turkey,corridor,en
0.3,https://rateships.com/en/shipping/poland-to-united-arab-emirates,corridor,en
0.3,https://rateships.com/en/shipping/poland-to-united-kingdom,corridor,en
0.3,https://rateships.com/en/shipping/poland-to-united-states,corridor,en
0.3,https://rateships.com/en/shipping/poland-to-vietnam,corridor,en
0.3,https://rateships.com/en/shipping/portugal-to-australia,corridor,en
0.3,https://rateships.com/en/shipping/portugal-to-austria,corridor,en
0.3,https://rateships.com/en/shipping/portugal-to-belgium,corridor,en
0.3,https://rateships.com/en/shipping/portugal-to-brazil,corridor,en
0.3,https://rateships.com/en/shipping/portugal-to-canada,corridor,en
0.3,https://rateships.com/en/shipping/portugal-to-chile,corridor,en
0.3,https://rateships.com/en/shipping/portugal-to-china,corridor,en
0.3,https://rateships.com/en/shipping/portugal-to-colombia,corridor,en
0.3,https://rateships.com/en/shipping/portugal-to-czechia,corridor,en
0.3,https://rateships.com/en/shipping/portugal-to-denmark,corridor,en
0.3,https://rateships.com/en/shipping/portugal-to-egypt,corridor,en
0.3,https://rateships.com/en/shipping/portugal-to-finland,corridor,en
0.3,https://rateships.com/en/shipping/portugal-to-france,corridor,en
0.3,https://rateships.com/en/shipping/portugal-to-germany,corridor,en
0.3,https://rateships.com/en/shipping/portugal-to-greece,corridor,en
0.3,https://rateships.com/en/shipping/portugal-to-hong-kong,corridor,en
0.3,https://rateships.com/en/shipping/portugal-to-hungary,corridor,en
0.3,https://rateships.com/en/shipping/portugal-to-india,corridor,en
0.3,https://rateships.com/en/shipping/portugal-to-indonesia,corridor,en
0.3,https://rateships.com/en/shipping/portugal-to-ireland,corridor,en
0.3,https://rateships.com/en/shipping/portugal-to-israel,corridor,en
0.3,https://rateships.com/en/shipping/portugal-to-italy,corridor,en
0.3,https://rateships.com/en/shipping/portugal-to-japan,corridor,en
0.3,https://rateships.com/en/shipping/portugal-to-kazakhstan,corridor,en
0.3,https://rateships.com/en/shipping/portugal-to-malaysia,corridor,en
0.3,https://rateships.com/en/shipping/portugal-to-mexico,corridor,en
0.3,https://rateships.com/en/shipping/portugal-to-netherlands,corridor,en
0.3,https://rateships.com/en/shipping/portugal-to-new-zealand,corridor,en
0.3,https://rateships.com/en/shipping/portugal-to-nigeria,corridor,en
0.3,https://rateships.com/en/shipping/portugal-to-norway,corridor,en
0.3,https://rateships.com/en/shipping/portugal-to-pakistan,corridor,en
0.3,https://rateships.com/en/shipping/portugal-to-peru,corridor,en
0.3,https://rateships.com/en/shipping/portugal-to-philippines,corridor,en
0.3,https://rateships.com/en/shipping/portugal-to-poland,corridor,en
0.3,https://rateships.com/en/shipping/portugal-to-romania,corridor,en
0.3,https://rateships.com/en/shipping/portugal-to-russia,corridor,en
0.3,https://rateships.com/en/shipping/portugal-to-saudi-arabia,corridor,en
0.3,https://rateships.com/en/shipping/portugal-to-singapore,corridor,en
0.3,https://rateships.com/en/shipping/portugal-to-south-africa,corridor,en
0.3,https://rateships.com/en/shipping/portugal-to-south-korea,corridor,en
0.3,https://rateships.com/en/shipping/portugal-to-spain,corridor,en
0.3,https://rateships.com/en/shipping/portugal-to-sweden,corridor,en
0.3,https://rateships.com/en/shipping/portugal-to-switzerland,corridor,en
0.3,https://rateships.com/en/shipping/portugal-to-thailand,corridor,en
0.3,https://rateships.com/en/shipping/portugal-to-turkey,corridor,en
0.3,https://rateships.com/en/shipping/portugal-to-united-arab-emirates,corridor,en
0.3,https://rateships.com/en/shipping/portugal-to-united-kingdom,corridor,en
0.3,https://rateships.com/en/shipping/portugal-to-united-states,corridor,en
0.3,https://rateships.com/en/shipping/portugal-to-vietnam,corridor,en
0.3,https://rateships.com/en/shipping/romania-to-australia,corridor,en
0.3,https://rateships.com/en/shipping/romania-to-austria,corridor,en
0.3,https://rateships.com/en/shipping/romania-to-belgium,corridor,en
0.3,https://rateships.com/en/shipping/romania-to-brazil,corridor,en
0.3,https://rateships.com/en/shipping/romania-to-canada,corridor,en
0.3,https://rateships.com/en/shipping/romania-to-chile,corridor,en
0.3,https://rateships.com/en/shipping/romania-to-china,corridor,en
0.3,https://rateships.com/en/shipping/romania-to-colombia,corridor,en
0.3,https://rateships.com/en/shipping/romania-to-czechia,corridor,en
0.3,https://rateships.com/en/shipping/romania-to-denmark,corridor,en
0.3,https://rateships.com/en/shipping/romania-to-egypt,corridor,en
0.3,https://rateships.com/en/shipping/romania-to-finland,corridor,en
0.3,https://rateships.com/en/shipping/romania-to-france,corridor,en
0.3,https://rateships.com/en/shipping/romania-to-germany,corridor,en
0.3,https://rateships.com/en/shipping/romania-to-greece,corridor,en
0.3,https://rateships.com/en/shipping/romania-to-hong-kong,corridor,en
0.3,https://rateships.com/en/shipping/romania-to-hungary,corridor,en
0.3,https://rateships.com/en/shipping/romania-to-india,corridor,en
0.3,https://rateships.com/en/shipping/romania-to-indonesia,corridor,en
0.3,https://rateships.com/en/shipping/romania-to-ireland,corridor,en
0.3,https://rateships.com/en/shipping/romania-to-israel,corridor,en
0.3,https://rateships.com/en/shipping/romania-to-italy,corridor,en
0.3,https://rateships.com/en/shipping/romania-to-japan,corridor,en
0.3,https://rateships.com/en/shipping/romania-to-kazakhstan,corridor,en
0.3,https://rateships.com/en/shipping/romania-to-malaysia,corridor,en
0.3,https://rateships.com/en/shipping/romania-to-mexico,corridor,en
0.3,https://rateships.com/en/shipping/romania-to-netherlands,corridor,en
0.3,https://rateships.com/en/shipping/romania-to-new-zealand,corridor,en
0.3,https://rateships.com/en/shipping/romania-to-nigeria,corridor,en
0.3,https://rateships.com/en/shipping/romania-to-norway,corridor,en
0.3,https://rateships.com/en/shipping/romania-to-pakistan,corridor,en
0.3,https://rateships.com/en/shipping/romania-to-peru,corridor,en
0.3,https://rateships.com/en/shipping/romania-to-philippines,corridor,en
0.3,https://rateships.com/en/shipping/romania-to-poland,corridor,en
0.3,https://rateships.com/en/shipping/romania-to-portugal,corridor,en
0.3,https://rateships.com/en/shipping/romania-to-russia,corridor,en
0.3,https://rateships.com/en/shipping/romania-to-saudi-arabia,corridor,en
0.3,https://rateships.com/en/shipping/romania-to-singapore,corridor,en
0.3,https://rateships.com/en/shipping/romania-to-south-africa,corridor,en
0.3,https://rateships.com/en/shipping/romania-to-south-korea,corridor,en
0.3,https://rateships.com/en/shipping/romania-to-spain,corridor,en
0.3,https://rateships.com/en/shipping/romania-to-sweden,corridor,en
0.3,https://rateships.com/en/shipping/romania-to-switzerland,corridor,en
0.3,https://rateships.com/en/shipping/romania-to-thailand,corridor,en
0.3,https://rateships.com/en/shipping/romania-to-turkey,corridor,en
0.3,https://rateships.com/en/shipping/romania-to-united-arab-emirates,corridor,en
0.3,https://rateships.com/en/shipping/romania-to-united-kingdom,corridor,en
0.3,https://rateships.com/en/shipping/romania-to-united-states,corridor,en
0.3,https://rateships.com/en/shipping/romania-to-vietnam,corridor,en
0.3,https://rateships.com/en/shipping/russia-to-austria,corridor,en
0.3,https://rateships.com/en/shipping/russia-to-belgium,corridor,en
0.3,https://rateships.com/en/shipping/russia-to-chile,corridor,en
0.3,https://rateships.com/en/shipping/russia-to-colombia,corridor,en
0.3,https://rateships.com/en/shipping/russia-to-czechia,corridor,en
0.3,https://rateships.com/en/shipping/russia-to-denmark,corridor,en
0.3,https://rateships.com/en/shipping/russia-to-egypt,corridor,en
0.3,https://rateships.com/en/shipping/russia-to-finland,corridor,en
0.3,https://rateships.com/en/shipping/russia-to-greece,corridor,en
0.3,https://rateships.com/en/shipping/russia-to-hong-kong,corridor,en
0.3,https://rateships.com/en/shipping/russia-to-hungary,corridor,en
0.3,https://rateships.com/en/shipping/russia-to-ireland,corridor,en
0.3,https://rateships.com/en/shipping/russia-to-israel,corridor,en
0.3,https://rateships.com/en/shipping/russia-to-kazakhstan,corridor,en
0.3,https://rateships.com/en/shipping/russia-to-malaysia,corridor,en
0.3,https://rateships.com/en/shipping/russia-to-new-zealand,corridor,en
0.3,https://rateships.com/en/shipping/russia-to-nigeria,corridor,en
0.3,https://rateships.com/en/shipping/russia-to-norway,corridor,en
0.3,https://rateships.com/en/shipping/russia-to-pakistan,corridor,en
0.3,https://rateships.com/en/shipping/russia-to-peru,corridor,en
0.3,https://rateships.com/en/shipping/russia-to-philippines,corridor,en
0.3,https://rateships.com/en/shipping/russia-to-poland,corridor,en
0.3,https://rateships.com/en/shipping/russia-to-portugal,corridor,en
0.3,https://rateships.com/en/shipping/russia-to-romania,corridor,en
0.3,https://rateships.com/en/shipping/russia-to-singapore,corridor,en
0.3,https://rateships.com/en/shipping/russia-to-south-africa,corridor,en
0.3,https://rateships.com/en/shipping/russia-to-sweden,corridor,en
0.3,https://rateships.com/en/shipping/russia-to-thailand,corridor,en
0.3,https://rateships.com/en/shipping/russia-to-united-arab-emirates,corridor,en
0.3,https://rateships.com/en/shipping/russia-to-vietnam,corridor,en
0.3,https://rateships.com/en/shipping/saudi-arabia-to-austria,corridor,en
0.3,https://rateships.com/en/shipping/saudi-arabia-to-belgium,corridor,en
0.3,https://rateships.com/en/shipping/saudi-arabia-to-chile,corridor,en
0.3,https://rateships.com/en/shipping/saudi-arabia-to-colombia,corridor,en
0.3,https://rateships.com/en/shipping/saudi-arabia-to-czechia,corridor,en
0.3,https://rateships.com/en/shipping/saudi-arabia-to-denmark,corridor,en
0.3,https://rateships.com/en/shipping/saudi-arabia-to-egypt,corridor,en
0.3,https://rateships.com/en/shipping/saudi-arabia-to-finland,corridor,en
0.3,https://rateships.com/en/shipping/saudi-arabia-to-greece,corridor,en
0.3,https://rateships.com/en/shipping/saudi-arabia-to-hong-kong,corridor,en
0.3,https://rateships.com/en/shipping/saudi-arabia-to-hungary,corridor,en
0.3,https://rateships.com/en/shipping/saudi-arabia-to-ireland,corridor,en
0.3,https://rateships.com/en/shipping/saudi-arabia-to-israel,corridor,en
0.3,https://rateships.com/en/shipping/saudi-arabia-to-kazakhstan,corridor,en
0.3,https://rateships.com/en/shipping/saudi-arabia-to-malaysia,corridor,en
0.3,https://rateships.com/en/shipping/saudi-arabia-to-new-zealand,corridor,en
0.3,https://rateships.com/en/shipping/saudi-arabia-to-nigeria,corridor,en
0.3,https://rateships.com/en/shipping/saudi-arabia-to-norway,corridor,en
0.3,https://rateships.com/en/shipping/saudi-arabia-to-pakistan,corridor,en
0.3,https://rateships.com/en/shipping/saudi-arabia-to-peru,corridor,en
0.3,https://rateships.com/en/shipping/saudi-arabia-to-philippines,corridor,en
0.3,https://rateships.com/en/shipping/saudi-arabia-to-poland,corridor,en
0.3,https://rateships.com/en/shipping/saudi-arabia-to-portugal,corridor,en
0.3,https://rateships.com/en/shipping/saudi-arabia-to-romania,corridor,en
0.3,https://rateships.com/en/shipping/saudi-arabia-to-singapore,corridor,en
0.3,https://rateships.com/en/shipping/saudi-arabia-to-south-africa,corridor,en
0.3,https://rateships.com/en/shipping/saudi-arabia-to-sweden,corridor,en
0.3,https://rateships.com/en/shipping/saudi-arabia-to-thailand,corridor,en
0.3,https://rateships.com/en/shipping/saudi-arabia-to-united-arab-emirates,corridor,en
0.3,https://rateships.com/en/shipping/saudi-arabia-to-vietnam,corridor,en
0.3,https://rateships.com/en/shipping/singapore-to-australia,corridor,en
0.3,https://rateships.com/en/shipping/singapore-to-austria,corridor,en
0.3,https://rateships.com/en/shipping/singapore-to-belgium,corridor,en
0.3,https://rateships.com/en/shipping/singapore-to-brazil,corridor,en
0.3,https://rateships.com/en/shipping/singapore-to-canada,corridor,en
0.3,https://rateships.com/en/shipping/singapore-to-chile,corridor,en
0.3,https://rateships.com/en/shipping/singapore-to-china,corridor,en
0.3,https://rateships.com/en/shipping/singapore-to-colombia,corridor,en
0.3,https://rateships.com/en/shipping/singapore-to-czechia,corridor,en
0.3,https://rateships.com/en/shipping/singapore-to-denmark,corridor,en
0.3,https://rateships.com/en/shipping/singapore-to-egypt,corridor,en
0.3,https://rateships.com/en/shipping/singapore-to-finland,corridor,en
0.3,https://rateships.com/en/shipping/singapore-to-france,corridor,en
0.3,https://rateships.com/en/shipping/singapore-to-germany,corridor,en
0.3,https://rateships.com/en/shipping/singapore-to-greece,corridor,en
0.3,https://rateships.com/en/shipping/singapore-to-hong-kong,corridor,en
0.3,https://rateships.com/en/shipping/singapore-to-hungary,corridor,en
0.3,https://rateships.com/en/shipping/singapore-to-india,corridor,en
0.3,https://rateships.com/en/shipping/singapore-to-indonesia,corridor,en
0.3,https://rateships.com/en/shipping/singapore-to-ireland,corridor,en
0.3,https://rateships.com/en/shipping/singapore-to-israel,corridor,en
0.3,https://rateships.com/en/shipping/singapore-to-italy,corridor,en
0.3,https://rateships.com/en/shipping/singapore-to-japan,corridor,en
0.3,https://rateships.com/en/shipping/singapore-to-kazakhstan,corridor,en
0.3,https://rateships.com/en/shipping/singapore-to-malaysia,corridor,en
0.3,https://rateships.com/en/shipping/singapore-to-mexico,corridor,en
0.3,https://rateships.com/en/shipping/singapore-to-netherlands,corridor,en
0.3,https://rateships.com/en/shipping/singapore-to-new-zealand,corridor,en
0.3,https://rateships.com/en/shipping/singapore-to-nigeria,corridor,en
0.3,https://rateships.com/en/shipping/singapore-to-norway,corridor,en
0.3,https://rateships.com/en/shipping/singapore-to-pakistan,corridor,en
0.3,https://rateships.com/en/shipping/singapore-to-peru,corridor,en
0.3,https://rateships.com/en/shipping/singapore-to-philippines,corridor,en
0.3,https://rateships.com/en/shipping/singapore-to-poland,corridor,en
0.3,https://rateships.com/en/shipping/singapore-to-portugal,corridor,en
0.3,https://rateships.com/en/shipping/singapore-to-romania,corridor,en
0.3,https://rateships.com/en/shipping/singapore-to-russia,corridor,en
0.3,https://rateships.com/en/shipping/singapore-to-saudi-arabia,corridor,en
0.3,https://rateships.com/en/shipping/singapore-to-south-africa,corridor,en
0.3,https://rateships.com/en/shipping/singapore-to-south-korea,corridor,en
0.3,https://rateships.com/en/shipping/singapore-to-spain,corridor,en
0.3,https://rateships.com/en/shipping/singapore-to-sweden,corridor,en
0.3,https://rateships.com/en/shipping/singapore-to-switzerland,corridor,en
0.3,https://rateships.com/en/shipping/singapore-to-thailand,corridor,en
0.3,https://rateships.com/en/shipping/singapore-to-turkey,corridor,en
0.3,https://rateships.com/en/shipping/singapore-to-united-arab-emirates,corridor,en
0.3,https://rateships.com/en/shipping/singapore-to-united-kingdom,corridor,en
0.3,https://rateships.com/en/shipping/singapore-to-united-states,corridor,en
0.3,https://rateships.com/en/shipping/singapore-to-vietnam,corridor,en
0.3,https://rateships.com/en/shipping/south-africa-to-australia,corridor,en
0.3,https://rateships.com/en/shipping/south-africa-to-austria,corridor,en
0.3,https://rateships.com/en/shipping/south-africa-to-belgium,corridor,en
0.3,https://rateships.com/en/shipping/south-africa-to-brazil,corridor,en
0.3,https://rateships.com/en/shipping/south-africa-to-canada,corridor,en
0.3,https://rateships.com/en/shipping/south-africa-to-chile,corridor,en
0.3,https://rateships.com/en/shipping/south-africa-to-china,corridor,en
0.3,https://rateships.com/en/shipping/south-africa-to-colombia,corridor,en
0.3,https://rateships.com/en/shipping/south-africa-to-czechia,corridor,en
0.3,https://rateships.com/en/shipping/south-africa-to-denmark,corridor,en
0.3,https://rateships.com/en/shipping/south-africa-to-egypt,corridor,en
0.3,https://rateships.com/en/shipping/south-africa-to-finland,corridor,en
0.3,https://rateships.com/en/shipping/south-africa-to-france,corridor,en
0.3,https://rateships.com/en/shipping/south-africa-to-germany,corridor,en
0.3,https://rateships.com/en/shipping/south-africa-to-greece,corridor,en
0.3,https://rateships.com/en/shipping/south-africa-to-hong-kong,corridor,en
0.3,https://rateships.com/en/shipping/south-africa-to-hungary,corridor,en
0.3,https://rateships.com/en/shipping/south-africa-to-india,corridor,en
0.3,https://rateships.com/en/shipping/south-africa-to-indonesia,corridor,en
0.3,https://rateships.com/en/shipping/south-africa-to-ireland,corridor,en
0.3,https://rateships.com/en/shipping/south-africa-to-israel,corridor,en
0.3,https://rateships.com/en/shipping/south-africa-to-italy,corridor,en
0.3,https://rateships.com/en/shipping/south-africa-to-japan,corridor,en
0.3,https://rateships.com/en/shipping/south-africa-to-kazakhstan,corridor,en
0.3,https://rateships.com/en/shipping/south-africa-to-malaysia,corridor,en
0.3,https://rateships.com/en/shipping/south-africa-to-mexico,corridor,en
0.3,https://rateships.com/en/shipping/south-africa-to-netherlands,corridor,en
0.3,https://rateships.com/en/shipping/south-africa-to-new-zealand,corridor,en
0.3,https://rateships.com/en/shipping/south-africa-to-nigeria,corridor,en
0.3,https://rateships.com/en/shipping/south-africa-to-norway,corridor,en
0.3,https://rateships.com/en/shipping/south-africa-to-pakistan,corridor,en
0.3,https://rateships.com/en/shipping/south-africa-to-peru,corridor,en
0.3,https://rateships.com/en/shipping/south-africa-to-philippines,corridor,en
0.3,https://rateships.com/en/shipping/south-africa-to-poland,corridor,en
0.3,https://rateships.com/en/shipping/south-africa-to-portugal,corridor,en
0.3,https://rateships.com/en/shipping/south-africa-to-romania,corridor,en
0.3,https://rateships.com/en/shipping/south-africa-to-russia,corridor,en
0.3,https://rateships.com/en/shipping/south-africa-to-saudi-arabia,corridor,en
0.3,https://rateships.com/en/shipping/south-africa-to-singapore,corridor,en
0.3,https://rateships.com/en/shipping/south-africa-to-south-korea,corridor,en
0.3,https://rateships.com/en/shipping/south-africa-to-spain,corridor,en
0.3,https://rateships.com/en/shipping/south-africa-to-sweden,corridor,en
0.3,https://rateships.com/en/shipping/south-africa-to-switzerland,corridor,en
0.3,https://rateships.com/en/shipping/south-africa-to-thailand,corridor,en
0.3,https://rateships.com/en/shipping/south-africa-to-turkey,corridor,en
0.3,https://rateships.com/en/shipping/south-africa-to-united-arab-emirates,corridor,en
0.3,https://rateships.com/en/shipping/south-africa-to-united-kingdom,corridor,en
0.3,https://rateships.com/en/shipping/south-africa-to-united-states,corridor,en
0.3,https://rateships.com/en/shipping/south-africa-to-vietnam,corridor,en
0.3,https://rateships.com/en/shipping/south-korea-to-austria,corridor,en
0.3,https://rateships.com/en/shipping/south-korea-to-belgium,corridor,en
0.3,https://rateships.com/en/shipping/south-korea-to-chile,corridor,en
0.3,https://rateships.com/en/shipping/south-korea-to-colombia,corridor,en
0.3,https://rateships.com/en/shipping/south-korea-to-czechia,corridor,en
0.3,https://rateships.com/en/shipping/south-korea-to-denmark,corridor,en
0.3,https://rateships.com/en/shipping/south-korea-to-egypt,corridor,en
0.3,https://rateships.com/en/shipping/south-korea-to-finland,corridor,en
0.3,https://rateships.com/en/shipping/south-korea-to-greece,corridor,en
0.3,https://rateships.com/en/shipping/south-korea-to-hong-kong,corridor,en
0.3,https://rateships.com/en/shipping/south-korea-to-hungary,corridor,en
0.3,https://rateships.com/en/shipping/south-korea-to-ireland,corridor,en
0.3,https://rateships.com/en/shipping/south-korea-to-israel,corridor,en
0.3,https://rateships.com/en/shipping/south-korea-to-kazakhstan,corridor,en
0.3,https://rateships.com/en/shipping/south-korea-to-malaysia,corridor,en
0.3,https://rateships.com/en/shipping/south-korea-to-new-zealand,corridor,en
0.3,https://rateships.com/en/shipping/south-korea-to-nigeria,corridor,en
0.3,https://rateships.com/en/shipping/south-korea-to-norway,corridor,en
0.3,https://rateships.com/en/shipping/south-korea-to-pakistan,corridor,en
0.3,https://rateships.com/en/shipping/south-korea-to-peru,corridor,en
0.3,https://rateships.com/en/shipping/south-korea-to-philippines,corridor,en
0.3,https://rateships.com/en/shipping/south-korea-to-poland,corridor,en
0.3,https://rateships.com/en/shipping/south-korea-to-portugal,corridor,en
0.3,https://rateships.com/en/shipping/south-korea-to-romania,corridor,en
0.3,https://rateships.com/en/shipping/south-korea-to-singapore,corridor,en
0.3,https://rateships.com/en/shipping/south-korea-to-south-africa,corridor,en
0.3,https://rateships.com/en/shipping/south-korea-to-sweden,corridor,en
0.3,https://rateships.com/en/shipping/south-korea-to-thailand,corridor,en
0.3,https://rateships.com/en/shipping/south-korea-to-united-arab-emirates,corridor,en
0.3,https://rateships.com/en/shipping/south-korea-to-vietnam,corridor,en
0.3,https://rateships.com/en/shipping/spain-to-austria,corridor,en
0.3,https://rateships.com/en/shipping/spain-to-belgium,corridor,en
0.3,https://rateships.com/en/shipping/spain-to-chile,corridor,en
0.3,https://rateships.com/en/shipping/spain-to-colombia,corridor,en
0.3,https://rateships.com/en/shipping/spain-to-czechia,corridor,en
0.3,https://rateships.com/en/shipping/spain-to-denmark,corridor,en
0.3,https://rateships.com/en/shipping/spain-to-egypt,corridor,en
0.3,https://rateships.com/en/shipping/spain-to-finland,corridor,en
0.3,https://rateships.com/en/shipping/spain-to-greece,corridor,en
0.3,https://rateships.com/en/shipping/spain-to-hong-kong,corridor,en
0.3,https://rateships.com/en/shipping/spain-to-hungary,corridor,en
0.3,https://rateships.com/en/shipping/spain-to-ireland,corridor,en
0.3,https://rateships.com/en/shipping/spain-to-israel,corridor,en
0.3,https://rateships.com/en/shipping/spain-to-kazakhstan,corridor,en
0.3,https://rateships.com/en/shipping/spain-to-malaysia,corridor,en
0.3,https://rateships.com/en/shipping/spain-to-new-zealand,corridor,en
0.3,https://rateships.com/en/shipping/spain-to-nigeria,corridor,en
0.3,https://rateships.com/en/shipping/spain-to-norway,corridor,en
0.3,https://rateships.com/en/shipping/spain-to-pakistan,corridor,en
0.3,https://rateships.com/en/shipping/spain-to-peru,corridor,en
0.3,https://rateships.com/en/shipping/spain-to-philippines,corridor,en
0.3,https://rateships.com/en/shipping/spain-to-poland,corridor,en
0.3,https://rateships.com/en/shipping/spain-to-portugal,corridor,en
0.3,https://rateships.com/en/shipping/spain-to-romania,corridor,en
0.3,https://rateships.com/en/shipping/spain-to-singapore,corridor,en
0.3,https://rateships.com/en/shipping/spain-to-south-africa,corridor,en
0.3,https://rateships.com/en/shipping/spain-to-sweden,corridor,en
0.3,https://rateships.com/en/shipping/spain-to-thailand,corridor,en
0.3,https://rateships.com/en/shipping/spain-to-united-arab-emirates,corridor,en
0.3,https://rateships.com/en/shipping/spain-to-vietnam,corridor,en
0.3,https://rateships.com/en/shipping/sweden-to-australia,corridor,en
0.3,https://rateships.com/en/shipping/sweden-to-austria,corridor,en
0.3,https://rateships.com/en/shipping/sweden-to-belgium,corridor,en
0.3,https://rateships.com/en/shipping/sweden-to-brazil,corridor,en
0.3,https://rateships.com/en/shipping/sweden-to-canada,corridor,en
0.3,https://rateships.com/en/shipping/sweden-to-chile,corridor,en
0.3,https://rateships.com/en/shipping/sweden-to-china,corridor,en
0.3,https://rateships.com/en/shipping/sweden-to-colombia,corridor,en
0.3,https://rateships.com/en/shipping/sweden-to-czechia,corridor,en
0.3,https://rateships.com/en/shipping/sweden-to-denmark,corridor,en
0.3,https://rateships.com/en/shipping/sweden-to-egypt,corridor,en
0.3,https://rateships.com/en/shipping/sweden-to-finland,corridor,en
0.3,https://rateships.com/en/shipping/sweden-to-france,corridor,en
0.3,https://rateships.com/en/shipping/sweden-to-germany,corridor,en
0.3,https://rateships.com/en/shipping/sweden-to-greece,corridor,en
0.3,https://rateships.com/en/shipping/sweden-to-hong-kong,corridor,en
0.3,https://rateships.com/en/shipping/sweden-to-hungary,corridor,en
0.3,https://rateships.com/en/shipping/sweden-to-india,corridor,en
0.3,https://rateships.com/en/shipping/sweden-to-indonesia,corridor,en
0.3,https://rateships.com/en/shipping/sweden-to-ireland,corridor,en
0.3,https://rateships.com/en/shipping/sweden-to-israel,corridor,en
0.3,https://rateships.com/en/shipping/sweden-to-italy,corridor,en
0.3,https://rateships.com/en/shipping/sweden-to-japan,corridor,en
0.3,https://rateships.com/en/shipping/sweden-to-kazakhstan,corridor,en
0.3,https://rateships.com/en/shipping/sweden-to-malaysia,corridor,en
0.3,https://rateships.com/en/shipping/sweden-to-mexico,corridor,en
0.3,https://rateships.com/en/shipping/sweden-to-netherlands,corridor,en
0.3,https://rateships.com/en/shipping/sweden-to-new-zealand,corridor,en
0.3,https://rateships.com/en/shipping/sweden-to-nigeria,corridor,en
0.3,https://rateships.com/en/shipping/sweden-to-norway,corridor,en
0.3,https://rateships.com/en/shipping/sweden-to-pakistan,corridor,en
0.3,https://rateships.com/en/shipping/sweden-to-peru,corridor,en
0.3,https://rateships.com/en/shipping/sweden-to-philippines,corridor,en
0.3,https://rateships.com/en/shipping/sweden-to-poland,corridor,en
0.3,https://rateships.com/en/shipping/sweden-to-portugal,corridor,en
0.3,https://rateships.com/en/shipping/sweden-to-romania,corridor,en
0.3,https://rateships.com/en/shipping/sweden-to-russia,corridor,en
0.3,https://rateships.com/en/shipping/sweden-to-saudi-arabia,corridor,en
0.3,https://rateships.com/en/shipping/sweden-to-singapore,corridor,en
0.3,https://rateships.com/en/shipping/sweden-to-south-africa,corridor,en
0.3,https://rateships.com/en/shipping/sweden-to-south-korea,corridor,en
0.3,https://rateships.com/en/shipping/sweden-to-spain,corridor,en
0.3,https://rateships.com/en/shipping/sweden-to-switzerland,corridor,en
0.3,https://rateships.com/en/shipping/sweden-to-thailand,corridor,en
0.3,https://rateships.com/en/shipping/sweden-to-turkey,corridor,en
0.3,https://rateships.com/en/shipping/sweden-to-united-arab-emirates,corridor,en
0.3,https://rateships.com/en/shipping/sweden-to-united-kingdom,corridor,en
0.3,https://rateships.com/en/shipping/sweden-to-united-states,corridor,en
0.3,https://rateships.com/en/shipping/sweden-to-vietnam,corridor,en
0.3,https://rateships.com/en/shipping/switzerland-to-austria,corridor,en
0.3,https://rateships.com/en/shipping/switzerland-to-belgium,corridor,en
0.3,https://rateships.com/en/shipping/switzerland-to-chile,corridor,en
0.3,https://rateships.com/en/shipping/switzerland-to-colombia,corridor,en
0.3,https://rateships.com/en/shipping/switzerland-to-czechia,corridor,en
0.3,https://rateships.com/en/shipping/switzerland-to-denmark,corridor,en
0.3,https://rateships.com/en/shipping/switzerland-to-egypt,corridor,en
0.3,https://rateships.com/en/shipping/switzerland-to-finland,corridor,en
0.3,https://rateships.com/en/shipping/switzerland-to-greece,corridor,en
0.3,https://rateships.com/en/shipping/switzerland-to-hong-kong,corridor,en
0.3,https://rateships.com/en/shipping/switzerland-to-hungary,corridor,en
0.3,https://rateships.com/en/shipping/switzerland-to-ireland,corridor,en
0.3,https://rateships.com/en/shipping/switzerland-to-israel,corridor,en
0.3,https://rateships.com/en/shipping/switzerland-to-kazakhstan,corridor,en
0.3,https://rateships.com/en/shipping/switzerland-to-malaysia,corridor,en
0.3,https://rateships.com/en/shipping/switzerland-to-new-zealand,corridor,en
0.3,https://rateships.com/en/shipping/switzerland-to-nigeria,corridor,en
0.3,https://rateships.com/en/shipping/switzerland-to-norway,corridor,en
0.3,https://rateships.com/en/shipping/switzerland-to-pakistan,corridor,en
0.3,https://rateships.com/en/shipping/switzerland-to-peru,corridor,en
0.3,https://rateships.com/en/shipping/switzerland-to-philippines,corridor,en
0.3,https://rateships.com/en/shipping/switzerland-to-poland,corridor,en
0.3,https://rateships.com/en/shipping/switzerland-to-portugal,corridor,en
0.3,https://rateships.com/en/shipping/switzerland-to-romania,corridor,en
0.3,https://rateships.com/en/shipping/switzerland-to-singapore,corridor,en
0.3,https://rateships.com/en/shipping/switzerland-to-south-africa,corridor,en
0.3,https://rateships.com/en/shipping/switzerland-to-sweden,corridor,en
0.3,https://rateships.com/en/shipping/switzerland-to-thailand,corridor,en
0.3,https://rateships.com/en/shipping/switzerland-to-united-arab-emirates,corridor,en
0.3,https://rateships.com/en/shipping/switzerland-to-vietnam,corridor,en
0.3,https://rateships.com/en/shipping/thailand-to-australia,corridor,en
0.3,https://rateships.com/en/shipping/thailand-to-austria,corridor,en
0.3,https://rateships.com/en/shipping/thailand-to-belgium,corridor,en
0.3,https://rateships.com/en/shipping/thailand-to-brazil,corridor,en
0.3,https://rateships.com/en/shipping/thailand-to-canada,corridor,en
0.3,https://rateships.com/en/shipping/thailand-to-chile,corridor,en
0.3,https://rateships.com/en/shipping/thailand-to-china,corridor,en
0.3,https://rateships.com/en/shipping/thailand-to-colombia,corridor,en
0.3,https://rateships.com/en/shipping/thailand-to-czechia,corridor,en
0.3,https://rateships.com/en/shipping/thailand-to-denmark,corridor,en
0.3,https://rateships.com/en/shipping/thailand-to-egypt,corridor,en
0.3,https://rateships.com/en/shipping/thailand-to-finland,corridor,en
0.3,https://rateships.com/en/shipping/thailand-to-france,corridor,en
0.3,https://rateships.com/en/shipping/thailand-to-germany,corridor,en
0.3,https://rateships.com/en/shipping/thailand-to-greece,corridor,en
0.3,https://rateships.com/en/shipping/thailand-to-hong-kong,corridor,en
0.3,https://rateships.com/en/shipping/thailand-to-hungary,corridor,en
0.3,https://rateships.com/en/shipping/thailand-to-india,corridor,en
0.3,https://rateships.com/en/shipping/thailand-to-indonesia,corridor,en
0.3,https://rateships.com/en/shipping/thailand-to-ireland,corridor,en
0.3,https://rateships.com/en/shipping/thailand-to-israel,corridor,en
0.3,https://rateships.com/en/shipping/thailand-to-italy,corridor,en
0.3,https://rateships.com/en/shipping/thailand-to-japan,corridor,en
0.3,https://rateships.com/en/shipping/thailand-to-kazakhstan,corridor,en
0.3,https://rateships.com/en/shipping/thailand-to-malaysia,corridor,en
0.3,https://rateships.com/en/shipping/thailand-to-mexico,corridor,en
0.3,https://rateships.com/en/shipping/thailand-to-netherlands,corridor,en
0.3,https://rateships.com/en/shipping/thailand-to-new-zealand,corridor,en
0.3,https://rateships.com/en/shipping/thailand-to-nigeria,corridor,en
0.3,https://rateships.com/en/shipping/thailand-to-norway,corridor,en
0.3,https://rateships.com/en/shipping/thailand-to-pakistan,corridor,en
0.3,https://rateships.com/en/shipping/thailand-to-peru,corridor,en
0.3,https://rateships.com/en/shipping/thailand-to-philippines,corridor,en
0.3,https://rateships.com/en/shipping/thailand-to-poland,corridor,en
0.3,https://rateships.com/en/shipping/thailand-to-portugal,corridor,en
0.3,https://rateships.com/en/shipping/thailand-to-romania,corridor,en
0.3,https://rateships.com/en/shipping/thailand-to-russia,corridor,en
0.3,https://rateships.com/en/shipping/thailand-to-saudi-arabia,corridor,en
0.3,https://rateships.com/en/shipping/thailand-to-singapore,corridor,en
0.3,https://rateships.com/en/shipping/thailand-to-south-africa,corridor,en
0.3,https://rateships.com/en/shipping/thailand-to-south-korea,corridor,en
0.3,https://rateships.com/en/shipping/thailand-to-spain,corridor,en
0.3,https://rateships.com/en/shipping/thailand-to-sweden,corridor,en
0.3,https://rateships.com/en/shipping/thailand-to-switzerland,corridor,en
0.3,https://rateships.com/en/shipping/thailand-to-turkey,corridor,en
0.3,https://rateships.com/en/shipping/thailand-to-united-arab-emirates,corridor,en
0.3,https://rateships.com/en/shipping/thailand-to-united-kingdom,corridor,en
0.3,https://rateships.com/en/shipping/thailand-to-united-states,corridor,en
0.3,https://rateships.com/en/shipping/thailand-to-vietnam,corridor,en
0.3,https://rateships.com/en/shipping/turkey-to-austria,corridor,en
0.3,https://rateships.com/en/shipping/turkey-to-belgium,corridor,en
0.3,https://rateships.com/en/shipping/turkey-to-chile,corridor,en
0.3,https://rateships.com/en/shipping/turkey-to-colombia,corridor,en
0.3,https://rateships.com/en/shipping/turkey-to-czechia,corridor,en
0.3,https://rateships.com/en/shipping/turkey-to-denmark,corridor,en
0.3,https://rateships.com/en/shipping/turkey-to-egypt,corridor,en
0.3,https://rateships.com/en/shipping/turkey-to-finland,corridor,en
0.3,https://rateships.com/en/shipping/turkey-to-greece,corridor,en
0.3,https://rateships.com/en/shipping/turkey-to-hong-kong,corridor,en
0.3,https://rateships.com/en/shipping/turkey-to-hungary,corridor,en
0.3,https://rateships.com/en/shipping/turkey-to-ireland,corridor,en
0.3,https://rateships.com/en/shipping/turkey-to-israel,corridor,en
0.3,https://rateships.com/en/shipping/turkey-to-kazakhstan,corridor,en
0.3,https://rateships.com/en/shipping/turkey-to-malaysia,corridor,en
0.3,https://rateships.com/en/shipping/turkey-to-new-zealand,corridor,en
0.3,https://rateships.com/en/shipping/turkey-to-nigeria,corridor,en
0.3,https://rateships.com/en/shipping/turkey-to-norway,corridor,en
0.3,https://rateships.com/en/shipping/turkey-to-pakistan,corridor,en
0.3,https://rateships.com/en/shipping/turkey-to-peru,corridor,en
0.3,https://rateships.com/en/shipping/turkey-to-philippines,corridor,en
0.3,https://rateships.com/en/shipping/turkey-to-poland,corridor,en
0.3,https://rateships.com/en/shipping/turkey-to-portugal,corridor,en
0.3,https://rateships.com/en/shipping/turkey-to-romania,corridor,en
0.3,https://rateships.com/en/shipping/turkey-to-singapore,corridor,en
0.3,https://rateships.com/en/shipping/turkey-to-south-africa,corridor,en
0.3,https://rateships.com/en/shipping/turkey-to-sweden,corridor,en
0.3,https://rateships.com/en/shipping/turkey-to-thailand,corridor,en
0.3,https://rateships.com/en/shipping/turkey-to-united-arab-emirates,corridor,en
0.3,https://rateships.com/en/shipping/turkey-to-vietnam,corridor,en
0.3,https://rateships.com/en/shipping/united-arab-emirates-to-australia,corridor,en
0.3,https://rateships.com/en/shipping/united-arab-emirates-to-austria,corridor,en
0.3,https://rateships.com/en/shipping/united-arab-emirates-to-belgium,corridor,en
0.3,https://rateships.com/en/shipping/united-arab-emirates-to-brazil,corridor,en
0.3,https://rateships.com/en/shipping/united-arab-emirates-to-canada,corridor,en
0.3,https://rateships.com/en/shipping/united-arab-emirates-to-chile,corridor,en
0.3,https://rateships.com/en/shipping/united-arab-emirates-to-china,corridor,en
0.3,https://rateships.com/en/shipping/united-arab-emirates-to-colombia,corridor,en
0.3,https://rateships.com/en/shipping/united-arab-emirates-to-czechia,corridor,en
0.3,https://rateships.com/en/shipping/united-arab-emirates-to-denmark,corridor,en
0.3,https://rateships.com/en/shipping/united-arab-emirates-to-egypt,corridor,en
0.3,https://rateships.com/en/shipping/united-arab-emirates-to-finland,corridor,en
0.3,https://rateships.com/en/shipping/united-arab-emirates-to-france,corridor,en
0.3,https://rateships.com/en/shipping/united-arab-emirates-to-germany,corridor,en
0.3,https://rateships.com/en/shipping/united-arab-emirates-to-greece,corridor,en
0.3,https://rateships.com/en/shipping/united-arab-emirates-to-hong-kong,corridor,en
0.3,https://rateships.com/en/shipping/united-arab-emirates-to-hungary,corridor,en
0.3,https://rateships.com/en/shipping/united-arab-emirates-to-india,corridor,en
0.3,https://rateships.com/en/shipping/united-arab-emirates-to-indonesia,corridor,en
0.3,https://rateships.com/en/shipping/united-arab-emirates-to-ireland,corridor,en
0.3,https://rateships.com/en/shipping/united-arab-emirates-to-israel,corridor,en
0.3,https://rateships.com/en/shipping/united-arab-emirates-to-italy,corridor,en
0.3,https://rateships.com/en/shipping/united-arab-emirates-to-japan,corridor,en
0.3,https://rateships.com/en/shipping/united-arab-emirates-to-kazakhstan,corridor,en
0.3,https://rateships.com/en/shipping/united-arab-emirates-to-malaysia,corridor,en
0.3,https://rateships.com/en/shipping/united-arab-emirates-to-mexico,corridor,en
0.3,https://rateships.com/en/shipping/united-arab-emirates-to-netherlands,corridor,en
0.3,https://rateships.com/en/shipping/united-arab-emirates-to-new-zealand,corridor,en
0.3,https://rateships.com/en/shipping/united-arab-emirates-to-nigeria,corridor,en
0.3,https://rateships.com/en/shipping/united-arab-emirates-to-norway,corridor,en
0.3,https://rateships.com/en/shipping/united-arab-emirates-to-pakistan,corridor,en
0.3,https://rateships.com/en/shipping/united-arab-emirates-to-peru,corridor,en
0.3,https://rateships.com/en/shipping/united-arab-emirates-to-philippines,corridor,en
0.3,https://rateships.com/en/shipping/united-arab-emirates-to-poland,corridor,en
0.3,https://rateships.com/en/shipping/united-arab-emirates-to-portugal,corridor,en
0.3,https://rateships.com/en/shipping/united-arab-emirates-to-romania,corridor,en
0.3,https://rateships.com/en/shipping/united-arab-emirates-to-russia,corridor,en
0.3,https://rateships.com/en/shipping/united-arab-emirates-to-saudi-arabia,corridor,en
0.3,https://rateships.com/en/shipping/united-arab-emirates-to-singapore,corridor,en
0.3,https://rateships.com/en/shipping/united-arab-emirates-to-south-africa,corridor,en
0.3,https://rateships.com/en/shipping/united-arab-emirates-to-south-korea,corridor,en
0.3,https://rateships.com/en/shipping/united-arab-emirates-to-spain,corridor,en
0.3,https://rateships.com/en/shipping/united-arab-emirates-to-sweden,corridor,en
0.3,https://rateships.com/en/shipping/united-arab-emirates-to-switzerland,corridor,en
0.3,https://rateships.com/en/shipping/united-arab-emirates-to-thailand,corridor,en
0.3,https://rateships.com/en/shipping/united-arab-emirates-to-turkey,corridor,en
0.3,https://rateships.com/en/shipping/united-arab-emirates-to-united-kingdom,corridor,en
0.3,https://rateships.com/en/shipping/united-arab-emirates-to-united-states,corridor,en
0.3,https://rateships.com/en/shipping/united-arab-emirates-to-vietnam,corridor,en
0.3,https://rateships.com/en/shipping/united-kingdom-to-austria,corridor,en
0.3,https://rateships.com/en/shipping/united-kingdom-to-belgium,corridor,en
0.3,https://rateships.com/en/shipping/united-kingdom-to-chile,corridor,en
0.3,https://rateships.com/en/shipping/united-kingdom-to-colombia,corridor,en
0.3,https://rateships.com/en/shipping/united-kingdom-to-czechia,corridor,en
0.3,https://rateships.com/en/shipping/united-kingdom-to-denmark,corridor,en
0.3,https://rateships.com/en/shipping/united-kingdom-to-egypt,corridor,en
0.3,https://rateships.com/en/shipping/united-kingdom-to-finland,corridor,en
0.3,https://rateships.com/en/shipping/united-kingdom-to-greece,corridor,en
0.3,https://rateships.com/en/shipping/united-kingdom-to-hong-kong,corridor,en
0.3,https://rateships.com/en/shipping/united-kingdom-to-hungary,corridor,en
0.3,https://rateships.com/en/shipping/united-kingdom-to-ireland,corridor,en
0.3,https://rateships.com/en/shipping/united-kingdom-to-israel,corridor,en
0.3,https://rateships.com/en/shipping/united-kingdom-to-kazakhstan,corridor,en
0.3,https://rateships.com/en/shipping/united-kingdom-to-malaysia,corridor,en
0.3,https://rateships.com/en/shipping/united-kingdom-to-new-zealand,corridor,en
0.3,https://rateships.com/en/shipping/united-kingdom-to-nigeria,corridor,en
0.3,https://rateships.com/en/shipping/united-kingdom-to-norway,corridor,en
0.3,https://rateships.com/en/shipping/united-kingdom-to-pakistan,corridor,en
0.3,https://rateships.com/en/shipping/united-kingdom-to-peru,corridor,en
0.3,https://rateships.com/en/shipping/united-kingdom-to-philippines,corridor,en
0.3,https://rateships.com/en/shipping/united-kingdom-to-poland,corridor,en
0.3,https://rateships.com/en/shipping/united-kingdom-to-portugal,corridor,en
0.3,https://rateships.com/en/shipping/united-kingdom-to-romania,corridor,en
0.3,https://rateships.com/en/shipping/united-kingdom-to-singapore,corridor,en
0.3,https://rateships.com/en/shipping/united-kingdom-to-south-africa,corridor,en
0.3,https://rateships.com/en/shipping/united-kingdom-to-sweden,corridor,en
0.3,https://rateships.com/en/shipping/united-kingdom-to-thailand,corridor,en
0.3,https://rateships.com/en/shipping/united-kingdom-to-united-arab-emirates,corridor,en
0.3,https://rateships.com/en/shipping/united-kingdom-to-vietnam,corridor,en
0.3,https://rateships.com/en/shipping/united-states-to-austria,corridor,en
0.3,https://rateships.com/en/shipping/united-states-to-belgium,corridor,en
0.3,https://rateships.com/en/shipping/united-states-to-chile,corridor,en
0.3,https://rateships.com/en/shipping/united-states-to-colombia,corridor,en
0.3,https://rateships.com/en/shipping/united-states-to-czechia,corridor,en
0.3,https://rateships.com/en/shipping/united-states-to-denmark,corridor,en
0.3,https://rateships.com/en/shipping/united-states-to-egypt,corridor,en
0.3,https://rateships.com/en/shipping/united-states-to-finland,corridor,en
0.3,https://rateships.com/en/shipping/united-states-to-greece,corridor,en
0.3,https://rateships.com/en/shipping/united-states-to-hong-kong,corridor,en
0.3,https://rateships.com/en/shipping/united-states-to-hungary,corridor,en
0.3,https://rateships.com/en/shipping/united-states-to-ireland,corridor,en
0.3,https://rateships.com/en/shipping/united-states-to-israel,corridor,en
0.3,https://rateships.com/en/shipping/united-states-to-kazakhstan,corridor,en
0.3,https://rateships.com/en/shipping/united-states-to-malaysia,corridor,en
0.3,https://rateships.com/en/shipping/united-states-to-new-zealand,corridor,en
0.3,https://rateships.com/en/shipping/united-states-to-nigeria,corridor,en
0.3,https://rateships.com/en/shipping/united-states-to-norway,corridor,en
0.3,https://rateships.com/en/shipping/united-states-to-pakistan,corridor,en
0.3,https://rateships.com/en/shipping/united-states-to-peru,corridor,en
0.3,https://rateships.com/en/shipping/united-states-to-philippines,corridor,en
0.3,https://rateships.com/en/shipping/united-states-to-poland,corridor,en
0.3,https://rateships.com/en/shipping/united-states-to-portugal,corridor,en
0.3,https://rateships.com/en/shipping/united-states-to-romania,corridor,en
0.3,https://rateships.com/en/shipping/united-states-to-singapore,corridor,en
0.3,https://rateships.com/en/shipping/united-states-to-south-africa,corridor,en
0.3,https://rateships.com/en/shipping/united-states-to-sweden,corridor,en
0.3,https://rateships.com/en/shipping/united-states-to-thailand,corridor,en
0.3,https://rateships.com/en/shipping/united-states-to-united-arab-emirates,corridor,en
0.3,https://rateships.com/en/shipping/united-states-to-vietnam,corridor,en
0.3,https://rateships.com/en/shipping/vietnam-to-australia,corridor,en
0.3,https://rateships.com/en/shipping/vietnam-to-austria,corridor,en
0.3,https://rateships.com/en/shipping/vietnam-to-belgium,corridor,en
0.3,https://rateships.com/en/shipping/vietnam-to-brazil,corridor,en
0.3,https://rateships.com/en/shipping/vietnam-to-canada,corridor,en
0.3,https://rateships.com/en/shipping/vietnam-to-chile,corridor,en
0.3,https://rateships.com/en/shipping/vietnam-to-china,corridor,en
0.3,https://rateships.com/en/shipping/vietnam-to-colombia,corridor,en
0.3,https://rateships.com/en/shipping/vietnam-to-czechia,corridor,en
0.3,https://rateships.com/en/shipping/vietnam-to-denmark,corridor,en
0.3,https://rateships.com/en/shipping/vietnam-to-egypt,corridor,en
0.3,https://rateships.com/en/shipping/vietnam-to-finland,corridor,en
0.3,https://rateships.com/en/shipping/vietnam-to-france,corridor,en
0.3,https://rateships.com/en/shipping/vietnam-to-germany,corridor,en
0.3,https://rateships.com/en/shipping/vietnam-to-greece,corridor,en
0.3,https://rateships.com/en/shipping/vietnam-to-hong-kong,corridor,en
0.3,https://rateships.com/en/shipping/vietnam-to-hungary,corridor,en
0.3,https://rateships.com/en/shipping/vietnam-to-india,corridor,en
0.3,https://rateships.com/en/shipping/vietnam-to-indonesia,corridor,en
0.3,https://rateships.com/en/shipping/vietnam-to-ireland,corridor,en
0.3,https://rateships.com/en/shipping/vietnam-to-israel,corridor,en
0.3,https://rateships.com/en/shipping/vietnam-to-italy,corridor,en
0.3,https://rateships.com/en/shipping/vietnam-to-japan,corridor,en
0.3,https://rateships.com/en/shipping/vietnam-to-kazakhstan,corridor,en
0.3,https://rateships.com/en/shipping/vietnam-to-malaysia,corridor,en
0.3,https://rateships.com/en/shipping/vietnam-to-mexico,corridor,en
0.3,https://rateships.com/en/shipping/vietnam-to-netherlands,corridor,en
0.3,https://rateships.com/en/shipping/vietnam-to-new-zealand,corridor,en
0.3,https://rateships.com/en/shipping/vietnam-to-nigeria,corridor,en
0.3,https://rateships.com/en/shipping/vietnam-to-norway,corridor,en
0.3,https://rateships.com/en/shipping/vietnam-to-pakistan,corridor,en
0.3,https://rateships.com/en/shipping/vietnam-to-peru,corridor,en
0.3,https://rateships.com/en/shipping/vietnam-to-philippines,corridor,en
0.3,https://rateships.com/en/shipping/vietnam-to-poland,corridor,en
0.3,https://rateships.com/en/shipping/vietnam-to-portugal,corridor,en
0.3,https://rateships.com/en/shipping/vietnam-to-romania,corridor,en
0.3,https://rateships.com/en/shipping/vietnam-to-russia,corridor,en
0.3,https://rateships.com/en/shipping/vietnam-to-saudi-arabia,corridor,en
0.3,https://rateships.com/en/shipping/vietnam-to-singapore,corridor,en
0.3,https://rateships.com/en/shipping/vietnam-to-south-africa,corridor,en
0.3,https://rateships.com/en/shipping/vietnam-to-south-korea,corridor,en
0.3,https://rateships.com/en/shipping/vietnam-to-spain,corridor,en
0.3,https://rateships.com/en/shipping/vietnam-to-sweden,corridor,en
0.3,https://rateships.com/en/shipping/vietnam-to-switzerland,corridor,en
0.3,https://rateships.com/en/shipping/vietnam-to-thailand,corridor,en
0.3,https://rateships.com/en/shipping/vietnam-to-turkey,corridor,en
0.3,https://rateships.com/en/shipping/vietnam-to-united-arab-emirates,corridor,en
0.3,https://rateships.com/en/shipping/vietnam-to-united-kingdom,corridor,en
0.3,https://rateships.com/en/shipping/vietnam-to-united-states,corridor,en
0.3,https://rateships.com/es/guide/mexico,guide,es
0.3,https://rateships.com/es/guide/spain,guide,es
0.3,https://rateships.com/es/shipping/australia-to-chile,corridor,es
0.3,https://rateships.com/es/shipping/australia-to-colombia,corridor,es
0.3,https://rateships.com/es/shipping/australia-to-peru,corridor,es
0.3,https://rateships.com/es/shipping/austria-to-chile,corridor,es
0.3,https://rateships.com/es/shipping/austria-to-colombia,corridor,es
0.3,https://rateships.com/es/shipping/austria-to-mexico,corridor,es
0.3,https://rateships.com/es/shipping/austria-to-peru,corridor,es
0.3,https://rateships.com/es/shipping/austria-to-spain,corridor,es
0.3,https://rateships.com/es/shipping/belgium-to-chile,corridor,es
0.3,https://rateships.com/es/shipping/belgium-to-colombia,corridor,es
0.3,https://rateships.com/es/shipping/belgium-to-mexico,corridor,es
0.3,https://rateships.com/es/shipping/belgium-to-peru,corridor,es
0.3,https://rateships.com/es/shipping/belgium-to-spain,corridor,es
0.3,https://rateships.com/es/shipping/brazil-to-chile,corridor,es
0.3,https://rateships.com/es/shipping/brazil-to-colombia,corridor,es
0.3,https://rateships.com/es/shipping/brazil-to-peru,corridor,es
0.3,https://rateships.com/es/shipping/canada-to-chile,corridor,es
0.3,https://rateships.com/es/shipping/canada-to-colombia,corridor,es
0.3,https://rateships.com/es/shipping/canada-to-peru,corridor,es
0.3,https://rateships.com/es/shipping/chile-to-australia,corridor,es
0.3,https://rateships.com/es/shipping/chile-to-austria,corridor,es
0.3,https://rateships.com/es/shipping/chile-to-belgium,corridor,es
0.3,https://rateships.com/es/shipping/chile-to-brazil,corridor,es
0.3,https://rateships.com/es/shipping/chile-to-canada,corridor,es
0.3,https://rateships.com/es/shipping/chile-to-china,corridor,es
0.3,https://rateships.com/es/shipping/chile-to-colombia,corridor,es
0.3,https://rateships.com/es/shipping/chile-to-czechia,corridor,es
0.3,https://rateships.com/es/shipping/chile-to-denmark,corridor,es
0.3,https://rateships.com/es/shipping/chile-to-egypt,corridor,es
0.3,https://rateships.com/es/shipping/chile-to-finland,corridor,es
0.3,https://rateships.com/es/shipping/chile-to-france,corridor,es
0.3,https://rateships.com/es/shipping/chile-to-germany,corridor,es
0.3,https://rateships.com/es/shipping/chile-to-greece,corridor,es
0.3,https://rateships.com/es/shipping/chile-to-hong-kong,corridor,es
0.3,https://rateships.com/es/shipping/chile-to-hungary,corridor,es
0.3,https://rateships.com/es/shipping/chile-to-india,corridor,es
0.3,https://rateships.com/es/shipping/chile-to-indonesia,corridor,es
0.3,https://rateships.com/es/shipping/chile-to-ireland,corridor,es
0.3,https://rateships.com/es/shipping/chile-to-israel,corridor,es
0.3,https://rateships.com/es/shipping/chile-to-italy,corridor,es
0.3,https://rateships.com/es/shipping/chile-to-japan,corridor,es
0.3,https://rateships.com/es/shipping/chile-to-kazakhstan,corridor,es
0.3,https://rateships.com/es/shipping/chile-to-malaysia,corridor,es
0.3,https://rateships.com/es/shipping/chile-to-mexico,corridor,es
0.3,https://rateships.com/es/shipping/chile-to-netherlands,corridor,es
0.3,https://rateships.com/es/shipping/chile-to-new-zealand,corridor,es
0.3,https://rateships.com/es/shipping/chile-to-nigeria,corridor,es
0.3,https://rateships.com/es/shipping/chile-to-norway,corridor,es
0.3,https://rateships.com/es/shipping/chile-to-pakistan,corridor,es
0.3,https://rateships.com/es/shipping/chile-to-peru,corridor,es
0.3,https://rateships.com/es/shipping/chile-to-philippines,corridor,es
0.3,https://rateships.com/es/shipping/chile-to-poland,corridor,es
0.3,https://rateships.com/es/shipping/chile-to-portugal,corridor,es
0.3,https://rateships.com/es/shipping/chile-to-romania,corridor,es
0.3,https://rateships.com/es/shipping/chile-to-russia,corridor,es
0.3,https://rateships.com/es/shipping/chile-to-saudi-arabia,corridor,es
0.3,https://rateships.com/es/shipping/chile-to-singapore,corridor,es
0.3,https://rateships.com/es/shipping/chile-to-south-africa,corridor,es
0.3,https://rateships.com/es/shipping/chile-to-south-korea,corridor,es
0.3,https://rateships.com/es/shipping/chile-to-spain,corridor,es
0.3,https://rateships.com/es/shipping/chile-to-sweden,corridor,es
0.3,https://rateships.com/es/shipping/chile-to-switzerland,corridor,es
0.3,https://rateships.com/es/shipping/chile-to-thailand,corridor,es
0.3,https://rateships.com/es/shipping/chile-to-turkey,corridor,es
0.3,https://rateships.com/es/shipping/chile-to-united-arab-emirates,corridor,es
0.3,https://rateships.com/es/shipping/chile-to-united-kingdom,corridor,es
0.3,https://rateships.com/es/shipping/chile-to-united-states,corridor,es
0.3,https://rateships.com/es/shipping/chile-to-vietnam,corridor,es
0.3,https://rateships.com/es/shipping/china-to-chile,corridor,es
0.3,https://rateships.com/es/shipping/china-to-colombia,corridor,es
0.3,https://rateships.com/es/shipping/china-to-peru,corridor,es
0.3,https://rateships.com/es/shipping/colombia-to-australia,corridor,es
0.3,https://rateships.com/es/shipping/colombia-to-austria,corridor,es
0.3,https://rateships.com/es/shipping/colombia-to-belgium,corridor,es
0.3,https://rateships.com/es/shipping/colombia-to-brazil,corridor,es
0.3,https://rateships.com/es/shipping/colombia-to-canada,corridor,es
0.3,https://rateships.com/es/shipping/colombia-to-chile,corridor,es
0.3,https://rateships.com/es/shipping/colombia-to-china,corridor,es
0.3,https://rateships.com/es/shipping/colombia-to-czechia,corridor,es
0.3,https://rateships.com/es/shipping/colombia-to-denmark,corridor,es
0.3,https://rateships.com/es/shipping/colombia-to-egypt,corridor,es
0.3,https://rateships.com/es/shipping/colombia-to-finland,corridor,es
0.3,https://rateships.com/es/shipping/colombia-to-france,corridor,es
0.3,https://rateships.com/es/shipping/colombia-to-germany,corridor,es
0.3,https://rateships.com/es/shipping/colombia-to-greece,corridor,es
0.3,https://rateships.com/es/shipping/colombia-to-hong-kong,corridor,es
0.3,https://rateships.com/es/shipping/colombia-to-hungary,corridor,es
0.3,https://rateships.com/es/shipping/colombia-to-india,corridor,es
0.3,https://rateships.com/es/shipping/colombia-to-indonesia,corridor,es
0.3,https://rateships.com/es/shipping/colombia-to-ireland,corridor,es
0.3,https://rateships.com/es/shipping/colombia-to-israel,corridor,es
0.3,https://rateships.com/es/shipping/colombia-to-italy,corridor,es
0.3,https://rateships.com/es/shipping/colombia-to-japan,corridor,es
0.3,https://rateships.com/es/shipping/colombia-to-kazakhstan,corridor,es
0.3,https://rateships.com/es/shipping/colombia-to-malaysia,corridor,es
0.3,https://rateships.com/es/shipping/colombia-to-mexico,corridor,es
0.3,https://rateships.com/es/shipping/colombia-to-netherlands,corridor,es
0.3,https://rateships.com/es/shipping/colombia-to-new-zealand,corridor,es
0.3,https://rateships.com/es/shipping/colombia-to-nigeria,corridor,es
0.3,https://rateships.com/es/shipping/colombia-to-norway,corridor,es
0.3,https://rateships.com/es/shipping/colombia-to-pakistan,corridor,es
0.3,https://rateships.com/es/shipping/colombia-to-peru,corridor,es
0.3,https://rateships.com/es/shipping/colombia-to-philippines,corridor,es
0.3,https://rateships.com/es/shipping/colombia-to-poland,corridor,es
0.3,https://rateships.com/es/shipping/colombia-to-portugal,corridor,es
0.3,https://rateships.com/es/shipping/colombia-to-romania,corridor,es
0.3,https://rateships.com/es/shipping/colombia-to-russia,corridor,es
0.3,https://rateships.com/es/shipping/colombia-to-saudi-arabia,corridor,es
0.3,https://rateships.com/es/shipping/colombia-to-singapore,corridor,es
0.3,https://rateships.com/es/shipping/colombia-to-south-africa,corridor,es
0.3,https://rateships.com/es/shipping/colombia-to-south-korea,corridor,es
0.3,https://rateships.com/es/shipping/colombia-to-spain,corridor,es
0.3,https://rateships.com/es/shipping/colombia-to-sweden,corridor,es
0.3,https://rateships.com/es/shipping/colombia-to-switzerland,corridor,es
0.3,https://rateships.com/es/shipping/colombia-to-thailand,corridor,es
0.3,https://rateships.com/es/shipping/colombia-to-turkey,corridor,es
0.3,https://rateships.com/es/shipping/colombia-to-united-arab-emirates,corridor,es
0.3,https://rateships.com/es/shipping/colombia-to-united-kingdom,corridor,es
0.3,https://rateships.com/es/shipping/colombia-to-united-states,corridor,es
0.3,https://rateships.com/es/shipping/colombia-to-vietnam,corridor,es
0.3,https://rateships.com/es/shipping/czechia-to-chile,corridor,es
0.3,https://rateships.com/es/shipping/czechia-to-colombia,corridor,es
0.3,https://rateships.com/es/shipping/czechia-to-mexico,corridor,es
0.3,https://rateships.com/es/shipping/czechia-to-peru,corridor,es
0.3,https://rateships.com/es/shipping/czechia-to-spain,corridor,es
0.3,https://rateships.com/es/shipping/denmark-to-chile,corridor,es
0.3,https://rateships.com/es/shipping/denmark-to-colombia,corridor,es
0.3,https://rateships.com/es/shipping/denmark-to-mexico,corridor,es
0.3,https://rateships.com/es/shipping/denmark-to-peru,corridor,es
0.3,https://rateships.com/es/shipping/denmark-to-spain,corridor,es
0.3,https://rateships.com/es/shipping/egypt-to-chile,corridor,es
0.3,https://rateships.com/es/shipping/egypt-to-colombia,corridor,es
0.3,https://rateships.com/es/shipping/egypt-to-mexico,corridor,es
0.3,https://rateships.com/es/shipping/egypt-to-peru,corridor,es
0.3,https://rateships.com/es/shipping/egypt-to-spain,corridor,es
0.3,https://rateships.com/es/shipping/finland-to-chile,corridor,es
0.3,https://rateships.com/es/shipping/finland-to-colombia,corridor,es
0.3,https://rateships.com/es/shipping/finland-to-mexico,corridor,es
0.3,https://rateships.com/es/shipping/finland-to-peru,corridor,es
0.3,https://rateships.com/es/shipping/finland-to-spain,corridor,es
0.3,https://rateships.com/es/shipping/france-to-chile,corridor,es
0.3,https://rateships.com/es/shipping/france-to-colombia,corridor,es
0.3,https://rateships.com/es/shipping/france-to-peru,corridor,es
0.3,https://rateships.com/es/shipping/germany-to-chile,corridor,es
0.3,https://rateships.com/es/shipping/germany-to-colombia,corridor,es
0.3,https://rateships.com/es/shipping/germany-to-peru,corridor,es
0.3,https://rateships.com/es/shipping/greece-to-chile,corridor,es
0.3,https://rateships.com/es/shipping/greece-to-colombia,corridor,es
0.3,https://rateships.com/es/shipping/greece-to-mexico,corridor,es
0.3,https://rateships.com/es/shipping/greece-to-peru,corridor,es
0.3,https://rateships.com/es/shipping/greece-to-spain,corridor,es
0.3,https://rateships.com/es/shipping/hong-kong-to-chile,corridor,es
0.3,https://rateships.com/es/shipping/hong-kong-to-colombia,corridor,es
0.3,https://rateships.com/es/shipping/hong-kong-to-mexico,corridor,es
0.3,https://rateships.com/es/shipping/hong-kong-to-peru,corridor,es
0.3,https://rateships.com/es/shipping/hong-kong-to-spain,corridor,es
0.3,https://rateships.com/es/shipping/hungary-to-chile,corridor,es
0.3,https://rateships.com/es/shipping/hungary-to-colombia,corridor,es
0.3,https://rateships.com/es/shipping/hungary-to-mexico,corridor,es
0.3,https://rateships.com/es/shipping/hungary-to-peru,corridor,es
0.3,https://rateships.com/es/shipping/hungary-to-spain,corridor,es
0.3,https://rateships.com/es/shipping/india-to-chile,corridor,es
0.3,https://rateships.com/es/shipping/india-to-colombia,corridor,es
0.3,https://rateships.com/es/shipping/india-to-peru,corridor,es
0.3,https://rateships.com/es/shipping/indonesia-to-chile,corridor,es
0.3,https://rateships.com/es/shipping/indonesia-to-colombia,corridor,es
0.3,https://rateships.com/es/shipping/indonesia-to-peru,corridor,es
0.3,https://rateships.com/es/shipping/ireland-to-chile,corridor,es
0.3,https://rateships.com/es/shipping/ireland-to-colombia,corridor,es
0.3,https://rateships.com/es/shipping/ireland-to-mexico,corridor,es
0.3,https://rateships.com/es/shipping/ireland-to-peru,corridor,es
0.3,https://rateships.com/es/shipping/ireland-to-spain,corridor,es
0.3,https://rateships.com/es/shipping/israel-to-chile,corridor,es
0.3,https://rateships.com/es/shipping/israel-to-colombia,corridor,es
0.3,https://rateships.com/es/shipping/israel-to-mexico,corridor,es
0.3,https://rateships.com/es/shipping/israel-to-peru,corridor,es
0.3,https://rateships.com/es/shipping/israel-to-spain,corridor,es
0.3,https://rateships.com/es/shipping/italy-to-chile,corridor,es
0.3,https://rateships.com/es/shipping/italy-to-colombia,corridor,es
0.3,https://rateships.com/es/shipping/italy-to-peru,corridor,es
0.3,https://rateships.com/es/shipping/japan-to-chile,corridor,es
0.3,https://rateships.com/es/shipping/japan-to-colombia,corridor,es
0.3,https://rateships.com/es/shipping/japan-to-peru,corridor,es
0.3,https://rateships.com/es/shipping/kazakhstan-to-chile,corridor,es
0.3,https://rateships.com/es/shipping/kazakhstan-to-colombia,corridor,es
0.3,https://rateships.com/es/shipping/kazakhstan-to-mexico,corridor,es
0.3,https://rateships.com/es/shipping/kazakhstan-to-peru,corridor,es
0.3,https://rateships.com/es/shipping/kazakhstan-to-spain,corridor,es
0.3,https://rateships.com/es/shipping/malaysia-to-chile,corridor,es
0.3,https://rateships.com/es/shipping/malaysia-to-colombia,corridor,es
0.3,https://rateships.com/es/shipping/malaysia-to-mexico,corridor,es
0.3,https://rateships.com/es/shipping/malaysia-to-peru,corridor,es
0.3,https://rateships.com/es/shipping/malaysia-to-spain,corridor,es
0.3,https://rateships.com/es/shipping/mexico-to-austria,corridor,es
0.3,https://rateships.com/es/shipping/mexico-to-belgium,corridor,es
0.3,https://rateships.com/es/shipping/mexico-to-chile,corridor,es
0.3,https://rateships.com/es/shipping/mexico-to-colombia,corridor,es
0.3,https://rateships.com/es/shipping/mexico-to-czechia,corridor,es
0.3,https://rateships.com/es/shipping/mexico-to-denmark,corridor,es
0.3,https://rateships.com/es/shipping/mexico-to-egypt,corridor,es
0.3,https://rateships.com/es/shipping/mexico-to-finland,corridor,es
0.3,https://rateships.com/es/shipping/mexico-to-greece,corridor,es
0.3,https://rateships.com/es/shipping/mexico-to-hong-kong,corridor,es
0.3,https://rateships.com/es/shipping/mexico-to-hungary,corridor,es
0.3,https://rateships.com/es/shipping/mexico-to-ireland,corridor,es
0.3,https://rateships.com/es/shipping/mexico-to-israel,corridor,es
0.3,https://rateships.com/es/shipping/mexico-to-kazakhstan,corridor,es
0.3,https://rateships.com/es/shipping/mexico-to-malaysia,corridor,es
0.3,https://rateships.com/es/shipping/mexico-to-new-zealand,corridor,es
0.3,https://rateships.com/es/shipping/mexico-to-nigeria,corridor,es
0.3,https://rateships.com/es/shipping/mexico-to-norway,corridor,es
0.3,https://rateships.com/es/shipping/mexico-to-pakistan,corridor,es
0.3,https://rateships.com/es/shipping/mexico-to-peru,corridor,es
0.3,https://rateships.com/es/shipping/mexico-to-philippines,corridor,es
0.3,https://rateships.com/es/shipping/mexico-to-poland,corridor,es
0.3,https://rateships.com/es/shipping/mexico-to-portugal,corridor,es
0.3,https://rateships.com/es/shipping/mexico-to-romania,corridor,es
0.3,https://rateships.com/es/shipping/mexico-to-singapore,corridor,es
0.3,https://rateships.com/es/shipping/mexico-to-south-africa,corridor,es
0.3,https://rateships.com/es/shipping/mexico-to-sweden,corridor,es
0.3,https://rateships.com/es/shipping/mexico-to-thailand,corridor,es
0.3,https://rateships.com/es/shipping/mexico-to-united-arab-emirates,corridor,es
0.3,https://rateships.com/es/shipping/mexico-to-vietnam,corridor,es
0.3,https://rateships.com/es/shipping/netherlands-to-chile,corridor,es
0.3,https://rateships.com/es/shipping/netherlands-to-colombia,corridor,es
0.3,https://rateships.com/es/shipping/netherlands-to-peru,corridor,es
0.3,https://rateships.com/es/shipping/new-zealand-to-chile,corridor,es
0.3,https://rateships.com/es/shipping/new-zealand-to-colombia,corridor,es
0.3,https://rateships.com/es/shipping/new-zealand-to-mexico,corridor,es
0.3,https://rateships.com/es/shipping/new-zealand-to-peru,corridor,es
0.3,https://rateships.com/es/shipping/new-zealand-to-spain,corridor,es
0.3,https://rateships.com/es/shipping/nigeria-to-chile,corridor,es
0.3,https://rateships.com/es/shipping/nigeria-to-colombia,corridor,es
0.3,https://rateships.com/es/shipping/nigeria-to-mexico,corridor,es
0.3,https://rateships.com/es/shipping/nigeria-to-peru,corridor,es
0.3,https://rateships.com/es/shipping/nigeria-to-spain,corridor,es
0.3,https://rateships.com/es/shipping/norway-to-chile,corridor,es
0.3,https://rateships.com/es/shipping/norway-to-colombia,corridor,es
0.3,https://rateships.com/es/shipping/norway-to-mexico,corridor,es
0.3,https://rateships.com/es/shipping/norway-to-peru,corridor,es
0.3,https://rateships.com/es/shipping/norway-to-spain,corridor,es
0.3,https://rateships.com/es/shipping/pakistan-to-chile,corridor,es
0.3,https://rateships.com/es/shipping/pakistan-to-colombia,corridor,es
0.3,https://rateships.com/es/shipping/pakistan-to-mexico,corridor,es
0.3,https://rateships.com/es/shipping/pakistan-to-peru,corridor,es
0.3,https://rateships.com/es/shipping/pakistan-to-spain,corridor,es
0.3,https://rateships.com/es/shipping/peru-to-australia,corridor,es
0.3,https://rateships.com/es/shipping/peru-to-austria,corridor,es
0.3,https://rateships.com/es/shipping/peru-to-belgium,corridor,es
0.3,https://rateships.com/es/shipping/peru-to-brazil,corridor,es
0.3,https://rateships.com/es/shipping/peru-to-canada,corridor,es
0.3,https://rateships.com/es/shipping/peru-to-chile,corridor,es
0.3,https://rateships.com/es/shipping/peru-to-china,corridor,es
0.3,https://rateships.com/es/shipping/peru-to-colombia,corridor,es
0.3,https://rateships.com/es/shipping/peru-to-czechia,corridor,es
0.3,https://rateships.com/es/shipping/peru-to-denmark,corridor,es
0.3,https://rateships.com/es/shipping/peru-to-egypt,corridor,es
0.3,https://rateships.com/es/shipping/peru-to-finland,corridor,es
0.3,https://rateships.com/es/shipping/peru-to-france,corridor,es
0.3,https://rateships.com/es/shipping/peru-to-germany,corridor,es
0.3,https://rateships.com/es/shipping/peru-to-greece,corridor,es
0.3,https://rateships.com/es/shipping/peru-to-hong-kong,corridor,es
0.3,https://rateships.com/es/shipping/peru-to-hungary,corridor,es
0.3,https://rateships.com/es/shipping/peru-to-india,corridor,es
0.3,https://rateships.com/es/shipping/peru-to-indonesia,corridor,es
0.3,https://rateships.com/es/shipping/peru-to-ireland,corridor,es
0.3,https://rateships.com/es/shipping/peru-to-israel,corridor,es
0.3,https://rateships.com/es/shipping/peru-to-italy,corridor,es
0.3,https://rateships.com/es/shipping/peru-to-japan,corridor,es
0.3,https://rateships.com/es/shipping/peru-to-kazakhstan,corridor,es
0.3,https://rateships.com/es/shipping/peru-to-malaysia,corridor,es
0.3,https://rateships.com/es/shipping/peru-to-mexico,corridor,es
0.3,https://rateships.com/es/shipping/peru-to-netherlands,corridor,es
0.3,https://rateships.com/es/shipping/peru-to-new-zealand,corridor,es
0.3,https://rateships.com/es/shipping/peru-to-nigeria,corridor,es
0.3,https://rateships.com/es/shipping/peru-to-norway,corridor,es
0.3,https://rateships.com/es/shipping/peru-to-pakistan,corridor,es
0.3,https://rateships.com/es/shipping/peru-to-philippines,corridor,es
0.3,https://rateships.com/es/shipping/peru-to-poland,corridor,es
0.3,https://rateships.com/es/shipping/peru-to-portugal,corridor,es
0.3,https://rateships.com/es/shipping/peru-to-romania,corridor,es
0.3,https://rateships.com/es/shipping/peru-to-russia,corridor,es
0.3,https://rateships.com/es/shipping/peru-to-saudi-arabia,corridor,es
0.3,https://rateships.com/es/shipping/peru-to-singapore,corridor,es
0.3,https://rateships.com/es/shipping/peru-to-south-africa,corridor,es
0.3,https://rateships.com/es/shipping/peru-to-south-korea,corridor,es
0.3,https://rateships.com/es/shipping/peru-to-spain,corridor,es
0.3,https://rateships.com/es/shipping/peru-to-sweden,corridor,es
0.3,https://rateships.com/es/shipping/peru-to-switzerland,corridor,es
0.3,https://rateships.com/es/shipping/peru-to-thailand,corridor,es
0.3,https://rateships.com/es/shipping/peru-to-turkey,corridor,es
0.3,https://rateships.com/es/shipping/peru-to-united-arab-emirates,corridor,es
0.3,https://rateships.com/es/shipping/peru-to-united-kingdom,corridor,es
0.3,https://rateships.com/es/shipping/peru-to-united-states,corridor,es
0.3,https://rateships.com/es/shipping/peru-to-vietnam,corridor,es
0.3,https://rateships.com/es/shipping/philippines-to-chile,corridor,es
0.3,https://rateships.com/es/shipping/philippines-to-colombia,corridor,es
0.3,https://rateships.com/es/shipping/philippines-to-mexico,corridor,es
0.3,https://rateships.com/es/shipping/philippines-to-peru,corridor,es
0.3,https://rateships.com/es/shipping/philippines-to-spain,corridor,es
0.3,https://rateships.com/es/shipping/poland-to-chile,corridor,es
0.3,https://rateships.com/es/shipping/poland-to-colombia,corridor,es
0.3,https://rateships.com/es/shipping/poland-to-mexico,corridor,es
0.3,https://rateships.com/es/shipping/poland-to-peru,corridor,es
0.3,https://rateships.com/es/shipping/poland-to-spain,corridor,es
0.3,https://rateships.com/es/shipping/portugal-to-chile,corridor,es
0.3,https://rateships.com/es/shipping/portugal-to-colombia,corridor,es
0.3,https://rateships.com/es/shipping/portugal-to-mexico,corridor,es
0.3,https://rateships.com/es/shipping/portugal-to-peru,corridor,es
0.3,https://rateships.com/es/shipping/portugal-to-spain,corridor,es
0.3,https://rateships.com/es/shipping/romania-to-chile,corridor,es
0.3,https://rateships.com/es/shipping/romania-to-colombia,corridor,es
0.3,https://rateships.com/es/shipping/romania-to-mexico,corridor,es
0.3,https://rateships.com/es/shipping/romania-to-peru,corridor,es
0.3,https://rateships.com/es/shipping/romania-to-spain,corridor,es
0.3,https://rateships.com/es/shipping/russia-to-chile,corridor,es
0.3,https://rateships.com/es/shipping/russia-to-colombia,corridor,es
0.3,https://rateships.com/es/shipping/russia-to-peru,corridor,es
0.3,https://rateships.com/es/shipping/saudi-arabia-to-chile,corridor,es
0.3,https://rateships.com/es/shipping/saudi-arabia-to-colombia,corridor,es
0.3,https://rateships.com/es/shipping/saudi-arabia-to-peru,corridor,es
0.3,https://rateships.com/es/shipping/singapore-to-chile,corridor,es
0.3,https://rateships.com/es/shipping/singapore-to-colombia,corridor,es
0.3,https://rateships.com/es/shipping/singapore-to-mexico,corridor,es
0.3,https://rateships.com/es/shipping/singapore-to-peru,corridor,es
0.3,https://rateships.com/es/shipping/singapore-to-spain,corridor,es
0.3,https://rateships.com/es/shipping/south-africa-to-chile,corridor,es
0.3,https://rateships.com/es/shipping/south-africa-to-colombia,corridor,es
0.3,https://rateships.com/es/shipping/south-africa-to-mexico,corridor,es
0.3,https://rateships.com/es/shipping/south-africa-to-peru,corridor,es
0.3,https://rateships.com/es/shipping/south-africa-to-spain,corridor,es
0.3,https://rateships.com/es/shipping/south-korea-to-chile,corridor,es
0.3,https://rateships.com/es/shipping/south-korea-to-colombia,corridor,es
0.3,https://rateships.com/es/shipping/south-korea-to-peru,corridor,es
0.3,https://rateships.com/es/shipping/spain-to-austria,corridor,es
0.3,https://rateships.com/es/shipping/spain-to-belgium,corridor,es
0.3,https://rateships.com/es/shipping/spain-to-chile,corridor,es
0.3,https://rateships.com/es/shipping/spain-to-colombia,corridor,es
0.3,https://rateships.com/es/shipping/spain-to-czechia,corridor,es
0.3,https://rateships.com/es/shipping/spain-to-denmark,corridor,es
0.3,https://rateships.com/es/shipping/spain-to-egypt,corridor,es
0.3,https://rateships.com/es/shipping/spain-to-finland,corridor,es
0.3,https://rateships.com/es/shipping/spain-to-greece,corridor,es
0.3,https://rateships.com/es/shipping/spain-to-hong-kong,corridor,es
0.3,https://rateships.com/es/shipping/spain-to-hungary,corridor,es
0.3,https://rateships.com/es/shipping/spain-to-ireland,corridor,es
0.3,https://rateships.com/es/shipping/spain-to-israel,corridor,es
0.3,https://rateships.com/es/shipping/spain-to-kazakhstan,corridor,es
0.3,https://rateships.com/es/shipping/spain-to-malaysia,corridor,es
0.3,https://rateships.com/es/shipping/spain-to-new-zealand,corridor,es
0.3,https://rateships.com/es/shipping/spain-to-nigeria,corridor,es
0.3,https://rateships.com/es/shipping/spain-to-norway,corridor,es
0.3,https://rateships.com/es/shipping/spain-to-pakistan,corridor,es
0.3,https://rateships.com/es/shipping/spain-to-peru,corridor,es
0.3,https://rateships.com/es/shipping/spain-to-philippines,corridor,es
0.3,https://rateships.com/es/shipping/spain-to-poland,corridor,es
0.3,https://rateships.com/es/shipping/spain-to-portugal,corridor,es
0.3,https://rateships.com/es/shipping/spain-to-romania,corridor,es
0.3,https://rateships.com/es/shipping/spain-to-singapore,corridor,es
0.3,https://rateships.com/es/shipping/spain-to-south-africa,corridor,es
0.3,https://rateships.com/es/shipping/spain-to-sweden,corridor,es
0.3,https://rateships.com/es/shipping/spain-to-thailand,corridor,es
0.3,https://rateships.com/es/shipping/spain-to-united-arab-emirates,corridor,es
0.3,https://rateships.com/es/shipping/spain-to-vietnam,corridor,es
0.3,https://rateships.com/es/shipping/sweden-to-chile,corridor,es
0.3,https://rateships.com/es/shipping/sweden-to-colombia,corridor,es
0.3,https://rateships.com/es/shipping/sweden-to-mexico,corridor,es
0.3,https://rateships.com/es/shipping/sweden-to-peru,corridor,es
0.3,https://rateships.com/es/shipping/sweden-to-spain,corridor,es
0.3,https://rateships.com/es/shipping/switzerland-to-chile,corridor,es
0.3,https://rateships.com/es/shipping/switzerland-to-colombia,corridor,es
0.3,https://rateships.com/es/shipping/switzerland-to-peru,corridor,es
0.3,https://rateships.com/es/shipping/thailand-to-chile,corridor,es
0.3,https://rateships.com/es/shipping/thailand-to-colombia,corridor,es
0.3,https://rateships.com/es/shipping/thailand-to-mexico,corridor,es
0.3,https://rateships.com/es/shipping/thailand-to-peru,corridor,es
0.3,https://rateships.com/es/shipping/thailand-to-spain,corridor,es
0.3,https://rateships.com/es/shipping/turkey-to-chile,corridor,es
0.3,https://rateships.com/es/shipping/turkey-to-colombia,corridor,es
0.3,https://rateships.com/es/shipping/turkey-to-peru,corridor,es
0.3,https://rateships.com/es/shipping/united-arab-emirates-to-chile,corridor,es
0.3,https://rateships.com/es/shipping/united-arab-emirates-to-colombia,corridor,es
0.3,https://rateships.com/es/shipping/united-arab-emirates-to-mexico,corridor,es
0.3,https://rateships.com/es/shipping/united-arab-emirates-to-peru,corridor,es
0.3,https://rateships.com/es/shipping/united-arab-emirates-to-spain,corridor,es
0.3,https://rateships.com/es/shipping/united-kingdom-to-chile,corridor,es
0.3,https://rateships.com/es/shipping/united-kingdom-to-colombia,corridor,es
0.3,https://rateships.com/es/shipping/united-kingdom-to-peru,corridor,es
0.3,https://rateships.com/es/shipping/united-states-to-chile,corridor,es
0.3,https://rateships.com/es/shipping/united-states-to-colombia,corridor,es
0.3,https://rateships.com/es/shipping/united-states-to-peru,corridor,es
0.3,https://rateships.com/es/shipping/vietnam-to-chile,corridor,es
0.3,https://rateships.com/es/shipping/vietnam-to-colombia,corridor,es
0.3,https://rateships.com/es/shipping/vietnam-to-mexico,corridor,es
0.3,https://rateships.com/es/shipping/vietnam-to-peru,corridor,es
0.3,https://rateships.com/es/shipping/vietnam-to-spain,corridor,es
0.3,https://rateships.com/fr/guide/france,guide,fr
0.3,https://rateships.com/fr/guide/switzerland,guide,fr
0.3,https://rateships.com/fr/shipping/australia-to-belgium,corridor,fr
0.3,https://rateships.com/fr/shipping/australia-to-switzerland,corridor,fr
0.3,https://rateships.com/fr/shipping/austria-to-belgium,corridor,fr
0.3,https://rateships.com/fr/shipping/austria-to-france,corridor,fr
0.3,https://rateships.com/fr/shipping/austria-to-switzerland,corridor,fr
0.3,https://rateships.com/fr/shipping/belgium-to-australia,corridor,fr
0.3,https://rateships.com/fr/shipping/belgium-to-austria,corridor,fr
0.3,https://rateships.com/fr/shipping/belgium-to-brazil,corridor,fr
0.3,https://rateships.com/fr/shipping/belgium-to-canada,corridor,fr
0.3,https://rateships.com/fr/shipping/belgium-to-chile,corridor,fr
0.3,https://rateships.com/fr/shipping/belgium-to-china,corridor,fr
0.3,https://rateships.com/fr/shipping/belgium-to-colombia,corridor,fr
0.3,https://rateships.com/fr/shipping/belgium-to-czechia,corridor,fr
0.3,https://rateships.com/fr/shipping/belgium-to-denmark,corridor,fr
0.3,https://rateships.com/fr/shipping/belgium-to-egypt,corridor,fr
0.3,https://rateships.com/fr/shipping/belgium-to-finland,corridor,fr
0.3,https://rateships.com/fr/shipping/belgium-to-france,corridor,fr
0.3,https://rateships.com/fr/shipping/belgium-to-germany,corridor,fr
0.3,https://rateships.com/fr/shipping/belgium-to-greece,corridor,fr
0.3,https://rateships.com/fr/shipping/belgium-to-hong-kong,corridor,fr
0.3,https://rateships.com/fr/shipping/belgium-to-hungary,corridor,fr
0.3,https://rateships.com/fr/shipping/belgium-to-india,corridor,fr
0.3,https://rateships.com/fr/shipping/belgium-to-indonesia,corridor,fr
0.3,https://rateships.com/fr/shipping/belgium-to-ireland,corridor,fr
0.3,https://rateships.com/fr/shipping/belgium-to-israel,corridor,fr
0.3,https://rateships.com/fr/shipping/belgium-to-italy,corridor,fr
0.3,https://rateships.com/fr/shipping/belgium-to-japan,corridor,fr
0.3,https://rateships.com/fr/shipping/belgium-to-kazakhstan,corridor,fr
0.3,https://rateships.com/fr/shipping/belgium-to-malaysia,corridor,fr
0.3,https://rateships.com/fr/shipping/belgium-to-mexico,corridor,fr
0.3,https://rateships.com/fr/shipping/belgium-to-netherlands,corridor,fr
0.3,https://rateships.com/fr/shipping/belgium-to-new-zealand,corridor,fr
0.3,https://rateships.com/fr/shipping/belgium-to-nigeria,corridor,fr
0.3,https://rateships.com/fr/shipping/belgium-to-norway,corridor,fr
0.3,https://rateships.com/fr/shipping/belgium-to-pakistan,corridor,fr
0.3,https://rateships.com/fr/shipping/belgium-to-peru,corridor,fr
0.3,https://rateships.com/fr/shipping/belgium-to-philippines,corridor,fr
0.3,https://rateships.com/fr/shipping/belgium-to-poland,corridor,fr
0.3,https://rateships.com/fr/shipping/belgium-to-portugal,corridor,fr
0.3,https://rateships.com/fr/shipping/belgium-to-romania,corridor,fr
0.3,https://rateships.com/fr/shipping/belgium-to-russia,corridor,fr
0.3,https://rateships.com/fr/shipping/belgium-to-saudi-arabia,corridor,fr
0.3,https://rateships.com/fr/shipping/belgium-to-singapore,corridor,fr
0.3,https://rateships.com/fr/shipping/belgium-to-south-africa,corridor,fr
0.3,https://rateships.com/fr/shipping/belgium-to-south-korea,corridor,fr
0.3,https://rateships.com/fr/shipping/belgium-to-spain,corridor,fr
0.3,https://rateships.com/fr/shipping/belgium-to-sweden,corridor,fr
0.3,https://rateships.com/fr/shipping/belgium-to-switzerland,corridor,fr
0.3,https://rateships.com/fr/shipping/belgium-to-thailand,corridor,fr
0.3,https://rateships.com/fr/shipping/belgium-to-turkey,corridor,fr
0.3,https://rateships.com/fr/shipping/belgium-to-united-arab-emirates,corridor,fr
0.3,https://rateships.com/fr/shipping/belgium-to-united-kingdom,corridor,fr
0.3,https://rateships.com/fr/shipping/belgium-to-united-states,corridor,fr
0.3,https://rateships.com/fr/shipping/belgium-to-vietnam,corridor,fr
0.3,https://rateships.com/fr/shipping/brazil-to-belgium,corridor,fr
0.3,https://rateships.com/fr/shipping/brazil-to-switzerland,corridor,fr
0.3,https://rateships.com/fr/shipping/canada-to-belgium,corridor,fr
0.3,https://rateships.com/fr/shipping/canada-to-switzerland,corridor,fr
0.3,https://rateships.com/fr/shipping/chile-to-belgium,corridor,fr
0.3,https://rateships.com/fr/shipping/chile-to-france,corridor,fr
0.3,https://rateships.com/fr/shipping/chile-to-switzerland,corridor,fr
0.3,https://rateships.com/fr/shipping/china-to-belgium,corridor,fr
0.3,https://rateships.com/fr/shipping/china-to-switzerland,corridor,fr
0.3,https://rateships.com/fr/shipping/colombia-to-belgium,corridor,fr
0.3,https://rateships.com/fr/shipping/colombia-to-france,corridor,fr
0.3,https://rateships.com/fr/shipping/colombia-to-switzerland,corridor,fr
0.3,https://rateships.com/fr/shipping/czechia-to-belgium,corridor,fr
0.3,https://rateships.com/fr/shipping/czechia-to-france,corridor,fr
0.3,https://rateships.com/fr/shipping/czechia-to-switzerland,corridor,fr
0.3,https://rateships.com/fr/shipping/denmark-to-belgium,corridor,fr
0.3,https://rateships.com/fr/shipping/denmark-to-france,corridor,fr
0.3,https://rateships.com/fr/shipping/denmark-to-switzerland,corridor,fr
0.3,https://rateships.com/fr/shipping/egypt-to-belgium,corridor,fr
0.3,https://rateships.com/fr/shipping/egypt-to-france,corridor,fr
0.3,https://rateships.com/fr/shipping/egypt-to-switzerland,corridor,fr
0.3,https://rateships.com/fr/shipping/finland-to-belgium,corridor,fr
0.3,https://rateships.com/fr/shipping/finland-to-france,corridor,fr
0.3,https://rateships.com/fr/shipping/finland-to-switzerland,corridor,fr
0.3,https://rateships.com/fr/shipping/france-to-austria,corridor,fr
0.3,https://rateships.com/fr/shipping/france-to-belgium,corridor,fr
0.3,https://rateships.com/fr/shipping/france-to-chile,corridor,fr
0.3,https://rateships.com/fr/shipping/france-to-colombia,corridor,fr
0.3,https://rateships.com/fr/shipping/france-to-czechia,corridor,fr
0.3,https://rateships.com/fr/shipping/france-to-denmark,corridor,fr
0.3,https://rateships.com/fr/shipping/france-to-egypt,corridor,fr
0.3,https://rateships.com/fr/shipping/france-to-finland,corridor,fr
0.3,https://rateships.com/fr/shipping/france-to-greece,corridor,fr
0.3,https://rateships.com/fr/shipping/france-to-hong-kong,corridor,fr
0.3,https://rateships.com/fr/shipping/france-to-hungary,corridor,fr
0.3,https://rateships.com/fr/shipping/france-to-ireland,corridor,fr
0.3,https://rateships.com/fr/shipping/france-to-israel,corridor,fr
0.3,https://rateships.com/fr/shipping/france-to-kazakhstan,corridor,fr
0.3,https://rateships.com/fr/shipping/france-to-malaysia,corridor,fr
0.3,https://rateships.com/fr/shipping/france-to-new-zealand,corridor,fr
0.3,https://rateships.com/fr/shipping/france-to-nigeria,corridor,fr
0.3,https://rateships.com/fr/shipping/france-to-norway,corridor,fr
0.3,https://rateships.com/fr/shipping/france-to-pakistan,corridor,fr
0.3,https://rateships.com/fr/shipping/france-to-peru,corridor,fr
0.3,https://rateships.com/fr/shipping/france-to-philippines,corridor,fr
0.3,https://rateships.com/fr/shipping/france-to-poland,corridor,fr
0.3,https://rateships.com/fr/shipping/france-to-portugal,corridor,fr
0.3,https://rateships.com/fr/shipping/france-to-romania,corridor,fr
0.3,https://rateships.com/fr/shipping/france-to-singapore,corridor,fr
0.3,https://rateships.com/fr/shipping/france-to-south-africa,corridor,fr
0.3,https://rateships.com/fr/shipping/france-to-sweden,corridor,fr
0.3,https://rateships.com/fr/shipping/france-to-thailand,corridor,fr
0.3,https://rateships.com/fr/shipping/france-to-united-arab-emirates,corridor,fr
0.3,https://rateships.com/fr/shipping/france-to-vietnam,corridor,fr
0.3,https://rateships.com/fr/shipping/germany-to-belgium,corridor,fr
0.3,https://rateships.com/fr/shipping/germany-to-switzerland,corridor,fr
0.3,https://rateships.com/fr/shipping/greece-to-belgium,corridor,fr
0.3,https://rateships.com/fr/shipping/greece-to-france,corridor,fr
0.3,https://rateships.com/fr/shipping/greece-to-switzerland,corridor,fr
0.3,https://rateships.com/fr/shipping/hong-kong-to-belgium,corridor,fr
0.3,https://rateships.com/fr/shipping/hong-kong-to-france,corridor,fr
0.3,https://rateships.com/fr/shipping/hong-kong-to-switzerland,corridor,fr
0.3,https://rateships.com/fr/shipping/hungary-to-belgium,corridor,fr
0.3,https://rateships.com/fr/shipping/hungary-to-france,corridor,fr
0.3,https://rateships.com/fr/shipping/hungary-to-switzerland,corridor,fr
0.3,https://rateships.com/fr/shipping/india-to-belgium,corridor,fr
0.3,https://rateships.com/fr/shipping/india-to-switzerland,corridor,fr
0.3,https://rateships.com/fr/shipping/indonesia-to-belgium,corridor,fr
0.3,https://rateships.com/fr/shipping/indonesia-to-switzerland,corridor,fr
0.3,https://rateships.com/fr/shipping/ireland-to-belgium,corridor,fr
0.3,https://rateships.com/fr/shipping/ireland-to-france,corridor,fr
0.3,https://rateships.com/fr/shipping/ireland-to-switzerland,corridor,fr
0.3,https://rateships.com/fr/shipping/israel-to-belgium,corridor,fr
0.3,https://rateships.com/fr/shipping/israel-to-france,corridor,fr
0.3,https://rateships.com/fr/shipping/israel-to-switzerland,corridor,fr
0.3,https://rateships.com/fr/shipping/italy-to-belgium,corridor,fr
0.3,https://rateships.com/fr/shipping/italy-to-switzerland,corridor,fr
0.3,https://rateships.com/fr/shipping/japan-to-belgium,corridor,fr
0.3,https://rateships.com/fr/shipping/japan-to-switzerland,corridor,fr
0.3,https://rateships.com/fr/shipping/kazakhstan-to-belgium,corridor,fr
0.3,https://rateships.com/fr/shipping/kazakhstan-to-france,corridor,fr
0.3,https://rateships.com/fr/shipping/kazakhstan-to-switzerland,corridor,fr
0.3,https://rateships.com/fr/shipping/malaysia-to-belgium,corridor,fr
0.3,https://rateships.com/fr/shipping/malaysia-to-france,corridor,fr
0.3,https://rateships.com/fr/shipping/malaysia-to-switzerland,corridor,fr
0.3,https://rateships.com/fr/shipping/mexico-to-belgium,corridor,fr
0.3,https://rateships.com/fr/shipping/mexico-to-switzerland,corridor,fr
0.3,https://rateships.com/fr/shipping/netherlands-to-belgium,corridor,fr
0.3,https://rateships.com/fr/shipping/netherlands-to-switzerland,corridor,fr
0.3,https://rateships.com/fr/shipping/new-zealand-to-belgium,corridor,fr
0.3,https://rateships.com/fr/shipping/new-zealand-to-france,corridor,fr
0.3,https://rateships.com/fr/shipping/new-zealand-to-switzerland,corridor,fr
0.3,https://rateships.com/fr/shipping/nigeria-to-belgium,corridor,fr
0.3,https://rateships.com/fr/shipping/nigeria-to-france,corridor,fr
0.3,https://rateships.com/fr/shipping/nigeria-to-switzerland,corridor,fr
0.3,https://rateships.com/fr/shipping/norway-to-belgium,corridor,fr
0.3,https://rateships.com/fr/shipping/norway-to-france,corridor,fr
0.3,https://rateships.com/fr/shipping/norway-to-switzerland,corridor,fr
0.3,https://rateships.com/fr/shipping/pakistan-to-belgium,corridor,fr
0.3,https://rateships.com/fr/shipping/pakistan-to-france,corridor,fr
0.3,https://rateships.com/fr/shipping/pakistan-to-switzerland,corridor,fr
0.3,https://rateships.com/fr/shipping/peru-to-belgium,corridor,fr
0.3,https://rateships.com/fr/shipping/peru-to-france,corridor,fr
0.3,https://rateships.com/fr/shipping/peru-to-switzerland,corridor,fr
0.3,https://rateships.com/fr/shipping/philippines-to-belgium,corridor,fr
0.3,https://rateships.com/fr/shipping/philippines-to-france,corridor,fr
0.3,https://rateships.com/fr/shipping/philippines-to-switzerland,corridor,fr
0.3,https://rateships.com/fr/shipping/poland-to-belgium,corridor,fr
0.3,https://rateships.com/fr/shipping/poland-to-france,corridor,fr
0.3,https://rateships.com/fr/shipping/poland-to-switzerland,corridor,fr
0.3,https://rateships.com/fr/shipping/portugal-to-belgium,corridor,fr
0.3,https://rateships.com/fr/shipping/portugal-to-france,corridor,fr
0.3,https://rateships.com/fr/shipping/portugal-to-switzerland,corridor,fr
0.3,https://rateships.com/fr/shipping/romania-to-belgium,corridor,fr
0.3,https://rateships.com/fr/shipping/romania-to-france,corridor,fr
0.3,https://rateships.com/fr/shipping/romania-to-switzerland,corridor,fr
0.3,https://rateships.com/fr/shipping/russia-to-belgium,corridor,fr
0.3,https://rateships.com/fr/shipping/russia-to-switzerland,corridor,fr
0.3,https://rateships.com/fr/shipping/saudi-arabia-to-belgium,corridor,fr
0.3,https://rateships.com/fr/shipping/saudi-arabia-to-switzerland,corridor,fr
0.3,https://rateships.com/fr/shipping/singapore-to-belgium,corridor,fr
0.3,https://rateships.com/fr/shipping/singapore-to-france,corridor,fr
0.3,https://rateships.com/fr/shipping/singapore-to-switzerland,corridor,fr
0.3,https://rateships.com/fr/shipping/south-africa-to-belgium,corridor,fr
0.3,https://rateships.com/fr/shipping/south-africa-to-france,corridor,fr
0.3,https://rateships.com/fr/shipping/south-africa-to-switzerland,corridor,fr
0.3,https://rateships.com/fr/shipping/south-korea-to-belgium,corridor,fr
0.3,https://rateships.com/fr/shipping/south-korea-to-switzerland,corridor,fr
0.3,https://rateships.com/fr/shipping/spain-to-belgium,corridor,fr
0.3,https://rateships.com/fr/shipping/spain-to-switzerland,corridor,fr
0.3,https://rateships.com/fr/shipping/sweden-to-belgium,corridor,fr
0.3,https://rateships.com/fr/shipping/sweden-to-france,corridor,fr
0.3,https://rateships.com/fr/shipping/sweden-to-switzerland,corridor,fr
0.3,https://rateships.com/fr/shipping/switzerland-to-australia,corridor,fr
0.3,https://rateships.com/fr/shipping/switzerland-to-austria,corridor,fr
0.3,https://rateships.com/fr/shipping/switzerland-to-belgium,corridor,fr
0.3,https://rateships.com/fr/shipping/switzerland-to-brazil,corridor,fr
0.3,https://rateships.com/fr/shipping/switzerland-to-canada,corridor,fr
0.3,https://rateships.com/fr/shipping/switzerland-to-chile,corridor,fr
0.3,https://rateships.com/fr/shipping/switzerland-to-china,corridor,fr
0.3,https://rateships.com/fr/shipping/switzerland-to-colombia,corridor,fr
0.3,https://rateships.com/fr/shipping/switzerland-to-czechia,corridor,fr
0.3,https://rateships.com/fr/shipping/switzerland-to-denmark,corridor,fr
0.3,https://rateships.com/fr/shipping/switzerland-to-egypt,corridor,fr
0.3,https://rateships.com/fr/shipping/switzerland-to-finland,corridor,fr
0.3,https://rateships.com/fr/shipping/switzerland-to-germany,corridor,fr
0.3,https://rateships.com/fr/shipping/switzerland-to-greece,corridor,fr
0.3,https://rateships.com/fr/shipping/switzerland-to-hong-kong,corridor,fr
0.3,https://rateships.com/fr/shipping/switzerland-to-hungary,corridor,fr
0.3,https://rateships.com/fr/shipping/switzerland-to-india,corridor,fr
0.3,https://rateships.com/fr/shipping/switzerland-to-indonesia,corridor,fr
0.3,https://rateships.com/fr/shipping/switzerland-to-ireland,corridor,fr
0.3,https://rateships.com/fr/shipping/switzerland-to-israel,corridor,fr
0.3,https://rateships.com/fr/shipping/switzerland-to-italy,corridor,fr
0.3,https://rateships.com/fr/shipping/switzerland-to-japan,corridor,fr
0.3,https://rateships.com/fr/shipping/switzerland-to-kazakhstan,corridor,fr
0.3,https://rateships.com/fr/shipping/switzerland-to-malaysia,corridor,fr
0.3,https://rateships.com/fr/shipping/switzerland-to-mexico,corridor,fr
0.3,https://rateships.com/fr/shipping/switzerland-to-netherlands,corridor,fr
0.3,https://rateships.com/fr/shipping/switzerland-to-new-zealand,corridor,fr
0.3,https://rateships.com/fr/shipping/switzerland-to-nigeria,corridor,fr
0.3,https://rateships.com/fr/shipping/switzerland-to-norway,corridor,fr
0.3,https://rateships.com/fr/shipping/switzerland-to-pakistan,corridor,fr
0.3,https://rateships.com/fr/shipping/switzerland-to-peru,corridor,fr
0.3,https://rateships.com/fr/shipping/switzerland-to-philippines,corridor,fr
0.3,https://rateships.com/fr/shipping/switzerland-to-poland,corridor,fr
0.3,https://rateships.com/fr/shipping/switzerland-to-portugal,corridor,fr
0.3,https://rateships.com/fr/shipping/switzerland-to-romania,corridor,fr
0.3,https://rateships.com/fr/shipping/switzerland-to-russia,corridor,fr
0.3,https://rateships.com/fr/shipping/switzerland-to-saudi-arabia,corridor,fr
0.3,https://rateships.com/fr/shipping/switzerland-to-singapore,corridor,fr
0.3,https://rateships.com/fr/shipping/switzerland-to-south-africa,corridor,fr
0.3,https://rateships.com/fr/shipping/switzerland-to-south-korea,corridor,fr
0.3,https://rateships.com/fr/shipping/switzerland-to-spain,corridor,fr
0.3,https://rateships.com/fr/shipping/switzerland-to-sweden,corridor,fr
0.3,https://rateships.com/fr/shipping/switzerland-to-thailand,corridor,fr
0.3,https://rateships.com/fr/shipping/switzerland-to-turkey,corridor,fr
0.3,https://rateships.com/fr/shipping/switzerland-to-united-arab-emirates,corridor,fr
0.3,https://rateships.com/fr/shipping/switzerland-to-united-kingdom,corridor,fr
0.3,https://rateships.com/fr/shipping/switzerland-to-united-states,corridor,fr
0.3,https://rateships.com/fr/shipping/switzerland-to-vietnam,corridor,fr
0.3,https://rateships.com/fr/shipping/thailand-to-belgium,corridor,fr
0.3,https://rateships.com/fr/shipping/thailand-to-france,corridor,fr
0.3,https://rateships.com/fr/shipping/thailand-to-switzerland,corridor,fr
0.3,https://rateships.com/fr/shipping/turkey-to-belgium,corridor,fr
0.3,https://rateships.com/fr/shipping/turkey-to-switzerland,corridor,fr
0.3,https://rateships.com/fr/shipping/united-arab-emirates-to-belgium,corridor,fr
0.3,https://rateships.com/fr/shipping/united-arab-emirates-to-france,corridor,fr
0.3,https://rateships.com/fr/shipping/united-arab-emirates-to-switzerland,corridor,fr
0.3,https://rateships.com/fr/shipping/united-kingdom-to-belgium,corridor,fr
0.3,https://rateships.com/fr/shipping/united-kingdom-to-switzerland,corridor,fr
0.3,https://rateships.com/fr/shipping/united-states-to-belgium,corridor,fr
0.3,https://rateships.com/fr/shipping/united-states-to-switzerland,corridor,fr
0.3,https://rateships.com/fr/shipping/vietnam-to-belgium,corridor,fr
0.3,https://rateships.com/fr/shipping/vietnam-to-france,corridor,fr
0.3,https://rateships.com/fr/shipping/vietnam-to-switzerland,corridor,fr
0.3,https://rateships.com/it/guide/italy,guide,it
0.3,https://rateships.com/it/shipping/austria-to-italy,corridor,it
0.3,https://rateships.com/it/shipping/belgium-to-italy,corridor,it
0.3,https://rateships.com/it/shipping/chile-to-italy,corridor,it
0.3,https://rateships.com/it/shipping/colombia-to-italy,corridor,it
0.3,https://rateships.com/it/shipping/czechia-to-italy,corridor,it
0.3,https://rateships.com/it/shipping/denmark-to-italy,corridor,it
0.3,https://rateships.com/it/shipping/egypt-to-italy,corridor,it
0.3,https://rateships.com/it/shipping/finland-to-italy,corridor,it
0.3,https://rateships.com/it/shipping/greece-to-italy,corridor,it
0.3,https://rateships.com/it/shipping/hong-kong-to-italy,corridor,it
0.3,https://rateships.com/it/shipping/hungary-to-italy,corridor,it
0.3,https://rateships.com/it/shipping/ireland-to-italy,corridor,it
0.3,https://rateships.com/it/shipping/israel-to-italy,corridor,it
0.3,https://rateships.com/it/shipping/italy-to-austria,corridor,it
0.3,https://rateships.com/it/shipping/italy-to-belgium,corridor,it
0.3,https://rateships.com/it/shipping/italy-to-chile,corridor,it
0.3,https://rateships.com/it/shipping/italy-to-colombia,corridor,it
0.3,https://rateships.com/it/shipping/italy-to-czechia,corridor,it
0.3,https://rateships.com/it/shipping/italy-to-denmark,corridor,it
0.3,https://rateships.com/it/shipping/italy-to-egypt,corridor,it
0.3,https://rateships.com/it/shipping/italy-to-finland,corridor,it
0.3,https://rateships.com/it/shipping/italy-to-greece,corridor,it
0.3,https://rateships.com/it/shipping/italy-to-hong-kong,corridor,it
0.3,https://rateships.com/it/shipping/italy-to-hungary,corridor,it
0.3,https://rateships.com/it/shipping/italy-to-ireland,corridor,it
0.3,https://rateships.com/it/shipping/italy-to-israel,corridor,it
0.3,https://rateships.com/it/shipping/italy-to-kazakhstan,corridor,it
0.3,https://rateships.com/it/shipping/italy-to-malaysia,corridor,it
0.3,https://rateships.com/it/shipping/italy-to-new-zealand,corridor,it
0.3,https://rateships.com/it/shipping/italy-to-nigeria,corridor,it
0.3,https://rateships.com/it/shipping/italy-to-norway,corridor,it
0.3,https://rateships.com/it/shipping/italy-to-pakistan,corridor,it
0.3,https://rateships.com/it/shipping/italy-to-peru,corridor,it
0.3,https://rateships.com/it/shipping/italy-to-philippines,corridor,it
0.3,https://rateships.com/it/shipping/italy-to-poland,corridor,it
0.3,https://rateships.com/it/shipping/italy-to-portugal,corridor,it
0.3,https://rateships.com/it/shipping/italy-to-romania,corridor,it
0.3,https://rateships.com/it/shipping/italy-to-singapore,corridor,it
0.3,https://rateships.com/it/shipping/italy-to-south-africa,corridor,it
0.3,https://rateships.com/it/shipping/italy-to-sweden,corridor,it
0.3,https://rateships.com/it/shipping/italy-to-thailand,corridor,it
0.3,https://rateships.com/it/shipping/italy-to-united-arab-emirates,corridor,it
0.3,https://rateships.com/it/shipping/italy-to-vietnam,corridor,it
0.3,https://rateships.com/it/shipping/kazakhstan-to-italy,corridor,it
0.3,https://rateships.com/it/shipping/malaysia-to-italy,corridor,it
0.3,https://rateships.com/it/shipping/new-zealand-to-italy,corridor,it
0.3,https://rateships.com/it/shipping/nigeria-to-italy,corridor,it
0.3,https://rateships.com/it/shipping/norway-to-italy,corridor,it
0.3,https://rateships.com/it/shipping/pakistan-to-italy,corridor,it
0.3,https://rateships.com/it/shipping/peru-to-italy,corridor,it
0.3,https://rateships.com/it/shipping/philippines-to-italy,corridor,it
0.3,https://rateships.com/it/shipping/poland-to-italy,corridor,it
0.3,https://rateships.com/it/shipping/portugal-to-italy,corridor,it
0.3,https://rateships.com/it/shipping/romania-to-italy,corridor,it
0.3,https://rateships.com/it/shipping/singapore-to-italy,corridor,it
0.3,https://rateships.com/it/shipping/south-africa-to-italy,corridor,it
0.3,https://rateships.com/it/shipping/sweden-to-italy,corridor,it
0.3,https://rateships.com/it/shipping/thailand-to-italy,corridor,it
0.3,https://rateships.com/it/shipping/united-arab-emirates-to-italy,corridor,it
0.3,https://rateships.com/it/shipping/vietnam-to-italy,corridor,it
0.3,https://rateships.com/ja/guide/japan,guide,ja
0.3,https://rateships.com/ja/shipping/austria-to-japan,corridor,ja
0.3,https://rateships.com/ja/shipping/belgium-to-japan,corridor,ja
0.3,https://rateships.com/ja/shipping/chile-to-japan,corridor,ja
0.3,https://rateships.com/ja/shipping/colombia-to-japan,corridor,ja
0.3,https://rateships.com/ja/shipping/czechia-to-japan,corridor,ja
0.3,https://rateships.com/ja/shipping/denmark-to-japan,corridor,ja
0.3,https://rateships.com/ja/shipping/egypt-to-japan,corridor,ja
0.3,https://rateships.com/ja/shipping/finland-to-japan,corridor,ja
0.3,https://rateships.com/ja/shipping/greece-to-japan,corridor,ja
0.3,https://rateships.com/ja/shipping/hong-kong-to-japan,corridor,ja
0.3,https://rateships.com/ja/shipping/hungary-to-japan,corridor,ja
0.3,https://rateships.com/ja/shipping/ireland-to-japan,corridor,ja
0.3,https://rateships.com/ja/shipping/israel-to-japan,corridor,ja
0.3,https://rateships.com/ja/shipping/japan-to-austria,corridor,ja
0.3,https://rateships.com/ja/shipping/japan-to-belgium,corridor,ja
0.3,https://rateships.com/ja/shipping/japan-to-chile,corridor,ja
0.3,https://rateships.com/ja/shipping/japan-to-colombia,corridor,ja
0.3,https://rateships.com/ja/shipping/japan-to-czechia,corridor,ja
0.3,https://rateships.com/ja/shipping/japan-to-denmark,corridor,ja
0.3,https://rateships.com/ja/shipping/japan-to-egypt,corridor,ja
0.3,https://rateships.com/ja/shipping/japan-to-finland,corridor,ja
0.3,https://rateships.com/ja/shipping/japan-to-greece,corridor,ja
0.3,https://rateships.com/ja/shipping/japan-to-hong-kong,corridor,ja
0.3,https://rateships.com/ja/shipping/japan-to-hungary,corridor,ja
0.3,https://rateships.com/ja/shipping/japan-to-ireland,corridor,ja
0.3,https://rateships.com/ja/shipping/japan-to-israel,corridor,ja
0.3,https://rateships.com/ja/shipping/japan-to-kazakhstan,corridor,ja
0.3,https://rateships.com/ja/shipping/japan-to-malaysia,corridor,ja
0.3,https://rateships.com/ja/shipping/japan-to-new-zealand,corridor,ja
0.3,https://rateships.com/ja/shipping/japan-to-nigeria,corridor,ja
0.3,https://rateships.com/ja/shipping/japan-to-norway,corridor,ja
0.3,https://rateships.com/ja/shipping/japan-to-pakistan,corridor,ja
0.3,https://rateships.com/ja/shipping/japan-to-peru,corridor,ja
0.3,https://rateships.com/ja/shipping/japan-to-philippines,corridor,ja
0.3,https://rateships.com/ja/shipping/japan-to-poland,corridor,ja
0.3,https://rateships.com/ja/shipping/japan-to-portugal,corridor,ja
0.3,https://rateships.com/ja/shipping/japan-to-romania,corridor,ja
0.3,https://rateships.com/ja/shipping/japan-to-singapore,corridor,ja
0.3,https://rateships.com/ja/shipping/japan-to-south-africa,corridor,ja
0.3,https://rateships.com/ja/shipping/japan-to-sweden,corridor,ja
0.3,https://rateships.com/ja/shipping/japan-to-thailand,corridor,ja
0.3,https://rateships.com/ja/shipping/japan-to-united-arab-emirates,corridor,ja
0.3,https://rateships.com/ja/shipping/japan-to-vietnam,corridor,ja
0.3,https://rateships.com/ja/shipping/kazakhstan-to-japan,corridor,ja
0.3,https://rateships.com/ja/shipping/malaysia-to-japan,corridor,ja
0.3,https://rateships.com/ja/shipping/new-zealand-to-japan,corridor,ja
0.3,https://rateships.com/ja/shipping/nigeria-to-japan,corridor,ja
0.3,https://rateships.com/ja/shipping/norway-to-japan,corridor,ja
0.3,https://rateships.com/ja/shipping/pakistan-to-japan,corridor,ja
0.3,https://rateships.com/ja/shipping/peru-to-japan,corridor,ja
0.3,https://rateships.com/ja/shipping/philippines-to-japan,corridor,ja
0.3,https://rateships.com/ja/shipping/poland-to-japan,corridor,ja
0.3,https://rateships.com/ja/shipping/portugal-to-japan,corridor,ja
0.3,https://rateships.com/ja/shipping/romania-to-japan,corridor,ja
0.3,https://rateships.com/ja/shipping/singapore-to-japan,corridor,ja
0.3,https://rateships.com/ja/shipping/south-africa-to-japan,corridor,ja
0.3,https://rateships.com/ja/shipping/sweden-to-japan,corridor,ja
0.3,https://rateships.com/ja/shipping/thailand-to-japan,corridor,ja
0.3,https://rateships.com/ja/shipping/united-arab-emirates-to-japan,corridor,ja
0.3,https://rateships.com/ja/shipping/vietnam-to-japan,corridor,ja
0.3,https://rateships.com/ko/guide/south-korea,guide,ko
0.3,https://rateships.com/ko/shipping/austria-to-south-korea,corridor,ko
0.3,https://rateships.com/ko/shipping/belgium-to-south-korea,corridor,ko
0.3,https://rateships.com/ko/shipping/chile-to-south-korea,corridor,ko
0.3,https://rateships.com/ko/shipping/colombia-to-south-korea,corridor,ko
0.3,https://rateships.com/ko/shipping/czechia-to-south-korea,corridor,ko
0.3,https://rateships.com/ko/shipping/denmark-to-south-korea,corridor,ko
0.3,https://rateships.com/ko/shipping/egypt-to-south-korea,corridor,ko
0.3,https://rateships.com/ko/shipping/finland-to-south-korea,corridor,ko
0.3,https://rateships.com/ko/shipping/greece-to-south-korea,corridor,ko
0.3,https://rateships.com/ko/shipping/hong-kong-to-south-korea,corridor,ko
0.3,https://rateships.com/ko/shipping/hungary-to-south-korea,corridor,ko
0.3,https://rateships.com/ko/shipping/ireland-to-south-korea,corridor,ko
0.3,https://rateships.com/ko/shipping/israel-to-south-korea,corridor,ko
0.3,https://rateships.com/ko/shipping/kazakhstan-to-south-korea,corridor,ko
0.3,https://rateships.com/ko/shipping/malaysia-to-south-korea,corridor,ko
0.3,https://rateships.com/ko/shipping/new-zealand-to-south-korea,corridor,ko
0.3,https://rateships.com/ko/shipping/nigeria-to-south-korea,corridor,ko
0.3,https://rateships.com/ko/shipping/norway-to-south-korea,corridor,ko
0.3,https://rateships.com/ko/shipping/pakistan-to-south-korea,corridor,ko
0.3,https://rateships.com/ko/shipping/peru-to-south-korea,corridor,ko
0.3,https://rateships.com/ko/shipping/philippines-to-south-korea,corridor,ko
0.3,https://rateships.com/ko/shipping/poland-to-south-korea,corridor,ko
0.3,https://rateships.com/ko/shipping/portugal-to-south-korea,corridor,ko
0.3,https://rateships.com/ko/shipping/romania-to-south-korea,corridor,ko
0.3,https://rateships.com/ko/shipping/singapore-to-south-korea,corridor,ko
0.3,https://rateships.com/ko/shipping/south-africa-to-south-korea,corridor,ko
0.3,https://rateships.com/ko/shipping/south-korea-to-austria,corridor,ko
0.3,https://rateships.com/ko/shipping/south-korea-to-belgium,corridor,ko
0.3,https://rateships.com/ko/shipping/south-korea-to-chile,corridor,ko
0.3,https://rateships.com/ko/shipping/south-korea-to-colombia,corridor,ko
0.3,https://rateships.com/ko/shipping/south-korea-to-czechia,corridor,ko
0.3,https://rateships.com/ko/shipping/south-korea-to-denmark,corridor,ko
0.3,https://rateships.com/ko/shipping/south-korea-to-egypt,corridor,ko
0.3,https://rateships.com/ko/shipping/south-korea-to-finland,corridor,ko
0.3,https://rateships.com/ko/shipping/south-korea-to-greece,corridor,ko
0.3,https://rateships.com/ko/shipping/south-korea-to-hong-kong,corridor,ko
0.3,https://rateships.com/ko/shipping/south-korea-to-hungary,corridor,ko
0.3,https://rateships.com/ko/shipping/south-korea-to-ireland,corridor,ko
0.3,https://rateships.com/ko/shipping/south-korea-to-israel,corridor,ko
0.3,https://rateships.com/ko/shipping/south-korea-to-kazakhstan,corridor,ko
0.3,https://rateships.com/ko/shipping/south-korea-to-malaysia,corridor,ko
0.3,https://rateships.com/ko/shipping/south-korea-to-new-zealand,corridor,ko
0.3,https://rateships.com/ko/shipping/south-korea-to-nigeria,corridor,ko
0.3,https://rateships.com/ko/shipping/south-korea-to-norway,corridor,ko
0.3,https://rateships.com/ko/shipping/south-korea-to-pakistan,corridor,ko
0.3,https://rateships.com/ko/shipping/south-korea-to-peru,corridor,ko
0.3,https://rateships.com/ko/shipping/south-korea-to-philippines,corridor,ko
0.3,https://rateships.com/ko/shipping/south-korea-to-poland,corridor,ko
0.3,https://rateships.com/ko/shipping/south-korea-to-portugal,corridor,ko
0.3,https://rateships.com/ko/shipping/south-korea-to-romania,corridor,ko
0.3,https://rateships.com/ko/shipping/south-korea-to-singapore,corridor,ko
0.3,https://rateships.com/ko/shipping/south-korea-to-south-africa,corridor,ko
0.3,https://rateships.com/ko/shipping/south-korea-to-sweden,corridor,ko
0.3,https://rateships.com/ko/shipping/south-korea-to-thailand,corridor,ko
0.3,https://rateships.com/ko/shipping/south-korea-to-united-arab-emirates,corridor,ko
0.3,https://rateships.com/ko/shipping/south-korea-to-vietnam,corridor,ko
0.3,https://rateships.com/ko/shipping/sweden-to-south-korea,corridor,ko
0.3,https://rateships.com/ko/shipping/thailand-to-south-korea,corridor,ko
0.3,https://rateships.com/ko/shipping/united-arab-emirates-to-south-korea,corridor,ko
0.3,https://rateships.com/ko/shipping/vietnam-to-south-korea,corridor,ko
0.3,https://rateships.com/pt/guide/brazil,guide,pt
0.3,https://rateships.com/pt/shipping/australia-to-portugal,corridor,pt
0.3,https://rateships.com/pt/shipping/austria-to-brazil,corridor,pt
0.3,https://rateships.com/pt/shipping/austria-to-portugal,corridor,pt
0.3,https://rateships.com/pt/shipping/belgium-to-brazil,corridor,pt
0.3,https://rateships.com/pt/shipping/belgium-to-portugal,corridor,pt
0.3,https://rateships.com/pt/shipping/brazil-to-austria,corridor,pt
0.3,https://rateships.com/pt/shipping/brazil-to-belgium,corridor,pt
0.3,https://rateships.com/pt/shipping/brazil-to-chile,corridor,pt
0.3,https://rateships.com/pt/shipping/brazil-to-colombia,corridor,pt
0.3,https://rateships.com/pt/shipping/brazil-to-czechia,corridor,pt
0.3,https://rateships.com/pt/shipping/brazil-to-denmark,corridor,pt
0.3,https://rateships.com/pt/shipping/brazil-to-egypt,corridor,pt
0.3,https://rateships.com/pt/shipping/brazil-to-finland,corridor,pt
0.3,https://rateships.com/pt/shipping/brazil-to-greece,corridor,pt
0.3,https://rateships.com/pt/shipping/brazil-to-hong-kong,corridor,pt
0.3,https://rateships.com/pt/shipping/brazil-to-hungary,corridor,pt
0.3,https://rateships.com/pt/shipping/brazil-to-ireland,corridor,pt
0.3,https://rateships.com/pt/shipping/brazil-to-israel,corridor,pt
0.3,https://rateships.com/pt/shipping/brazil-to-kazakhstan,corridor,pt
0.3,https://rateships.com/pt/shipping/brazil-to-malaysia,corridor,pt
0.3,https://rateships.com/pt/shipping/brazil-to-new-zealand,corridor,pt
0.3,https://rateships.com/pt/shipping/brazil-to-nigeria,corridor,pt
0.3,https://rateships.com/pt/shipping/brazil-to-norway,corridor,pt
0.3,https://rateships.com/pt/shipping/brazil-to-pakistan,corridor,pt
0.3,https://rateships.com/pt/shipping/brazil-to-peru,corridor,pt
0.3,https://rateships.com/pt/shipping/brazil-to-philippines,corridor,pt
0.3,https://rateships.com/pt/shipping/brazil-to-poland,corridor,pt
0.3,https://rateships.com/pt/shipping/brazil-to-portugal,corridor,pt
0.3,https://rateships.com/pt/shipping/brazil-to-romania,corridor,pt
0.3,https://rateships.com/pt/shipping/brazil-to-singapore,corridor,pt
0.3,https://rateships.com/pt/shipping/brazil-to-south-africa,corridor,pt
0.3,https://rateships.com/pt/shipping/brazil-to-sweden,corridor,pt
0.3,https://rateships.com/pt/shipping/brazil-to-thailand,corridor,pt
0.3,https://rateships.com/pt/shipping/brazil-to-united-arab-emirates,corridor,pt
0.3,https://rateships.com/pt/shipping/brazil-to-vietnam,corridor,pt
0.3,https://rateships.com/pt/shipping/canada-to-portugal,corridor,pt
0.3,https://rateships.com/pt/shipping/chile-to-brazil,corridor,pt
0.3,https://rateships.com/pt/shipping/chile-to-portugal,corridor,pt
0.3,https://rateships.com/pt/shipping/china-to-portugal,corridor,pt
0.3,https://rateships.com/pt/shipping/colombia-to-brazil,corridor,pt
0.3,https://rateships.com/pt/shipping/colombia-to-portugal,corridor,pt
0.3,https://rateships.com/pt/shipping/czechia-to-brazil,corridor,pt
0.3,https://rateships.com/pt/shipping/czechia-to-portugal,corridor,pt
0.3,https://rateships.com/pt/shipping/denmark-to-brazil,corridor,pt
0.3,https://rateships.com/pt/shipping/denmark-to-portugal,corridor,pt
0.3,https://rateships.com/pt/shipping/egypt-to-brazil,corridor,pt
0.3,https://rateships.com/pt/shipping/egypt-to-portugal,corridor,pt
0.3,https://rateships.com/pt/shipping/finland-to-brazil,corridor,pt
0.3,https://rateships.com/pt/shipping/finland-to-portugal,corridor,pt
0.3,https://rateships.com/pt/shipping/france-to-portugal,corridor,pt
0.3,https://rateships.com/pt/shipping/germany-to-portugal,corridor,pt
0.3,https://rateships.com/pt/shipping/greece-to-brazil,corridor,pt
0.3,https://rateships.com/pt/shipping/greece-to-portugal,corridor,pt
0.3,https://rateships.com/pt/shipping/hong-kong-to-brazil,corridor,pt
0.3,https://rateships.com/pt/shipping/hong-kong-to-portugal,corridor,pt
0.3,https://rateships.com/pt/shipping/hungary-to-brazil,corridor,pt
0.3,https://rateships.com/pt/shipping/hungary-to-portugal,corridor,pt
0.3,https://rateships.com/pt/shipping/india-to-portugal,corridor,pt
0.3,https://rateships.com/pt/shipping/indonesia-to-portugal,corridor,pt
0.3,https://rateships.com/pt/shipping/ireland-to-brazil,corridor,pt
0.3,https://rateships.com/pt/shipping/ireland-to-portugal,corridor,pt
0.3,https://rateships.com/pt/shipping/israel-to-brazil,corridor,pt
0.3,https://rateships.com/pt/shipping/israel-to-portugal,corridor,pt
0.3,https://rateships.com/pt/shipping/italy-to-portugal,corridor,pt
0.3,https://rateships.com/pt/shipping/japan-to-portugal,corridor,pt
0.3,https://rateships.com/pt/shipping/kazakhstan-to-brazil,corridor,pt
0.3,https://rateships.com/pt/shipping/kazakhstan-to-portugal,corridor,pt
0.3,https://rateships.com/pt/shipping/malaysia-to-brazil,corridor,pt
0.3,https://rateships.com/pt/shipping/malaysia-to-portugal,corridor,pt
0.3,https://rateships.com/pt/shipping/mexico-to-portugal,corridor,pt
0.3,https://rateships.com/pt/shipping/netherlands-to-portugal,corridor,pt
0.3,https://rateships.com/pt/shipping/new-zealand-to-brazil,corridor,pt
0.3,https://rateships.com/pt/shipping/new-zealand-to-portugal,corridor,pt
0.3,https://rateships.com/pt/shipping/nigeria-to-brazil,corridor,pt
0.3,https://rateships.com/pt/shipping/nigeria-to-portugal,corridor,pt
0.3,https://rateships.com/pt/shipping/norway-to-brazil,corridor,pt
0.3,https://rateships.com/pt/shipping/norway-to-portugal,corridor,pt
0.3,https://rateships.com/pt/shipping/pakistan-to-brazil,corridor,pt
0.3,https://rateships.com/pt/shipping/pakistan-to-portugal,corridor,pt
0.3,https://rateships.com/pt/shipping/peru-to-brazil,corridor,pt
0.3,https://rateships.com/pt/shipping/peru-to-portugal,corridor,pt
0.3,https://rateships.com/pt/shipping/philippines-to-brazil,corridor,pt
0.3,https://rateships.com/pt/shipping/philippines-to-portugal,corridor,pt
0.3,https://rateships.com/pt/shipping/poland-to-brazil,corridor,pt
0.3,https://rateships.com/pt/shipping/poland-to-portugal,corridor,pt
0.3,https://rateships.com/pt/shipping/portugal-to-australia,corridor,pt
0.3,https://rateships.com/pt/shipping/portugal-to-austria,corridor,pt
0.3,https://rateships.com/pt/shipping/portugal-to-belgium,corridor,pt
0.3,https://rateships.com/pt/shipping/portugal-to-brazil,corridor,pt
0.3,https://rateships.com/pt/shipping/portugal-to-canada,corridor,pt
0.3,https://rateships.com/pt/shipping/portugal-to-chile,corridor,pt
0.3,https://rateships.com/pt/shipping/portugal-to-china,corridor,pt
0.3,https://rateships.com/pt/shipping/portugal-to-colombia,corridor,pt
0.3,https://rateships.com/pt/shipping/portugal-to-czechia,corridor,pt
0.3,https://rateships.com/pt/shipping/portugal-to-denmark,corridor,pt
0.3,https://rateships.com/pt/shipping/portugal-to-egypt,corridor,pt
0.3,https://rateships.com/pt/shipping/portugal-to-finland,corridor,pt
0.3,https://rateships.com/pt/shipping/portugal-to-france,corridor,pt
0.3,https://rateships.com/pt/shipping/portugal-to-germany,corridor,pt
0.3,https://rateships.com/pt/shipping/portugal-to-greece,corridor,pt
0.3,https://rateships.com/pt/shipping/portugal-to-hong-kong,corridor,pt
0.3,https://rateships.com/pt/shipping/portugal-to-hungary,corridor,pt
0.3,https://rateships.com/pt/shipping/portugal-to-india,corridor,pt
0.3,https://rateships.com/pt/shipping/portugal-to-indonesia,corridor,pt
0.3,https://rateships.com/pt/shipping/portugal-to-ireland,corridor,pt
0.3,https://rateships.com/pt/shipping/portugal-to-israel,corridor,pt
0.3,https://rateships.com/pt/shipping/portugal-to-italy,corridor,pt
0.3,https://rateships.com/pt/shipping/portugal-to-japan,corridor,pt
0.3,https://rateships.com/pt/shipping/portugal-to-kazakhstan,corridor,pt
0.3,https://rateships.com/pt/shipping/portugal-to-malaysia,corridor,pt
0.3,https://rateships.com/pt/shipping/portugal-to-mexico,corridor,pt
0.3,https://rateships.com/pt/shipping/portugal-to-netherlands,corridor,pt
0.3,https://rateships.com/pt/shipping/portugal-to-new-zealand,corridor,pt
0.3,https://rateships.com/pt/shipping/portugal-to-nigeria,corridor,pt
0.3,https://rateships.com/pt/shipping/portugal-to-norway,corridor,pt
0.3,https://rateships.com/pt/shipping/portugal-to-pakistan,corridor,pt
0.3,https://rateships.com/pt/shipping/portugal-to-peru,corridor,pt
0.3,https://rateships.com/pt/shipping/portugal-to-philippines,corridor,pt
0.3,https://rateships.com/pt/shipping/portugal-to-poland,corridor,pt
0.3,https://rateships.com/pt/shipping/portugal-to-romania,corridor,pt
0.3,https://rateships.com/pt/shipping/portugal-to-russia,corridor,pt
0.3,https://rateships.com/pt/shipping/portugal-to-saudi-arabia,corridor,pt
0.3,https://rateships.com/pt/shipping/portugal-to-singapore,corridor,pt
0.3,https://rateships.com/pt/shipping/portugal-to-south-africa,corridor,pt
0.3,https://rateships.com/pt/shipping/portugal-to-south-korea,corridor,pt
0.3,https://rateships.com/pt/shipping/portugal-to-spain,corridor,pt
0.3,https://rateships.com/pt/shipping/portugal-to-sweden,corridor,pt
0.3,https://rateships.com/pt/shipping/portugal-to-switzerland,corridor,pt
0.3,https://rateships.com/pt/shipping/portugal-to-thailand,corridor,pt
0.3,https://rateships.com/pt/shipping/portugal-to-turkey,corridor,pt
0.3,https://rateships.com/pt/shipping/portugal-to-united-arab-emirates,corridor,pt
0.3,https://rateships.com/pt/shipping/portugal-to-united-kingdom,corridor,pt
0.3,https://rateships.com/pt/shipping/portugal-to-united-states,corridor,pt
0.3,https://rateships.com/pt/shipping/portugal-to-vietnam,corridor,pt
0.3,https://rateships.com/pt/shipping/romania-to-brazil,corridor,pt
0.3,https://rateships.com/pt/shipping/romania-to-portugal,corridor,pt
0.3,https://rateships.com/pt/shipping/russia-to-portugal,corridor,pt
0.3,https://rateships.com/pt/shipping/saudi-arabia-to-portugal,corridor,pt
0.3,https://rateships.com/pt/shipping/singapore-to-brazil,corridor,pt
0.3,https://rateships.com/pt/shipping/singapore-to-portugal,corridor,pt
0.3,https://rateships.com/pt/shipping/south-africa-to-brazil,corridor,pt
0.3,https://rateships.com/pt/shipping/south-africa-to-portugal,corridor,pt
0.3,https://rateships.com/pt/shipping/south-korea-to-portugal,corridor,pt
0.3,https://rateships.com/pt/shipping/spain-to-portugal,corridor,pt
0.3,https://rateships.com/pt/shipping/sweden-to-brazil,corridor,pt
0.3,https://rateships.com/pt/shipping/sweden-to-portugal,corridor,pt
0.3,https://rateships.com/pt/shipping/switzerland-to-portugal,corridor,pt
0.3,https://rateships.com/pt/shipping/thailand-to-brazil,corridor,pt
0.3,https://rateships.com/pt/shipping/thailand-to-portugal,corridor,pt
0.3,https://rateships.com/pt/shipping/turkey-to-portugal,corridor,pt
0.3,https://rateships.com/pt/shipping/united-arab-emirates-to-brazil,corridor,pt
0.3,https://rateships.com/pt/shipping/united-arab-emirates-to-portugal,corridor,pt
0.3,https://rateships.com/pt/shipping/united-kingdom-to-portugal,corridor,pt
0.3,https://rateships.com/pt/shipping/united-states-to-portugal,corridor,pt
0.3,https://rateships.com/pt/shipping/vietnam-to-brazil,corridor,pt
0.3,https://rateships.com/pt/shipping/vietnam-to-portugal,corridor,pt
0.3,https://rateships.com/ru/guide/russia,guide,ru
0.3,https://rateships.com/ru/shipping/avstraliya-v-kazahstan,corridor,ru
0.3,https://rateships.com/ru/shipping/avstriya-v-kazahstan,corridor,ru
0.3,https://rateships.com/ru/shipping/avstriya-v-rossiya,corridor,ru
0.3,https://rateships.com/ru/shipping/belgiya-v-kazahstan,corridor,ru
0.3,https://rateships.com/ru/shipping/belgiya-v-rossiya,corridor,ru
0.3,https://rateships.com/ru/shipping/braziliya-v-kazahstan,corridor,ru
0.3,https://rateships.com/ru/shipping/chehiya-v-kazahstan,corridor,ru
0.3,https://rateships.com/ru/shipping/chehiya-v-rossiya,corridor,ru
0.3,https://rateships.com/ru/shipping/chili-v-kazahstan,corridor,ru
0.3,https://rateships.com/ru/shipping/chili-v-rossiya,corridor,ru
0.3,https://rateships.com/ru/shipping/daniya-v-kazahstan,corridor,ru
0.3,https://rateships.com/ru/shipping/daniya-v-rossiya,corridor,ru
0.3,https://rateships.com/ru/shipping/egipet-v-kazahstan,corridor,ru
0.3,https://rateships.com/ru/shipping/egipet-v-rossiya,corridor,ru
0.3,https://rateships.com/ru/shipping/filippiny-v-kazahstan,corridor,ru
0.3,https://rateships.com/ru/shipping/filippiny-v-rossiya,corridor,ru
0.3,https://rateships.com/ru/shipping/finlyandiya-v-kazahstan,corridor,ru
0.3,https://rateships.com/ru/shipping/finlyandiya-v-rossiya,corridor,ru
0.3,https://rateships.com/ru/shipping/franciya-v-kazahstan,corridor,ru
0.3,https://rateships.com/ru/shipping/germaniya-v-kazahstan,corridor,ru
0.3,https://rateships.com/ru/shipping/gonkong-v-kazahstan,corridor,ru
0.3,https://rateships.com/ru/shipping/gonkong-v-rossiya,corridor,ru
0.3,https://rateships.com/ru/shipping/greciya-v-kazahstan,corridor,ru
0.3,https://rateships.com/ru/shipping/greciya-v-rossiya,corridor,ru
0.3,https://rateships.com/ru/shipping/indiya-v-kazahstan,corridor,ru
0.3,https://rateships.com/ru/shipping/indoneziya-v-kazahstan,corridor,ru
0.3,https://rateships.com/ru/shipping/irlandiya-v-kazahstan,corridor,ru
0.3,https://rateships.com/ru/shipping/irlandiya-v-rossiya,corridor,ru
0.3,https://rateships.com/ru/shipping/ispaniya-v-kazahstan,corridor,ru
0.3,https://rateships.com/ru/shipping/italiya-v-kazahstan,corridor,ru
0.3,https://rateships.com/ru/shipping/izrail-v-kazahstan,corridor,ru
0.3,https://rateships.com/ru/shipping/izrail-v-rossiya,corridor,ru
0.3,https://rateships.com/ru/shipping/kanada-v-kazahstan,corridor,ru
0.3,https://rateships.com/ru/shipping/kazahstan-v-avstraliya,corridor,ru
0.3,https://rateships.com/ru/shipping/kazahstan-v-avstriya,corridor,ru
0.3,https://rateships.com/ru/shipping/kazahstan-v-belgiya,corridor,ru
0.3,https://rateships.com/ru/shipping/kazahstan-v-braziliya,corridor,ru
0.3,https://rateships.com/ru/shipping/kazahstan-v-chehiya,corridor,ru
0.3,https://rateships.com/ru/shipping/kazahstan-v-chili,corridor,ru
0.3,https://rateships.com/ru/shipping/kazahstan-v-daniya,corridor,ru
0.3,https://rateships.com/ru/shipping/kazahstan-v-egipet,corridor,ru
0.3,https://rateships.com/ru/shipping/kazahstan-v-filippiny,corridor,ru
0.3,https://rateships.com/ru/shipping/kazahstan-v-finlyandiya,corridor,ru
0.3,https://rateships.com/ru/shipping/kazahstan-v-franciya,corridor,ru
0.3,https://rateships.com/ru/shipping/kazahstan-v-germaniya,corridor,ru
0.3,https://rateships.com/ru/shipping/kazahstan-v-gonkong,corridor,ru
0.3,https://rateships.com/ru/shipping/kazahstan-v-greciya,corridor,ru
0.3,https://rateships.com/ru/shipping/kazahstan-v-indiya,corridor,ru
0.3,https://rateships.com/ru/shipping/kazahstan-v-indoneziya,corridor,ru
0.3,https://rateships.com/ru/shipping/kazahstan-v-irlandiya,corridor,ru
0.3,https://rateships.com/ru/shipping/kazahstan-v-ispaniya,corridor,ru
0.3,https://rateships.com/ru/shipping/kazahstan-v-italiya,corridor,ru
0.3,https://rateships.com/ru/shipping/kazahstan-v-izrail,corridor,ru
0.3,https://rateships.com/ru/shipping/kazahstan-v-kanada,corridor,ru
0.3,https://rateships.com/ru/shipping/kazahstan-v-kitaj,corridor,ru
0.3,https://rateships.com/ru/shipping/kazahstan-v-kolumbiya,corridor,ru
0.3,https://rateships.com/ru/shipping/kazahstan-v-malajziya,corridor,ru
0.3,https://rateships.com/ru/shipping/kazahstan-v-meksika,corridor,ru
0.3,https://rateships.com/ru/shipping/kazahstan-v-niderlandy,corridor,ru
0.3,https://rateships.com/ru/shipping/kazahstan-v-nigeriya,corridor,ru
0.3,https://rateships.com/ru/shipping/kazahstan-v-norvegiya,corridor,ru
0.3,https://rateships.com/ru/shipping/kazahstan-v-novaya-zelandiya,corridor,ru
0.3,https://rateships.com/ru/shipping/kazahstan-v-oae,corridor,ru
0.3,https://rateships.com/ru/shipping/kazahstan-v-pakistan,corridor,ru
0.3,https://rateships.com/ru/shipping/kazahstan-v-peru,corridor,ru
0.3,https://rateships.com/ru/shipping/kazahstan-v-polsha,corridor,ru
0.3,https://rateships.com/ru/shipping/kazahstan-v-portugaliya,corridor,ru
0.3,https://rateships.com/ru/shipping/kazahstan-v-rossiya,corridor,ru
0.3,https://rateships.com/ru/shipping/kazahstan-v-rumyniya,corridor,ru
0.3,https://rateships.com/ru/shipping/kazahstan-v-saudovskaya-araviya,corridor,ru
0.3,https://rateships.com/ru/shipping/kazahstan-v-shveciya,corridor,ru
0.3,https://rateships.com/ru/shipping/kazahstan-v-shvejcariya,corridor,ru
0.3,https://rateships.com/ru/shipping/kazahstan-v-singapur,corridor,ru
0.3,https://rateships.com/ru/shipping/kazahstan-v-ssha,corridor,ru
0.3,https://rateships.com/ru/shipping/kazahstan-v-tailand,corridor,ru
0.3,https://rateships.com/ru/shipping/kazahstan-v-turciya,corridor,ru
0.3,https://rateships.com/ru/shipping/kazahstan-v-velikobritaniya,corridor,ru
0.3,https://rateships.com/ru/shipping/kazahstan-v-vengriya,corridor,ru
0.3,https://rateships.com/ru/shipping/kazahstan-v-vetnam,corridor,ru
0.3,https://rateships.com/ru/shipping/kazahstan-v-yaponiya,corridor,ru
0.3,https://rateships.com/ru/shipping/kazahstan-v-yuar,corridor,ru
0.3,https://rateships.com/ru/shipping/kazahstan-v-yuzhnaya-koreya,corridor,ru
0.3,https://rateships.com/ru/shipping/kitaj-v-kazahstan,corridor,ru
0.3,https://rateships.com/ru/shipping/kolumbiya-v-kazahstan,corridor,ru
0.3,https://rateships.com/ru/shipping/kolumbiya-v-rossiya,corridor,ru
0.3,https://rateships.com/ru/shipping/malajziya-v-kazahstan,corridor,ru
0.3,https://rateships.com/ru/shipping/malajziya-v-rossiya,corridor,ru
0.3,https://rateships.com/ru/shipping/meksika-v-kazahstan,corridor,ru
0.3,https://rateships.com/ru/shipping/niderlandy-v-kazahstan,corridor,ru
0.3,https://rateships.com/ru/shipping/nigeriya-v-kazahstan,corridor,ru
0.3,https://rateships.com/ru/shipping/nigeriya-v-rossiya,corridor,ru
0.3,https://rateships.com/ru/shipping/norvegiya-v-kazahstan,corridor,ru
0.3,https://rateships.com/ru/shipping/norvegiya-v-rossiya,corridor,ru
0.3,https://rateships.com/ru/shipping/novaya-zelandiya-v-kazahstan,corridor,ru
0.3,https://rateships.com/ru/shipping/novaya-zelandiya-v-rossiya,corridor,ru
0.3,https://rateships.com/ru/shipping/oae-v-kazahstan,corridor,ru
0.3,https://rateships.com/ru/shipping/oae-v-rossiya,corridor,ru
0.3,https://rateships.com/ru/shipping/pakistan-v-kazahstan,corridor,ru
0.3,https://rateships.com/ru/shipping/pakistan-v-rossiya,corridor,ru
0.3,https://rateships.com/ru/shipping/peru-v-kazahstan,corridor,ru
0.3,https://rateships.com/ru/shipping/peru-v-rossiya,corridor,ru
0.3,https://rateships.com/ru/shipping/polsha-v-kazahstan,corridor,ru
0.3,https://rateships.com/ru/shipping/polsha-v-rossiya,corridor,ru
0.3,https://rateships.com/ru/shipping/portugaliya-v-kazahstan,corridor,ru
0.3,https://rateships.com/ru/shipping/portugaliya-v-rossiya,corridor,ru
0.3,https://rateships.com/ru/shipping/rossiya-v-avstriya,corridor,ru
0.3,https://rateships.com/ru/shipping/rossiya-v-belgiya,corridor,ru
0.3,https://rateships.com/ru/shipping/rossiya-v-chehiya,corridor,ru
0.3,https://rateships.com/ru/shipping/rossiya-v-chili,corridor,ru
0.3,https://rateships.com/ru/shipping/rossiya-v-daniya,corridor,ru
0.3,https://rateships.com/ru/shipping/rossiya-v-egipet,corridor,ru
0.3,https://rateships.com/ru/shipping/rossiya-v-filippiny,corridor,ru
0.3,https://rateships.com/ru/shipping/rossiya-v-finlyandiya,corridor,ru
0.3,https://rateships.com/ru/shipping/rossiya-v-gonkong,corridor,ru
0.3,https://rateships.com/ru/shipping/rossiya-v-greciya,corridor,ru
0.3,https://rateships.com/ru/shipping/rossiya-v-irlandiya,corridor,ru
0.3,https://rateships.com/ru/shipping/rossiya-v-izrail,corridor,ru
0.3,https://rateships.com/ru/shipping/rossiya-v-kazahstan,corridor,ru
0.3,https://rateships.com/ru/shipping/rossiya-v-kolumbiya,corridor,ru
0.3,https://rateships.com/ru/shipping/rossiya-v-malajziya,corridor,ru
0.3,https://rateships.com/ru/shipping/rossiya-v-nigeriya,corridor,ru
0.3,https://rateships.com/ru/shipping/rossiya-v-norvegiya,corridor,ru
0.3,https://rateships.com/ru/shipping/rossiya-v-novaya-zelandiya,corridor,ru
0.3,https://rateships.com/ru/shipping/rossiya-v-oae,corridor,ru
0.3,https://rateships.com/ru/shipping/rossiya-v-pakistan,corridor,ru
0.3,https://rateships.com/ru/shipping/rossiya-v-peru,corridor,ru
0.3,https://rateships.com/ru/shipping/rossiya-v-polsha,corridor,ru
0.3,https://rateships.com/ru/shipping/rossiya-v-portugaliya,corridor,ru
0.3,https://rateships.com/ru/shipping/rossiya-v-rumyniya,corridor,ru
0.3,https://rateships.com/ru/shipping/rossiya-v-shveciya,corridor,ru
0.3,https://rateships.com/ru/shipping/rossiya-v-singapur,corridor,ru
0.3,https://rateships.com/ru/shipping/rossiya-v-tailand,corridor,ru
0.3,https://rateships.com/ru/shipping/rossiya-v-vengriya,corridor,ru
0.3,https://rateships.com/ru/shipping/rossiya-v-vetnam,corridor,ru
0.3,https://rateships.com/ru/shipping/rossiya-v-yuar,corridor,ru
0.3,https://rateships.com/ru/shipping/rumyniya-v-kazahstan,corridor,ru
0.3,https://rateships.com/ru/shipping/rumyniya-v-rossiya,corridor,ru
0.3,https://rateships.com/ru/shipping/saudovskaya-araviya-v-kazahstan,corridor,ru
0.3,https://rateships.com/ru/shipping/shveciya-v-kazahstan,corridor,ru
0.3,https://rateships.com/ru/shipping/shveciya-v-rossiya,corridor,ru
0.3,https://rateships.com/ru/shipping/shvejcariya-v-kazahstan,corridor,ru
0.3,https://rateships.com/ru/shipping/singapur-v-kazahstan,corridor,ru
0.3,https://rateships.com/ru/shipping/singapur-v-rossiya,corridor,ru
0.3,https://rateships.com/ru/shipping/ssha-v-kazahstan,corridor,ru
0.3,https://rateships.com/ru/shipping/tailand-v-kazahstan,corridor,ru
0.3,https://rateships.com/ru/shipping/tailand-v-rossiya,corridor,ru
0.3,https://rateships.com/ru/shipping/turciya-v-kazahstan,corridor,ru
0.3,https://rateships.com/ru/shipping/velikobritaniya-v-kazahstan,corridor,ru
0.3,https://rateships.com/ru/shipping/vengriya-v-kazahstan,corridor,ru
0.3,https://rateships.com/ru/shipping/vengriya-v-rossiya,corridor,ru
0.3,https://rateships.com/ru/shipping/vetnam-v-kazahstan,corridor,ru
0.3,https://rateships.com/ru/shipping/vetnam-v-rossiya,corridor,ru
0.3,https://rateships.com/ru/shipping/yaponiya-v-kazahstan,corridor,ru
0.3,https://rateships.com/ru/shipping/yuar-v-kazahstan,corridor,ru
0.3,https://rateships.com/ru/shipping/yuar-v-rossiya,corridor,ru
0.3,https://rateships.com/ru/shipping/yuzhnaya-koreya-v-kazahstan,corridor,ru
0.3,https://rateships.com/tr/guide/turkey,guide,tr
0.3,https://rateships.com/tr/shipping/austria-to-turkey,corridor,tr
0.3,https://rateships.com/tr/shipping/belgium-to-turkey,corridor,tr
0.3,https://rateships.com/tr/shipping/chile-to-turkey,corridor,tr
0.3,https://rateships.com/tr/shipping/colombia-to-turkey,corridor,tr
0.3,https://rateships.com/tr/shipping/czechia-to-turkey,corridor,tr
0.3,https://rateships.com/tr/shipping/denmark-to-turkey,corridor,tr
0.3,https://rateships.com/tr/shipping/egypt-to-turkey,corridor,tr
0.3,https://rateships.com/tr/shipping/finland-to-turkey,corridor,tr
0.3,https://rateships.com/tr/shipping/greece-to-turkey,corridor,tr
0.3,https://rateships.com/tr/shipping/hong-kong-to-turkey,corridor,tr
0.3,https://rateships.com/tr/shipping/hungary-to-turkey,corridor,tr
0.3,https://rateships.com/tr/shipping/ireland-to-turkey,corridor,tr
0.3,https://rateships.com/tr/shipping/israel-to-turkey,corridor,tr
0.3,https://rateships.com/tr/shipping/kazakhstan-to-turkey,corridor,tr
0.3,https://rateships.com/tr/shipping/malaysia-to-turkey,corridor,tr
0.3,https://rateships.com/tr/shipping/new-zealand-to-turkey,corridor,tr
0.3,https://rateships.com/tr/shipping/nigeria-to-turkey,corridor,tr
0.3,https://rateships.com/tr/shipping/norway-to-turkey,corridor,tr
0.3,https://rateships.com/tr/shipping/pakistan-to-turkey,corridor,tr
0.3,https://rateships.com/tr/shipping/peru-to-turkey,corridor,tr
0.3,https://rateships.com/tr/shipping/philippines-to-turkey,corridor,tr
0.3,https://rateships.com/tr/shipping/poland-to-turkey,corridor,tr
0.3,https://rateships.com/tr/shipping/portugal-to-turkey,corridor,tr
0.3,https://rateships.com/tr/shipping/romania-to-turkey,corridor,tr
0.3,https://rateships.com/tr/shipping/singapore-to-turkey,corridor,tr
0.3,https://rateships.com/tr/shipping/south-africa-to-turkey,corridor,tr
0.3,https://rateships.com/tr/shipping/sweden-to-turkey,corridor,tr
0.3,https://rateships.com/tr/shipping/thailand-to-turkey,corridor,tr
0.3,https://rateships.com/tr/shipping/turkey-to-austria,corridor,tr
0.3,https://rateships.com/tr/shipping/turkey-to-belgium,corridor,tr
0.3,https://rateships.com/tr/shipping/turkey-to-chile,corridor,tr
0.3,https://rateships.com/tr/shipping/turkey-to-colombia,corridor,tr
0.3,https://rateships.com/tr/shipping/turkey-to-czechia,corridor,tr
0.3,https://rateships.com/tr/shipping/turkey-to-denmark,corridor,tr
0.3,https://rateships.com/tr/shipping/turkey-to-egypt,corridor,tr
0.3,https://rateships.com/tr/shipping/turkey-to-finland,corridor,tr
0.3,https://rateships.com/tr/shipping/turkey-to-greece,corridor,tr
0.3,https://rateships.com/tr/shipping/turkey-to-hong-kong,corridor,tr
0.3,https://rateships.com/tr/shipping/turkey-to-hungary,corridor,tr
0.3,https://rateships.com/tr/shipping/turkey-to-ireland,corridor,tr
0.3,https://rateships.com/tr/shipping/turkey-to-israel,corridor,tr
0.3,https://rateships.com/tr/shipping/turkey-to-kazakhstan,corridor,tr
0.3,https://rateships.com/tr/shipping/turkey-to-malaysia,corridor,tr
0.3,https://rateships.com/tr/shipping/turkey-to-new-zealand,corridor,tr
0.3,https://rateships.com/tr/shipping/turkey-to-nigeria,corridor,tr
0.3,https://rateships.com/tr/shipping/turkey-to-norway,corridor,tr
0.3,https://rateships.com/tr/shipping/turkey-to-pakistan,corridor,tr
0.3,https://rateships.com/tr/shipping/turkey-to-peru,corridor,tr
0.3,https://rateships.com/tr/shipping/turkey-to-philippines,corridor,tr
0.3,https://rateships.com/tr/shipping/turkey-to-poland,corridor,tr
0.3,https://rateships.com/tr/shipping/turkey-to-portugal,corridor,tr
0.3,https://rateships.com/tr/shipping/turkey-to-romania,corridor,tr
0.3,https://rateships.com/tr/shipping/turkey-to-singapore,corridor,tr
0.3,https://rateships.com/tr/shipping/turkey-to-south-africa,corridor,tr
0.3,https://rateships.com/tr/shipping/turkey-to-sweden,corridor,tr
0.3,https://rateships.com/tr/shipping/turkey-to-thailand,corridor,tr
0.3,https://rateships.com/tr/shipping/turkey-to-united-arab-emirates,corridor,tr
0.3,https://rateships.com/tr/shipping/turkey-to-vietnam,corridor,tr
0.3,https://rateships.com/tr/shipping/united-arab-emirates-to-turkey,corridor,tr
0.3,https://rateships.com/tr/shipping/vietnam-to-turkey,corridor,tr
0.3,https://rateships.com/zh/guide/china,guide,zh
0.3,https://rateships.com/zh/shipping/australia-to-hong-kong,corridor,zh
0.3,https://rateships.com/zh/shipping/austria-to-china,corridor,zh
0.3,https://rateships.com/zh/shipping/austria-to-hong-kong,corridor,zh
0.3,https://rateships.com/zh/shipping/belgium-to-china,corridor,zh
0.3,https://rateships.com/zh/shipping/belgium-to-hong-kong,corridor,zh
0.3,https://rateships.com/zh/shipping/brazil-to-hong-kong,corridor,zh
0.3,https://rateships.com/zh/shipping/canada-to-hong-kong,corridor,zh
0.3,https://rateships.com/zh/shipping/chile-to-china,corridor,zh
0.3,https://rateships.com/zh/shipping/chile-to-hong-kong,corridor,zh
0.3,https://rateships.com/zh/shipping/china-to-austria,corridor,zh
0.3,https://rateships.com/zh/shipping/china-to-belgium,corridor,zh
0.3,https://rateships.com/zh/shipping/china-to-chile,corridor,zh
0.3,https://rateships.com/zh/shipping/china-to-colombia,corridor,zh
0.3,https://rateships.com/zh/shipping/china-to-czechia,corridor,zh
0.3,https://rateships.com/zh/shipping/china-to-denmark,corridor,zh
0.3,https://rateships.com/zh/shipping/china-to-egypt,corridor,zh
0.3,https://rateships.com/zh/shipping/china-to-finland,corridor,zh
0.3,https://rateships.com/zh/shipping/china-to-greece,corridor,zh
0.3,https://rateships.com/zh/shipping/china-to-hong-kong,corridor,zh
0.3,https://rateships.com/zh/shipping/china-to-hungary,corridor,zh
0.3,https://rateships.com/zh/shipping/china-to-ireland,corridor,zh
0.3,https://rateships.com/zh/shipping/china-to-israel,corridor,zh
0.3,https://rateships.com/zh/shipping/china-to-kazakhstan,corridor,zh
0.3,https://rateships.com/zh/shipping/china-to-malaysia,corridor,zh
0.3,https://rateships.com/zh/shipping/china-to-new-zealand,corridor,zh
0.3,https://rateships.com/zh/shipping/china-to-nigeria,corridor,zh
0.3,https://rateships.com/zh/shipping/china-to-norway,corridor,zh
0.3,https://rateships.com/zh/shipping/china-to-pakistan,corridor,zh
0.3,https://rateships.com/zh/shipping/china-to-peru,corridor,zh
0.3,https://rateships.com/zh/shipping/china-to-philippines,corridor,zh
0.3,https://rateships.com/zh/shipping/china-to-poland,corridor,zh
0.3,https://rateships.com/zh/shipping/china-to-portugal,corridor,zh
0.3,https://rateships.com/zh/shipping/china-to-romania,corridor,zh
0.3,https://rateships.com/zh/shipping/china-to-singapore,corridor,zh
0.3,https://rateships.com/zh/shipping/china-to-south-africa,corridor,zh
0.3,https://rateships.com/zh/shipping/china-to-sweden,corridor,zh
0.3,https://rateships.com/zh/shipping/china-to-thailand,corridor,zh
0.3,https://rateships.com/zh/shipping/china-to-united-arab-emirates,corridor,zh
0.3,https://rateships.com/zh/shipping/china-to-vietnam,corridor,zh
0.3,https://rateships.com/zh/shipping/colombia-to-china,corridor,zh
0.3,https://rateships.com/zh/shipping/colombia-to-hong-kong,corridor,zh
0.3,https://rateships.com/zh/shipping/czechia-to-china,corridor,zh
0.3,https://rateships.com/zh/shipping/czechia-to-hong-kong,corridor,zh
0.3,https://rateships.com/zh/shipping/denmark-to-china,corridor,zh
0.3,https://rateships.com/zh/shipping/denmark-to-hong-kong,corridor,zh
0.3,https://rateships.com/zh/shipping/egypt-to-china,corridor,zh
0.3,https://rateships.com/zh/shipping/egypt-to-hong-kong,corridor,zh
0.3,https://rateships.com/zh/shipping/finland-to-china,corridor,zh
0.3,https://rateships.com/zh/shipping/finland-to-hong-kong,corridor,zh
0.3,https://rateships.com/zh/shipping/france-to-hong-kong,corridor,zh
0.3,https://rateships.com/zh/shipping/germany-to-hong-kong,corridor,zh
0.3,https://rateships.com/zh/shipping/greece-to-china,corridor,zh
0.3,https://rateships.com/zh/shipping/greece-to-hong-kong,corridor,zh
0.3,https://rateships.com/zh/shipping/hong-kong-to-australia,corridor,zh
0.3,https://rateships.com/zh/shipping/hong-kong-to-austria,corridor,zh
0.3,https://rateships.com/zh/shipping/hong-kong-to-belgium,corridor,zh
0.3,https://rateships.com/zh/shipping/hong-kong-to-brazil,corridor,zh
0.3,https://rateships.com/zh/shipping/hong-kong-to-canada,corridor,zh
0.3,https://rateships.com/zh/shipping/hong-kong-to-chile,corridor,zh
0.3,https://rateships.com/zh/shipping/hong-kong-to-china,corridor,zh
0.3,https://rateships.com/zh/shipping/hong-kong-to-colombia,corridor,zh
0.3,https://rateships.com/zh/shipping/hong-kong-to-czechia,corridor,zh
0.3,https://rateships.com/zh/shipping/hong-kong-to-denmark,corridor,zh
0.3,https://rateships.com/zh/shipping/hong-kong-to-egypt,corridor,zh
0.3,https://rateships.com/zh/shipping/hong-kong-to-finland,corridor,zh
0.3,https://rateships.com/zh/shipping/hong-kong-to-france,corridor,zh
0.3,https://rateships.com/zh/shipping/hong-kong-to-germany,corridor,zh
0.3,https://rateships.com/zh/shipping/hong-kong-to-greece,corridor,zh
0.3,https://rateships.com/zh/shipping/hong-kong-to-hungary,corridor,zh
0.3,https://rateships.com/zh/shipping/hong-kong-to-india,corridor,zh
0.3,https://rateships.com/zh/shipping/hong-kong-to-indonesia,corridor,zh
0.3,https://rateships.com/zh/shipping/hong-kong-to-ireland,corridor,zh
0.3,https://rateships.com/zh/shipping/hong-kong-to-israel,corridor,zh
0.3,https://rateships.com/zh/shipping/hong-kong-to-italy,corridor,zh
0.3,https://rateships.com/zh/shipping/hong-kong-to-japan,corridor,zh
0.3,https://rateships.com/zh/shipping/hong-kong-to-kazakhstan,corridor,zh
0.3,https://rateships.com/zh/shipping/hong-kong-to-malaysia,corridor,zh
0.3,https://rateships.com/zh/shipping/hong-kong-to-mexico,corridor,zh
0.3,https://rateships.com/zh/shipping/hong-kong-to-netherlands,corridor,zh
0.3,https://rateships.com/zh/shipping/hong-kong-to-new-zealand,corridor,zh
0.3,https://rateships.com/zh/shipping/hong-kong-to-nigeria,corridor,zh
0.3,https://rateships.com/zh/shipping/hong-kong-to-norway,corridor,zh
0.3,https://rateships.com/zh/shipping/hong-kong-to-pakistan,corridor,zh
0.3,https://rateships.com/zh/shipping/hong-kong-to-peru,corridor,zh
0.3,https://rateships.com/zh/shipping/hong-kong-to-philippines,corridor,zh
0.3,https://rateships.com/zh/shipping/hong-kong-to-poland,corridor,zh
0.3,https://rateships.com/zh/shipping/hong-kong-to-portugal,corridor,zh
0.3,https://rateships.com/zh/shipping/hong-kong-to-romania,corridor,zh
0.3,https://rateships.com/zh/shipping/hong-kong-to-russia,corridor,zh
0.3,https://rateships.com/zh/shipping/hong-kong-to-saudi-arabia,corridor,zh
0.3,https://rateships.com/zh/shipping/hong-kong-to-singapore,corridor,zh
0.3,https://rateships.com/zh/shipping/hong-kong-to-south-africa,corridor,zh
0.3,https://rateships.com/zh/shipping/hong-kong-to-south-korea,corridor,zh
0.3,https://rateships.com/zh/shipping/hong-kong-to-spain,corridor,zh
0.3,https://rateships.com/zh/shipping/hong-kong-to-sweden,corridor,zh
0.3,https://rateships.com/zh/shipping/hong-kong-to-switzerland,corridor,zh
0.3,https://rateships.com/zh/shipping/hong-kong-to-thailand,corridor,zh
0.3,https://rateships.com/zh/shipping/hong-kong-to-turkey,corridor,zh
0.3,https://rateships.com/zh/shipping/hong-kong-to-united-arab-emirates,corridor,zh
0.3,https://rateships.com/zh/shipping/hong-kong-to-united-kingdom,corridor,zh
0.3,https://rateships.com/zh/shipping/hong-kong-to-united-states,corridor,zh
0.3,https://rateships.com/zh/shipping/hong-kong-to-vietnam,corridor,zh
0.3,https://rateships.com/zh/shipping/hungary-to-china,corridor,zh
0.3,https://rateships.com/zh/shipping/hungary-to-hong-kong,corridor,zh
0.3,https://rateships.com/zh/shipping/india-to-hong-kong,corridor,zh
0.3,https://rateships.com/zh/shipping/indonesia-to-hong-kong,corridor,zh
0.3,https://rateships.com/zh/shipping/ireland-to-china,corridor,zh
0.3,https://rateships.com/zh/shipping/ireland-to-hong-kong,corridor,zh
0.3,https://rateships.com/zh/shipping/israel-to-china,corridor,zh
0.3,https://rateships.com/zh/shipping/israel-to-hong-kong,corridor,zh
0.3,https://rateships.com/zh/shipping/italy-to-hong-kong,corridor,zh
0.3,https://rateships.com/zh/shipping/japan-to-hong-kong,corridor,zh
0.3,https://rateships.com/zh/shipping/kazakhstan-to-china,corridor,zh
0.3,https://rateships.com/zh/shipping/kazakhstan-to-hong-kong,corridor,zh
0.3,https://rateships.com/zh/shipping/malaysia-to-china,corridor,zh
0.3,https://rateships.com/zh/shipping/malaysia-to-hong-kong,corridor,zh
0.3,https://rateships.com/zh/shipping/mexico-to-hong-kong,corridor,zh
0.3,https://rateships.com/zh/shipping/netherlands-to-hong-kong,corridor,zh
0.3,https://rateships.com/zh/shipping/new-zealand-to-china,corridor,zh
0.3,https://rateships.com/zh/shipping/new-zealand-to-hong-kong,corridor,zh
0.3,https://rateships.com/zh/shipping/nigeria-to-china,corridor,zh
0.3,https://rateships.com/zh/shipping/nigeria-to-hong-kong,corridor,zh
0.3,https://rateships.com/zh/shipping/norway-to-china,corridor,zh
0.3,https://rateships.com/zh/shipping/norway-to-hong-kong,corridor,zh
0.3,https://rateships.com/zh/shipping/pakistan-to-china,corridor,zh
0.3,https://rateships.com/zh/shipping/pakistan-to-hong-kong,corridor,zh
0.3,https://rateships.com/zh/shipping/peru-to-china,corridor,zh
0.3,https://rateships.com/zh/shipping/peru-to-hong-kong,corridor,zh
0.3,https://rateships.com/zh/shipping/philippines-to-china,corridor,zh
0.3,https://rateships.com/zh/shipping/philippines-to-hong-kong,corridor,zh
0.3,https://rateships.com/zh/shipping/poland-to-china,corridor,zh
0.3,https://rateships.com/zh/shipping/poland-to-hong-kong,corridor,zh
0.3,https://rateships.com/zh/shipping/portugal-to-china,corridor,zh
0.3,https://rateships.com/zh/shipping/portugal-to-hong-kong,corridor,zh
0.3,https://rateships.com/zh/shipping/romania-to-china,corridor,zh
0.3,https://rateships.com/zh/shipping/romania-to-hong-kong,corridor,zh
0.3,https://rateships.com/zh/shipping/russia-to-hong-kong,corridor,zh
0.3,https://rateships.com/zh/shipping/saudi-arabia-to-hong-kong,corridor,zh
0.3,https://rateships.com/zh/shipping/singapore-to-china,corridor,zh
0.3,https://rateships.com/zh/shipping/singapore-to-hong-kong,corridor,zh
0.3,https://rateships.com/zh/shipping/south-africa-to-china,corridor,zh
0.3,https://rateships.com/zh/shipping/south-africa-to-hong-kong,corridor,zh
0.3,https://rateships.com/zh/shipping/south-korea-to-hong-kong,corridor,zh
0.3,https://rateships.com/zh/shipping/spain-to-hong-kong,corridor,zh
0.3,https://rateships.com/zh/shipping/sweden-to-china,corridor,zh
0.3,https://rateships.com/zh/shipping/sweden-to-hong-kong,corridor,zh
0.3,https://rateships.com/zh/shipping/switzerland-to-hong-kong,corridor,zh
0.3,https://rateships.com/zh/shipping/thailand-to-china,corridor,zh
0.3,https://rateships.com/zh/shipping/thailand-to-hong-kong,corridor,zh
0.3,https://rateships.com/zh/shipping/turkey-to-hong-kong,corridor,zh
0.3,https://rateships.com/zh/shipping/united-arab-emirates-to-china,corridor,zh
0.3,https://rateships.com/zh/shipping/united-arab-emirates-to-hong-kong,corridor,zh
0.3,https://rateships.com/zh/shipping/united-kingdom-to-hong-kong,corridor,zh
0.3,https://rateships.com/zh/shipping/united-states-to-hong-kong,corridor,zh
0.3,https://rateships.com/zh/shipping/vietnam-to-china,corridor,zh
0.3,https://rateships.com/zh/shipping/vietnam-to-hong-kong,corridor,zh
0.2,https://rateships.com/ar/shipping/from/bahrain,from,ar
0.2,https://rateships.com/ar/shipping/from/egypt,from,ar
0.2,https://rateships.com/ar/shipping/from/iraq,from,ar
0.2,https://rateships.com/ar/shipping/from/jordan,from,ar
0.2,https://rateships.com/ar/shipping/from/kuwait,from,ar
0.2,https://rateships.com/ar/shipping/from/lebanon,from,ar
0.2,https://rateships.com/ar/shipping/from/libya,from,ar
0.2,https://rateships.com/ar/shipping/from/oman,from,ar
0.2,https://rateships.com/ar/shipping/from/qatar,from,ar
0.2,https://rateships.com/ar/shipping/from/saudi-arabia,from,ar
0.2,https://rateships.com/ar/shipping/from/sudan,from,ar
0.2,https://rateships.com/ar/shipping/from/united-arab-emirates,from,ar
0.2,https://rateships.com/ar/shipping/to/bahrain,to,ar
0.2,https://rateships.com/ar/shipping/to/egypt,to,ar
0.2,https://rateships.com/ar/shipping/to/iraq,to,ar
0.2,https://rateships.com/ar/shipping/to/jordan,to,ar
0.2,https://rateships.com/ar/shipping/to/kuwait,to,ar
0.2,https://rateships.com/ar/shipping/to/lebanon,to,ar
0.2,https://rateships.com/ar/shipping/to/libya,to,ar
0.2,https://rateships.com/ar/shipping/to/oman,to,ar
0.2,https://rateships.com/ar/shipping/to/qatar,to,ar
0.2,https://rateships.com/ar/shipping/to/saudi-arabia,to,ar
0.2,https://rateships.com/ar/shipping/to/sudan,to,ar
0.2,https://rateships.com/ar/shipping/to/united-arab-emirates,to,ar
0.2,https://rateships.com/de/shipping/from/austria,from,de
0.2,https://rateships.com/de/shipping/from/germany,from,de
0.2,https://rateships.com/de/shipping/from/switzerland,from,de
0.2,https://rateships.com/de/shipping/to/austria,to,de
0.2,https://rateships.com/de/shipping/to/germany,to,de
0.2,https://rateships.com/de/shipping/to/switzerland,to,de
0.2,https://rateships.com/en/shipping/from/afghanistan,from,en
0.2,https://rateships.com/en/shipping/from/albania,from,en
0.2,https://rateships.com/en/shipping/from/algeria,from,en
0.2,https://rateships.com/en/shipping/from/andorra,from,en
0.2,https://rateships.com/en/shipping/from/angola,from,en
0.2,https://rateships.com/en/shipping/from/antigua-and-barbuda,from,en
0.2,https://rateships.com/en/shipping/from/argentina,from,en
0.2,https://rateships.com/en/shipping/from/armenia,from,en
0.2,https://rateships.com/en/shipping/from/aruba,from,en
0.2,https://rateships.com/en/shipping/from/austria,from,en
0.2,https://rateships.com/en/shipping/from/azerbaijan,from,en
0.2,https://rateships.com/en/shipping/from/bahamas,from,en
0.2,https://rateships.com/en/shipping/from/bahrain,from,en
0.2,https://rateships.com/en/shipping/from/bangladesh,from,en
0.2,https://rateships.com/en/shipping/from/barbados,from,en
0.2,https://rateships.com/en/shipping/from/belarus,from,en
0.2,https://rateships.com/en/shipping/from/belgium,from,en
0.2,https://rateships.com/en/shipping/from/belize,from,en
0.2,https://rateships.com/en/shipping/from/benin,from,en
0.2,https://rateships.com/en/shipping/from/bermuda,from,en
0.2,https://rateships.com/en/shipping/from/bhutan,from,en
0.2,https://rateships.com/en/shipping/from/bolivia,from,en
0.2,https://rateships.com/en/shipping/from/bosnia-and-herzegovina,from,en
0.2,https://rateships.com/en/shipping/from/botswana,from,en
0.2,https://rateships.com/en/shipping/from/brunei,from,en
0.2,https://rateships.com/en/shipping/from/bulgaria,from,en
0.2,https://rateships.com/en/shipping/from/burkina-faso,from,en
0.2,https://rateships.com/en/shipping/from/burundi,from,en
0.2,https://rateships.com/en/shipping/from/cabo-verde,from,en
0.2,https://rateships.com/en/shipping/from/cambodia,from,en
0.2,https://rateships.com/en/shipping/from/cameroon,from,en
0.2,https://rateships.com/en/shipping/from/cayman-islands,from,en
0.2,https://rateships.com/en/shipping/from/central-african-republic,from,en
0.2,https://rateships.com/en/shipping/from/chad,from,en
0.2,https://rateships.com/en/shipping/from/chile,from,en
0.2,https://rateships.com/en/shipping/from/colombia,from,en
0.2,https://rateships.com/en/shipping/from/comoros,from,en
0.2,https://rateships.com/en/shipping/from/congo,from,en
0.2,https://rateships.com/en/shipping/from/costa-rica,from,en
0.2,https://rateships.com/en/shipping/from/cote-divoire,from,en
0.2,https://rateships.com/en/shipping/from/croatia,from,en
0.2,https://rateships.com/en/shipping/from/cuba,from,en
0.2,https://rateships.com/en/shipping/from/curacao,from,en
0.2,https://rateships.com/en/shipping/from/cyprus,from,en
0.2,https://rateships.com/en/shipping/from/czechia,from,en
0.2,https://rateships.com/en/shipping/from/denmark,from,en
0.2,https://rateships.com/en/shipping/from/djibouti,from,en
0.2,https://rateships.com/en/shipping/from/dominica,from,en
0.2,https://rateships.com/en/shipping/from/dominican-republic,from,en
0.2,https://rateships.com/en/shipping/from/dr-congo,from,en
0.2,https://rateships.com/en/shipping/from/ecuador,from,en
0.2,https://rateships.com/en/shipping/from/egypt,from,en
0.2,https://rateships.com/en/shipping/from/el-salvador,from,en
0.2,https://rateships.com/en/shipping/from/equatorial-guinea,from,en
0.2,https://rateships.com/en/shipping/from/eritrea,from,en
0.2,https://rateships.com/en/shipping/from/estonia,from,en
0.2,https://rateships.com/en/shipping/from/eswatini,from,en
0.2,https://rateships.com/en/shipping/from/ethiopia,from,en
0.2,https://rateships.com/en/shipping/from/faroe-islands,from,en
0.2,https://rateships.com/en/shipping/from/fiji,from,en
0.2,https://rateships.com/en/shipping/from/finland,from,en
0.2,https://rateships.com/en/shipping/from/french-guiana,from,en
0.2,https://rateships.com/en/shipping/from/french-polynesia,from,en
0.2,https://rateships.com/en/shipping/from/gabon,from,en
0.2,https://rateships.com/en/shipping/from/gambia,from,en
0.2,https://rateships.com/en/shipping/from/georgia,from,en
0.2,https://rateships.com/en/shipping/from/ghana,from,en
0.2,https://rateships.com/en/shipping/from/gibraltar,from,en
0.2,https://rateships.com/en/shipping/from/greece,from,en
0.2,https://rateships.com/en/shipping/from/greenland,from,en
0.2,https://rateships.com/en/shipping/from/grenada,from,en
0.2,https://rateships.com/en/shipping/from/guadeloupe,from,en
0.2,https://rateships.com/en/shipping/from/guam,from,en
0.2,https://rateships.com/en/shipping/from/guatemala,from,en
0.2,https://rateships.com/en/shipping/from/guinea,from,en
0.2,https://rateships.com/en/shipping/from/guinea-bissau,from,en
0.2,https://rateships.com/en/shipping/from/guyana,from,en
0.2,https://rateships.com/en/shipping/from/haiti,from,en
0.2,https://rateships.com/en/shipping/from/honduras,from,en
0.2,https://rateships.com/en/shipping/from/hong-kong,from,en
0.2,https://rateships.com/en/shipping/from/hungary,from,en
0.2,https://rateships.com/en/shipping/from/iceland,from,en
0.2,https://rateships.com/en/shipping/from/iran,from,en
0.2,https://rateships.com/en/shipping/from/iraq,from,en
0.2,https://rateships.com/en/shipping/from/ireland,from,en
0.2,https://rateships.com/en/shipping/from/israel,from,en
0.2,https://rateships.com/en/shipping/from/jamaica,from,en
0.2,https://rateships.com/en/shipping/from/jordan,from,en
0.2,https://rateships.com/en/shipping/from/kazakhstan,from,en
0.2,https://rateships.com/en/shipping/from/kenya,from,en
0.2,https://rateships.com/en/shipping/from/kiribati,from,en
0.2,https://rateships.com/en/shipping/from/kuwait,from,en
0.2,https://rateships.com/en/shipping/from/kyrgyzstan,from,en
0.2,https://rateships.com/en/shipping/from/laos,from,en
0.2,https://rateships.com/en/shipping/from/latvia,from,en
0.2,https://rateships.com/en/shipping/from/lebanon,from,en
0.2,https://rateships.com/en/shipping/from/lesotho,from,en
0.2,https://rateships.com/en/shipping/from/liberia,from,en
0.2,https://rateships.com/en/shipping/from/libya,from,en
0.2,https://rateships.com/en/shipping/from/liechtenstein,from,en
0.2,https://rateships.com/en/shipping/from/lithuania,from,en
0.2,https://rateships.com/en/shipping/from/luxembourg,from,en
0.2,https://rateships.com/en/shipping/from/macau,from,en
0.2,https://rateships.com/en/shipping/from/madagascar,from,en
0.2,https://rateships.com/en/shipping/from/malawi,from,en
0.2,https://rateships.com/en/shipping/from/malaysia,from,en
0.2,https://rateships.com/en/shipping/from/maldives,from,en
0.2,https://rateships.com/en/shipping/from/mali,from,en
0.2,https://rateships.com/en/shipping/from/malta,from,en
0.2,https://rateships.com/en/shipping/from/marshall-islands,from,en
0.2,https://rateships.com/en/shipping/from/martinique,from,en
0.2,https://rateships.com/en/shipping/from/mauritania,from,en
0.2,https://rateships.com/en/shipping/from/mauritius,from,en
0.2,https://rateships.com/en/shipping/from/micronesia,from,en
0.2,https://rateships.com/en/shipping/from/moldova,from,en
0.2,https://rateships.com/en/shipping/from/monaco,from,en
0.2,https://rateships.com/en/shipping/from/mongolia,from,en
0.2,https://rateships.com/en/shipping/from/montenegro,from,en
0.2,https://rateships.com/en/shipping/from/morocco,from,en
0.2,https://rateships.com/en/shipping/from/mozambique,from,en
0.2,https://rateships.com/en/shipping/from/myanmar,from,en
0.2,https://rateships.com/en/shipping/from/namibia,from,en
0.2,https://rateships.com/en/shipping/from/nauru,from,en
0.2,https://rateships.com/en/shipping/from/nepal,from,en
0.2,https://rateships.com/en/shipping/from/new-caledonia,from,en
0.2,https://rateships.com/en/shipping/from/new-zealand,from,en
0.2,https://rateships.com/en/shipping/from/nicaragua,from,en
0.2,https://rateships.com/en/shipping/from/niger,from,en
0.2,https://rateships.com/en/shipping/from/nigeria,from,en
0.2,https://rateships.com/en/shipping/from/north-korea,from,en
0.2,https://rateships.com/en/shipping/from/north-macedonia,from,en
0.2,https://rateships.com/en/shipping/from/norway,from,en
0.2,https://rateships.com/en/shipping/from/oman,from,en
0.2,https://rateships.com/en/shipping/from/pakistan,from,en
0.2,https://rateships.com/en/shipping/from/palau,from,en
0.2,https://rateships.com/en/shipping/from/palestine,from,en
0.2,https://rateships.com/en/shipping/from/panama,from,en
0.2,https://rateships.com/en/shipping/from/papua-new-guinea,from,en
0.2,https://rateships.com/en/shipping/from/paraguay,from,en
0.2,https://rateships.com/en/shipping/from/peru,from,en
0.2,https://rateships.com/en/shipping/from/philippines,from,en
0.2,https://rateships.com/en/shipping/from/poland,from,en
0.2,https://rateships.com/en/shipping/from/portugal,from,en
0.2,https://rateships.com/en/shipping/from/puerto-rico,from,en
0.2,https://rateships.com/en/shipping/from/qatar,from,en
0.2,https://rateships.com/en/shipping/from/reunion,from,en
0.2,https://rateships.com/en/shipping/from/romania,from,en
0.2,https://rateships.com/en/shipping/from/rwanda,from,en
0.2,https://rateships.com/en/shipping/from/saint-kitts-and-nevis,from,en
0.2,https://rateships.com/en/shipping/from/saint-lucia,from,en
0.2,https://rateships.com/en/shipping/from/saint-vincent-and-the-grenadines,from,en
0.2,https://rateships.com/en/shipping/from/samoa,from,en
0.2,https://rateships.com/en/shipping/from/san-marino,from,en
0.2,https://rateships.com/en/shipping/from/sao-tome-and-principe,from,en
0.2,https://rateships.com/en/shipping/from/senegal,from,en
0.2,https://rateships.com/en/shipping/from/serbia,from,en
0.2,https://rateships.com/en/shipping/from/seychelles,from,en
0.2,https://rateships.com/en/shipping/from/sierra-leone,from,en
0.2,https://rateships.com/en/shipping/from/singapore,from,en
0.2,https://rateships.com/en/shipping/from/slovakia,from,en
0.2,https://rateships.com/en/shipping/from/slovenia,from,en
0.2,https://rateships.com/en/shipping/from/solomon-islands,from,en
0.2,https://rateships.com/en/shipping/from/somalia,from,en
0.2,https://rateships.com/en/shipping/from/south-africa,from,en
0.2,https://rateships.com/en/shipping/from/south-sudan,from,en
0.2,https://rateships.com/en/shipping/from/sri-lanka,from,en
0.2,https://rateships.com/en/shipping/from/sudan,from,en
0.2,https://rateships.com/en/shipping/from/suriname,from,en
0.2,https://rateships.com/en/shipping/from/sweden,from,en
0.2,https://rateships.com/en/shipping/from/syria,from,en
0.2,https://rateships.com/en/shipping/from/taiwan,from,en
0.2,https://rateships.com/en/shipping/from/tajikistan,from,en
0.2,https://rateships.com/en/shipping/from/tanzania,from,en
0.2,https://rateships.com/en/shipping/from/thailand,from,en
0.2,https://rateships.com/en/shipping/from/timor-leste,from,en
0.2,https://rateships.com/en/shipping/from/togo,from,en
0.2,https://rateships.com/en/shipping/from/tonga,from,en
0.2,https://rateships.com/en/shipping/from/trinidad-and-tobago,from,en
0.2,https://rateships.com/en/shipping/from/tunisia,from,en
0.2,https://rateships.com/en/shipping/from/turkmenistan,from,en
0.2,https://rateships.com/en/shipping/from/tuvalu,from,en
0.2,https://rateships.com/en/shipping/from/uganda,from,en
0.2,https://rateships.com/en/shipping/from/ukraine,from,en
0.2,https://rateships.com/en/shipping/from/united-arab-emirates,from,en
0.2,https://rateships.com/en/shipping/from/uruguay,from,en
0.2,https://rateships.com/en/shipping/from/uzbekistan,from,en
0.2,https://rateships.com/en/shipping/from/vanuatu,from,en
0.2,https://rateships.com/en/shipping/from/vatican-city,from,en
0.2,https://rateships.com/en/shipping/from/venezuela,from,en
0.2,https://rateships.com/en/shipping/from/vietnam,from,en
0.2,https://rateships.com/en/shipping/from/yemen,from,en
0.2,https://rateships.com/en/shipping/from/zambia,from,en
0.2,https://rateships.com/en/shipping/from/zimbabwe,from,en
0.2,https://rateships.com/en/shipping/to/afghanistan,to,en
0.2,https://rateships.com/en/shipping/to/albania,to,en
0.2,https://rateships.com/en/shipping/to/algeria,to,en
0.2,https://rateships.com/en/shipping/to/andorra,to,en
0.2,https://rateships.com/en/shipping/to/angola,to,en
0.2,https://rateships.com/en/shipping/to/antigua-and-barbuda,to,en
0.2,https://rateships.com/en/shipping/to/argentina,to,en
0.2,https://rateships.com/en/shipping/to/armenia,to,en
0.2,https://rateships.com/en/shipping/to/aruba,to,en
0.2,https://rateships.com/en/shipping/to/austria,to,en
0.2,https://rateships.com/en/shipping/to/azerbaijan,to,en
0.2,https://rateships.com/en/shipping/to/bahamas,to,en
0.2,https://rateships.com/en/shipping/to/bahrain,to,en
0.2,https://rateships.com/en/shipping/to/bangladesh,to,en
0.2,https://rateships.com/en/shipping/to/barbados,to,en
0.2,https://rateships.com/en/shipping/to/belarus,to,en
0.2,https://rateships.com/en/shipping/to/belgium,to,en
0.2,https://rateships.com/en/shipping/to/belize,to,en
0.2,https://rateships.com/en/shipping/to/benin,to,en
0.2,https://rateships.com/en/shipping/to/bermuda,to,en
0.2,https://rateships.com/en/shipping/to/bhutan,to,en
0.2,https://rateships.com/en/shipping/to/bolivia,to,en
0.2,https://rateships.com/en/shipping/to/bosnia-and-herzegovina,to,en
0.2,https://rateships.com/en/shipping/to/botswana,to,en
0.2,https://rateships.com/en/shipping/to/brunei,to,en
0.2,https://rateships.com/en/shipping/to/bulgaria,to,en
0.2,https://rateships.com/en/shipping/to/burkina-faso,to,en
0.2,https://rateships.com/en/shipping/to/burundi,to,en
0.2,https://rateships.com/en/shipping/to/cabo-verde,to,en
0.2,https://rateships.com/en/shipping/to/cambodia,to,en
0.2,https://rateships.com/en/shipping/to/cameroon,to,en
0.2,https://rateships.com/en/shipping/to/cayman-islands,to,en
0.2,https://rateships.com/en/shipping/to/central-african-republic,to,en
0.2,https://rateships.com/en/shipping/to/chad,to,en
0.2,https://rateships.com/en/shipping/to/chile,to,en
0.2,https://rateships.com/en/shipping/to/colombia,to,en
0.2,https://rateships.com/en/shipping/to/comoros,to,en
0.2,https://rateships.com/en/shipping/to/congo,to,en
0.2,https://rateships.com/en/shipping/to/costa-rica,to,en
0.2,https://rateships.com/en/shipping/to/cote-divoire,to,en
0.2,https://rateships.com/en/shipping/to/croatia,to,en
0.2,https://rateships.com/en/shipping/to/cuba,to,en
0.2,https://rateships.com/en/shipping/to/curacao,to,en
0.2,https://rateships.com/en/shipping/to/cyprus,to,en
0.2,https://rateships.com/en/shipping/to/czechia,to,en
0.2,https://rateships.com/en/shipping/to/denmark,to,en
0.2,https://rateships.com/en/shipping/to/djibouti,to,en
0.2,https://rateships.com/en/shipping/to/dominica,to,en
0.2,https://rateships.com/en/shipping/to/dominican-republic,to,en
0.2,https://rateships.com/en/shipping/to/dr-congo,to,en
0.2,https://rateships.com/en/shipping/to/ecuador,to,en
0.2,https://rateships.com/en/shipping/to/egypt,to,en
0.2,https://rateships.com/en/shipping/to/el-salvador,to,en
0.2,https://rateships.com/en/shipping/to/equatorial-guinea,to,en
0.2,https://rateships.com/en/shipping/to/eritrea,to,en
0.2,https://rateships.com/en/shipping/to/estonia,to,en
0.2,https://rateships.com/en/shipping/to/eswatini,to,en
0.2,https://rateships.com/en/shipping/to/ethiopia,to,en
0.2,https://rateships.com/en/shipping/to/faroe-islands,to,en
0.2,https://rateships.com/en/shipping/to/fiji,to,en
0.2,https://rateships.com/en/shipping/to/finland,to,en
0.2,https://rateships.com/en/shipping/to/french-guiana,to,en
0.2,https://rateships.com/en/shipping/to/french-polynesia,to,en
0.2,https://rateships.com/en/shipping/to/gabon,to,en
0.2,https://rateships.com/en/shipping/to/gambia,to,en
0.2,https://rateships.com/en/shipping/to/georgia,to,en
0.2,https://rateships.com/en/shipping/to/ghana,to,en
0.2,https://rateships.com/en/shipping/to/gibraltar,to,en
0.2,https://rateships.com/en/shipping/to/greece,to,en
0.2,https://rateships.com/en/shipping/to/greenland,to,en
0.2,https://rateships.com/en/shipping/to/grenada,to,en
0.2,https://rateships.com/en/shipping/to/guadeloupe,to,en
0.2,https://rateships.com/en/shipping/to/guam,to,en
0.2,https://rateships.com/en/shipping/to/guatemala,to,en
0.2,https://rateships.com/en/shipping/to/guinea,to,en
0.2,https://rateships.com/en/shipping/to/guinea-bissau,to,en
0.2,https://rateships.com/en/shipping/to/guyana,to,en
0.2,https://rateships.com/en/shipping/to/haiti,to,en
0.2,https://rateships.com/en/shipping/to/honduras,to,en
0.2,https://rateships.com/en/shipping/to/hong-kong,to,en
0.2,https://rateships.com/en/shipping/to/hungary,to,en
0.2,https://rateships.com/en/shipping/to/iceland,to,en
0.2,https://rateships.com/en/shipping/to/iran,to,en
0.2,https://rateships.com/en/shipping/to/iraq,to,en
0.2,https://rateships.com/en/shipping/to/ireland,to,en
0.2,https://rateships.com/en/shipping/to/israel,to,en
0.2,https://rateships.com/en/shipping/to/jamaica,to,en
0.2,https://rateships.com/en/shipping/to/jordan,to,en
0.2,https://rateships.com/en/shipping/to/kazakhstan,to,en
0.2,https://rateships.com/en/shipping/to/kenya,to,en
0.2,https://rateships.com/en/shipping/to/kiribati,to,en
0.2,https://rateships.com/en/shipping/to/kuwait,to,en
0.2,https://rateships.com/en/shipping/to/kyrgyzstan,to,en
0.2,https://rateships.com/en/shipping/to/laos,to,en
0.2,https://rateships.com/en/shipping/to/latvia,to,en
0.2,https://rateships.com/en/shipping/to/lebanon,to,en
0.2,https://rateships.com/en/shipping/to/lesotho,to,en
0.2,https://rateships.com/en/shipping/to/liberia,to,en
0.2,https://rateships.com/en/shipping/to/libya,to,en
0.2,https://rateships.com/en/shipping/to/liechtenstein,to,en
0.2,https://rateships.com/en/shipping/to/lithuania,to,en
0.2,https://rateships.com/en/shipping/to/luxembourg,to,en
0.2,https://rateships.com/en/shipping/to/macau,to,en
0.2,https://rateships.com/en/shipping/to/madagascar,to,en
0.2,https://rateships.com/en/shipping/to/malawi,to,en
0.2,https://rateships.com/en/shipping/to/malaysia,to,en
0.2,https://rateships.com/en/shipping/to/maldives,to,en
0.2,https://rateships.com/en/shipping/to/mali,to,en
0.2,https://rateships.com/en/shipping/to/malta,to,en
0.2,https://rateships.com/en/shipping/to/marshall-islands,to,en
0.2,https://rateships.com/en/shipping/to/martinique,to,en
0.2,https://rateships.com/en/shipping/to/mauritania,to,en
0.2,https://rateships.com/en/shipping/to/mauritius,to,en
0.2,https://rateships.com/en/shipping/to/micronesia,to,en
0.2,https://rateships.com/en/shipping/to/moldova,to,en
0.2,https://rateships.com/en/shipping/to/monaco,to,en
0.2,https://rateships.com/en/shipping/to/mongolia,to,en
0.2,https://rateships.com/en/shipping/to/montenegro,to,en
0.2,https://rateships.com/en/shipping/to/morocco,to,en
0.2,https://rateships.com/en/shipping/to/mozambique,to,en
0.2,https://rateships.com/en/shipping/to/myanmar,to,en
0.2,https://rateships.com/en/shipping/to/namibia,to,en
0.2,https://rateships.com/en/shipping/to/nauru,to,en
0.2,https://rateships.com/en/shipping/to/nepal,to,en
0.2,https://rateships.com/en/shipping/to/new-caledonia,to,en
0.2,https://rateships.com/en/shipping/to/new-zealand,to,en
0.2,https://rateships.com/en/shipping/to/nicaragua,to,en
0.2,https://rateships.com/en/shipping/to/niger,to,en
0.2,https://rateships.com/en/shipping/to/nigeria,to,en
0.2,https://rateships.com/en/shipping/to/north-korea,to,en
0.2,https://rateships.com/en/shipping/to/north-macedonia,to,en
0.2,https://rateships.com/en/shipping/to/norway,to,en
0.2,https://rateships.com/en/shipping/to/oman,to,en
0.2,https://rateships.com/en/shipping/to/pakistan,to,en
0.2,https://rateships.com/en/shipping/to/palau,to,en
0.2,https://rateships.com/en/shipping/to/palestine,to,en
0.2,https://rateships.com/en/shipping/to/panama,to,en
0.2,https://rateships.com/en/shipping/to/papua-new-guinea,to,en
0.2,https://rateships.com/en/shipping/to/paraguay,to,en
0.2,https://rateships.com/en/shipping/to/peru,to,en
0.2,https://rateships.com/en/shipping/to/philippines,to,en
0.2,https://rateships.com/en/shipping/to/poland,to,en
0.2,https://rateships.com/en/shipping/to/portugal,to,en
0.2,https://rateships.com/en/shipping/to/puerto-rico,to,en
0.2,https://rateships.com/en/shipping/to/qatar,to,en
0.2,https://rateships.com/en/shipping/to/reunion,to,en
0.2,https://rateships.com/en/shipping/to/romania,to,en
0.2,https://rateships.com/en/shipping/to/rwanda,to,en
0.2,https://rateships.com/en/shipping/to/saint-kitts-and-nevis,to,en
0.2,https://rateships.com/en/shipping/to/saint-lucia,to,en
0.2,https://rateships.com/en/shipping/to/saint-vincent-and-the-grenadines,to,en
0.2,https://rateships.com/en/shipping/to/samoa,to,en
0.2,https://rateships.com/en/shipping/to/san-marino,to,en
0.2,https://rateships.com/en/shipping/to/sao-tome-and-principe,to,en
0.2,https://rateships.com/en/shipping/to/senegal,to,en
0.2,https://rateships.com/en/shipping/to/serbia,to,en
0.2,https://rateships.com/en/shipping/to/seychelles,to,en
0.2,https://rateships.com/en/shipping/to/sierra-leone,to,en
0.2,https://rateships.com/en/shipping/to/singapore,to,en
0.2,https://rateships.com/en/shipping/to/slovakia,to,en
0.2,https://rateships.com/en/shipping/to/slovenia,to,en
0.2,https://rateships.com/en/shipping/to/solomon-islands,to,en
0.2,https://rateships.com/en/shipping/to/somalia,to,en
0.2,https://rateships.com/en/shipping/to/south-africa,to,en
0.2,https://rateships.com/en/shipping/to/south-sudan,to,en
0.2,https://rateships.com/en/shipping/to/sri-lanka,to,en
0.2,https://rateships.com/en/shipping/to/sudan,to,en
0.2,https://rateships.com/en/shipping/to/suriname,to,en
0.2,https://rateships.com/en/shipping/to/sweden,to,en
0.2,https://rateships.com/en/shipping/to/syria,to,en
0.2,https://rateships.com/en/shipping/to/taiwan,to,en
0.2,https://rateships.com/en/shipping/to/tajikistan,to,en
0.2,https://rateships.com/en/shipping/to/tanzania,to,en
0.2,https://rateships.com/en/shipping/to/thailand,to,en
0.2,https://rateships.com/en/shipping/to/timor-leste,to,en
0.2,https://rateships.com/en/shipping/to/togo,to,en
0.2,https://rateships.com/en/shipping/to/tonga,to,en
0.2,https://rateships.com/en/shipping/to/trinidad-and-tobago,to,en
0.2,https://rateships.com/en/shipping/to/tunisia,to,en
0.2,https://rateships.com/en/shipping/to/turkmenistan,to,en
0.2,https://rateships.com/en/shipping/to/tuvalu,to,en
0.2,https://rateships.com/en/shipping/to/uganda,to,en
0.2,https://rateships.com/en/shipping/to/ukraine,to,en
0.2,https://rateships.com/en/shipping/to/united-arab-emirates,to,en
0.2,https://rateships.com/en/shipping/to/uruguay,to,en
0.2,https://rateships.com/en/shipping/to/uzbekistan,to,en
0.2,https://rateships.com/en/shipping/to/vanuatu,to,en
0.2,https://rateships.com/en/shipping/to/vatican-city,to,en
0.2,https://rateships.com/en/shipping/to/venezuela,to,en
0.2,https://rateships.com/en/shipping/to/vietnam,to,en
0.2,https://rateships.com/en/shipping/to/yemen,to,en
0.2,https://rateships.com/en/shipping/to/zambia,to,en
0.2,https://rateships.com/en/shipping/to/zimbabwe,to,en
0.2,https://rateships.com/es/shipping/from/argentina,from,es
0.2,https://rateships.com/es/shipping/from/bolivia,from,es
0.2,https://rateships.com/es/shipping/from/chile,from,es
0.2,https://rateships.com/es/shipping/from/colombia,from,es
0.2,https://rateships.com/es/shipping/from/costa-rica,from,es
0.2,https://rateships.com/es/shipping/from/cuba,from,es
0.2,https://rateships.com/es/shipping/from/dominican-republic,from,es
0.2,https://rateships.com/es/shipping/from/ecuador,from,es
0.2,https://rateships.com/es/shipping/from/el-salvador,from,es
0.2,https://rateships.com/es/shipping/from/guatemala,from,es
0.2,https://rateships.com/es/shipping/from/honduras,from,es
0.2,https://rateships.com/es/shipping/from/mexico,from,es
0.2,https://rateships.com/es/shipping/from/nicaragua,from,es
0.2,https://rateships.com/es/shipping/from/panama,from,es
0.2,https://rateships.com/es/shipping/from/paraguay,from,es
0.2,https://rateships.com/es/shipping/from/peru,from,es
0.2,https://rateships.com/es/shipping/from/spain,from,es
0.2,https://rateships.com/es/shipping/from/uruguay,from,es
0.2,https://rateships.com/es/shipping/from/venezuela,from,es
0.2,https://rateships.com/es/shipping/to/argentina,to,es
0.2,https://rateships.com/es/shipping/to/bolivia,to,es
0.2,https://rateships.com/es/shipping/to/chile,to,es
0.2,https://rateships.com/es/shipping/to/colombia,to,es
0.2,https://rateships.com/es/shipping/to/costa-rica,to,es
0.2,https://rateships.com/es/shipping/to/cuba,to,es
0.2,https://rateships.com/es/shipping/to/dominican-republic,to,es
0.2,https://rateships.com/es/shipping/to/ecuador,to,es
0.2,https://rateships.com/es/shipping/to/el-salvador,to,es
0.2,https://rateships.com/es/shipping/to/guatemala,to,es
0.2,https://rateships.com/es/shipping/to/honduras,to,es
0.2,https://rateships.com/es/shipping/to/mexico,to,es
0.2,https://rateships.com/es/shipping/to/nicaragua,to,es
0.2,https://rateships.com/es/shipping/to/panama,to,es
0.2,https://rateships.com/es/shipping/to/paraguay,to,es
0.2,https://rateships.com/es/shipping/to/peru,to,es
0.2,https://rateships.com/es/shipping/to/spain,to,es
0.2,https://rateships.com/es/shipping/to/uruguay,to,es
0.2,https://rateships.com/es/shipping/to/venezuela,to,es
0.2,https://rateships.com/fr/shipping/from/algeria,from,fr
0.2,https://rateships.com/fr/shipping/from/belgium,from,fr
0.2,https://rateships.com/fr/shipping/from/cameroon,from,fr
0.2,https://rateships.com/fr/shipping/from/cote-divoire,from,fr
0.2,https://rateships.com/fr/shipping/from/france,from,fr
0.2,https://rateships.com/fr/shipping/from/luxembourg,from,fr
0.2,https://rateships.com/fr/shipping/from/morocco,from,fr
0.2,https://rateships.com/fr/shipping/from/senegal,from,fr
0.2,https://rateships.com/fr/shipping/from/switzerland,from,fr
0.2,https://rateships.com/fr/shipping/from/tunisia,from,fr
0.2,https://rateships.com/fr/shipping/to/algeria,to,fr
0.2,https://rateships.com/fr/shipping/to/belgium,to,fr
0.2,https://rateships.com/fr/shipping/to/cameroon,to,fr
0.2,https://rateships.com/fr/shipping/to/cote-divoire,to,fr
0.2,https://rateships.com/fr/shipping/to/france,to,fr
0.2,https://rateships.com/fr/shipping/to/luxembourg,to,fr
0.2,https://rateships.com/fr/shipping/to/morocco,to,fr
0.2,https://rateships.com/fr/shipping/to/senegal,to,fr
0.2,https://rateships.com/fr/shipping/to/switzerland,to,fr
0.2,https://rateships.com/fr/shipping/to/tunisia,to,fr
0.2,https://rateships.com/it/shipping/from/italy,from,it
0.2,https://rateships.com/it/shipping/to/italy,to,it
0.2,https://rateships.com/ja/shipping/from/japan,from,ja
0.2,https://rateships.com/ja/shipping/to/japan,to,ja
0.2,https://rateships.com/ko/shipping/from/south-korea,from,ko
0.2,https://rateships.com/ko/shipping/to/south-korea,to,ko
0.2,https://rateships.com/pt/shipping/from/angola,from,pt
0.2,https://rateships.com/pt/shipping/from/brazil,from,pt
0.2,https://rateships.com/pt/shipping/from/mozambique,from,pt
0.2,https://rateships.com/pt/shipping/from/portugal,from,pt
0.2,https://rateships.com/pt/shipping/to/angola,to,pt
0.2,https://rateships.com/pt/shipping/to/brazil,to,pt
0.2,https://rateships.com/pt/shipping/to/mozambique,to,pt
0.2,https://rateships.com/pt/shipping/to/portugal,to,pt
0.2,https://rateships.com/ru/shipping/from/armenia,from,ru
0.2,https://rateships.com/ru/shipping/from/belarus,from,ru
0.2,https://rateships.com/ru/shipping/from/kazakhstan,from,ru
0.2,https://rateships.com/ru/shipping/from/kyrgyzstan,from,ru
0.2,https://rateships.com/ru/shipping/from/moldova,from,ru
0.2,https://rateships.com/ru/shipping/from/russia,from,ru
0.2,https://rateships.com/ru/shipping/from/tajikistan,from,ru
0.2,https://rateships.com/ru/shipping/from/ukraine,from,ru
0.2,https://rateships.com/ru/shipping/from/uzbekistan,from,ru
0.2,https://rateships.com/ru/shipping/to/armenia,to,ru
0.2,https://rateships.com/ru/shipping/to/belarus,to,ru
0.2,https://rateships.com/ru/shipping/to/kazakhstan,to,ru
0.2,https://rateships.com/ru/shipping/to/kyrgyzstan,to,ru
0.2,https://rateships.com/ru/shipping/to/moldova,to,ru
0.2,https://rateships.com/ru/shipping/to/russia,to,ru
0.2,https://rateships.com/ru/shipping/to/tajikistan,to,ru
0.2,https://rateships.com/ru/shipping/to/ukraine,to,ru
0.2,https://rateships.com/ru/shipping/to/uzbekistan,to,ru
0.2,https://rateships.com/tr/shipping/from/turkey,from,tr
0.2,https://rateships.com/tr/shipping/to/turkey,to,tr
0.2,https://rateships.com/zh/shipping/from/china,from,zh
0.2,https://rateships.com/zh/shipping/from/hong-kong,from,zh
0.2,https://rateships.com/zh/shipping/from/taiwan,from,zh
0.2,https://rateships.com/zh/shipping/to/china,to,zh
0.2,https://rateships.com/zh/shipping/to/hong-kong,to,zh
0.2,https://rateships.com/zh/shipping/to/taiwan,to,zh
0.15,https://rateships.com/ar/carriers/aramex,carrier,ar
0.15,https://rateships.com/ar/carriers/china-post,carrier,ar
0.15,https://rateships.com/ar/carriers/dhl-express,carrier,ar
0.15,https://rateships.com/ar/carriers/ems,carrier,ar
0.15,https://rateships.com/ar/carriers/fedex,carrier,ar
0.15,https://rateships.com/ar/carriers/japan-post,carrier,ar
0.15,https://rateships.com/ar/carriers/royal-mail,carrier,ar
0.15,https://rateships.com/ar/carriers/sf-express,carrier,ar
0.15,https://rateships.com/ar/carriers/ups,carrier,ar
0.15,https://rateships.com/ar/carriers/usps,carrier,ar
0.15,https://rateships.com/ar/guide,guide,ar
0.15,https://rateships.com/ar/guide/bahrain,guide,ar
0.15,https://rateships.com/ar/guide/egypt,guide,ar
0.15,https://rateships.com/ar/guide/iraq,guide,ar
0.15,https://rateships.com/ar/guide/jordan,guide,ar
0.15,https://rateships.com/ar/guide/kuwait,guide,ar
0.15,https://rateships.com/ar/guide/lebanon,guide,ar
0.15,https://rateships.com/ar/guide/libya,guide,ar
0.15,https://rateships.com/ar/guide/oman,guide,ar
0.15,https://rateships.com/ar/guide/qatar,guide,ar
0.15,https://rateships.com/ar/guide/sudan,guide,ar
0.15,https://rateships.com/ar/guide/united-arab-emirates,guide,ar
0.15,https://rateships.com/de/carriers/aramex,carrier,de
0.15,https://rateships.com/de/carriers/china-post,carrier,de
0.15,https://rateships.com/de/carriers/dhl-express,carrier,de
0.15,https://rateships.com/de/carriers/ems,carrier,de
0.15,https://rateships.com/de/carriers/fedex,carrier,de
0.15,https://rateships.com/de/carriers/japan-post,carrier,de
0.15,https://rateships.com/de/carriers/royal-mail,carrier,de
0.15,https://rateships.com/de/carriers/sf-express,carrier,de
0.15,https://rateships.com/de/carriers/ups,carrier,de
0.15,https://rateships.com/de/carriers/usps,carrier,de
0.15,https://rateships.com/de/guide,guide,de
0.15,https://rateships.com/de/guide/austria,guide,de
0.15,https://rateships.com/en/guide/afghanistan,guide,en
0.15,https://rateships.com/en/guide/albania,guide,en
0.15,https://rateships.com/en/guide/algeria,guide,en
0.15,https://rateships.com/en/guide/andorra,guide,en
0.15,https://rateships.com/en/guide/angola,guide,en
0.15,https://rateships.com/en/guide/antigua-and-barbuda,guide,en
0.15,https://rateships.com/en/guide/argentina,guide,en
0.15,https://rateships.com/en/guide/armenia,guide,en
0.15,https://rateships.com/en/guide/aruba,guide,en
0.15,https://rateships.com/en/guide/austria,guide,en
0.15,https://rateships.com/en/guide/azerbaijan,guide,en
0.15,https://rateships.com/en/guide/bahamas,guide,en
0.15,https://rateships.com/en/guide/bahrain,guide,en
0.15,https://rateships.com/en/guide/bangladesh,guide,en
0.15,https://rateships.com/en/guide/barbados,guide,en
0.15,https://rateships.com/en/guide/belarus,guide,en
0.15,https://rateships.com/en/guide/belgium,guide,en
0.15,https://rateships.com/en/guide/belize,guide,en
0.15,https://rateships.com/en/guide/benin,guide,en
0.15,https://rateships.com/en/guide/bermuda,guide,en
0.15,https://rateships.com/en/guide/bhutan,guide,en
0.15,https://rateships.com/en/guide/bolivia,guide,en
0.15,https://rateships.com/en/guide/bosnia-and-herzegovina,guide,en
0.15,https://rateships.com/en/guide/botswana,guide,en
0.15,https://rateships.com/en/guide/brunei,guide,en
0.15,https://rateships.com/en/guide/bulgaria,guide,en
0.15,https://rateships.com/en/guide/burkina-faso,guide,en
0.15,https://rateships.com/en/guide/burundi,guide,en
0.15,https://rateships.com/en/guide/cabo-verde,guide,en
0.15,https://rateships.com/en/guide/cambodia,guide,en
0.15,https://rateships.com/en/guide/cameroon,guide,en
0.15,https://rateships.com/en/guide/cayman-islands,guide,en
0.15,https://rateships.com/en/guide/central-african-republic,guide,en
0.15,https://rateships.com/en/guide/chad,guide,en
0.15,https://rateships.com/en/guide/chile,guide,en
0.15,https://rateships.com/en/guide/colombia,guide,en
0.15,https://rateships.com/en/guide/comoros,guide,en
0.15,https://rateships.com/en/guide/congo,guide,en
0.15,https://rateships.com/en/guide/costa-rica,guide,en
0.15,https://rateships.com/en/guide/cote-divoire,guide,en
0.15,https://rateships.com/en/guide/croatia,guide,en
0.15,https://rateships.com/en/guide/cuba,guide,en
0.15,https://rateships.com/en/guide/curacao,guide,en
0.15,https://rateships.com/en/guide/cyprus,guide,en
0.15,https://rateships.com/en/guide/czechia,guide,en
0.15,https://rateships.com/en/guide/denmark,guide,en
0.15,https://rateships.com/en/guide/djibouti,guide,en
0.15,https://rateships.com/en/guide/dominica,guide,en
0.15,https://rateships.com/en/guide/dominican-republic,guide,en
0.15,https://rateships.com/en/guide/dr-congo,guide,en
0.15,https://rateships.com/en/guide/ecuador,guide,en
0.15,https://rateships.com/en/guide/egypt,guide,en
0.15,https://rateships.com/en/guide/el-salvador,guide,en
0.15,https://rateships.com/en/guide/equatorial-guinea,guide,en
0.15,https://rateships.com/en/guide/eritrea,guide,en
0.15,https://rateships.com/en/guide/estonia,guide,en
0.15,https://rateships.com/en/guide/eswatini,guide,en
0.15,https://rateships.com/en/guide/ethiopia,guide,en
0.15,https://rateships.com/en/guide/faroe-islands,guide,en
0.15,https://rateships.com/en/guide/fiji,guide,en
0.15,https://rateships.com/en/guide/finland,guide,en
0.15,https://rateships.com/en/guide/french-guiana,guide,en
0.15,https://rateships.com/en/guide/french-polynesia,guide,en
0.15,https://rateships.com/en/guide/gabon,guide,en
0.15,https://rateships.com/en/guide/gambia,guide,en
0.15,https://rateships.com/en/guide/georgia,guide,en
0.15,https://rateships.com/en/guide/ghana,guide,en
0.15,https://rateships.com/en/guide/gibraltar,guide,en
0.15,https://rateships.com/en/guide/greece,guide,en
0.15,https://rateships.com/en/guide/greenland,guide,en
0.15,https://rateships.com/en/guide/grenada,guide,en
0.15,https://rateships.com/en/guide/guadeloupe,guide,en
0.15,https://rateships.com/en/guide/guam,guide,en
0.15,https://rateships.com/en/guide/guatemala,guide,en
0.15,https://rateships.com/en/guide/guinea,guide,en
0.15,https://rateships.com/en/guide/guinea-bissau,guide,en
0.15,https://rateships.com/en/guide/guyana,guide,en
0.15,https://rateships.com/en/guide/haiti,guide,en
0.15,https://rateships.com/en/guide/honduras,guide,en
0.15,https://rateships.com/en/guide/hong-kong,guide,en
0.15,https://rateships.com/en/guide/hungary,guide,en
0.15,https://rateships.com/en/guide/iceland,guide,en
0.15,https://rateships.com/en/guide/iran,guide,en
0.15,https://rateships.com/en/guide/iraq,guide,en
0.15,https://rateships.com/en/guide/ireland,guide,en
0.15,https://rateships.com/en/guide/israel,guide,en
0.15,https://rateships.com/en/guide/jamaica,guide,en
0.15,https://rateships.com/en/guide/jordan,guide,en
0.15,https://rateships.com/en/guide/kazakhstan,guide,en
0.15,https://rateships.com/en/guide/kenya,guide,en
0.15,https://rateships.com/en/guide/kiribati,guide,en
0.15,https://rateships.com/en/guide/kuwait,guide,en
0.15,https://rateships.com/en/guide/kyrgyzstan,guide,en
0.15,https://rateships.com/en/guide/laos,guide,en
0.15,https://rateships.com/en/guide/latvia,guide,en
0.15,https://rateships.com/en/guide/lebanon,guide,en
0.15,https://rateships.com/en/guide/lesotho,guide,en
0.15,https://rateships.com/en/guide/liberia,guide,en
0.15,https://rateships.com/en/guide/libya,guide,en
0.15,https://rateships.com/en/guide/liechtenstein,guide,en
0.15,https://rateships.com/en/guide/lithuania,guide,en
0.15,https://rateships.com/en/guide/luxembourg,guide,en
0.15,https://rateships.com/en/guide/macau,guide,en
0.15,https://rateships.com/en/guide/madagascar,guide,en
0.15,https://rateships.com/en/guide/malawi,guide,en
0.15,https://rateships.com/en/guide/malaysia,guide,en
0.15,https://rateships.com/en/guide/maldives,guide,en
0.15,https://rateships.com/en/guide/mali,guide,en
0.15,https://rateships.com/en/guide/malta,guide,en
0.15,https://rateships.com/en/guide/marshall-islands,guide,en
0.15,https://rateships.com/en/guide/martinique,guide,en
0.15,https://rateships.com/en/guide/mauritania,guide,en
0.15,https://rateships.com/en/guide/mauritius,guide,en
0.15,https://rateships.com/en/guide/micronesia,guide,en
0.15,https://rateships.com/en/guide/moldova,guide,en
0.15,https://rateships.com/en/guide/monaco,guide,en
0.15,https://rateships.com/en/guide/mongolia,guide,en
0.15,https://rateships.com/en/guide/montenegro,guide,en
0.15,https://rateships.com/en/guide/morocco,guide,en
0.15,https://rateships.com/en/guide/mozambique,guide,en
0.15,https://rateships.com/en/guide/myanmar,guide,en
0.15,https://rateships.com/en/guide/namibia,guide,en
0.15,https://rateships.com/en/guide/nauru,guide,en
0.15,https://rateships.com/en/guide/nepal,guide,en
0.15,https://rateships.com/en/guide/new-caledonia,guide,en
0.15,https://rateships.com/en/guide/new-zealand,guide,en
0.15,https://rateships.com/en/guide/nicaragua,guide,en
0.15,https://rateships.com/en/guide/niger,guide,en
0.15,https://rateships.com/en/guide/nigeria,guide,en
0.15,https://rateships.com/en/guide/north-korea,guide,en
0.15,https://rateships.com/en/guide/north-macedonia,guide,en
0.15,https://rateships.com/en/guide/norway,guide,en
0.15,https://rateships.com/en/guide/oman,guide,en
0.15,https://rateships.com/en/guide/pakistan,guide,en
0.15,https://rateships.com/en/guide/palau,guide,en
0.15,https://rateships.com/en/guide/palestine,guide,en
0.15,https://rateships.com/en/guide/panama,guide,en
0.15,https://rateships.com/en/guide/papua-new-guinea,guide,en
0.15,https://rateships.com/en/guide/paraguay,guide,en
0.15,https://rateships.com/en/guide/peru,guide,en
0.15,https://rateships.com/en/guide/philippines,guide,en
0.15,https://rateships.com/en/guide/poland,guide,en
0.15,https://rateships.com/en/guide/portugal,guide,en
0.15,https://rateships.com/en/guide/puerto-rico,guide,en
0.15,https://rateships.com/en/guide/qatar,guide,en
0.15,https://rateships.com/en/guide/reunion,guide,en
0.15,https://rateships.com/en/guide/romania,guide,en
0.15,https://rateships.com/en/guide/rwanda,guide,en
0.15,https://rateships.com/en/guide/saint-kitts-and-nevis,guide,en
0.15,https://rateships.com/en/guide/saint-lucia,guide,en
0.15,https://rateships.com/en/guide/saint-vincent-and-the-grenadines,guide,en
0.15,https://rateships.com/en/guide/samoa,guide,en
0.15,https://rateships.com/en/guide/san-marino,guide,en
0.15,https://rateships.com/en/guide/sao-tome-and-principe,guide,en
0.15,https://rateships.com/en/guide/senegal,guide,en
0.15,https://rateships.com/en/guide/serbia,guide,en
0.15,https://rateships.com/en/guide/seychelles,guide,en
0.15,https://rateships.com/en/guide/sierra-leone,guide,en
0.15,https://rateships.com/en/guide/singapore,guide,en
0.15,https://rateships.com/en/guide/slovakia,guide,en
0.15,https://rateships.com/en/guide/slovenia,guide,en
0.15,https://rateships.com/en/guide/solomon-islands,guide,en
0.15,https://rateships.com/en/guide/somalia,guide,en
0.15,https://rateships.com/en/guide/south-africa,guide,en
0.15,https://rateships.com/en/guide/south-sudan,guide,en
0.15,https://rateships.com/en/guide/sri-lanka,guide,en
0.15,https://rateships.com/en/guide/sudan,guide,en
0.15,https://rateships.com/en/guide/suriname,guide,en
0.15,https://rateships.com/en/guide/sweden,guide,en
0.15,https://rateships.com/en/guide/syria,guide,en
0.15,https://rateships.com/en/guide/taiwan,guide,en
0.15,https://rateships.com/en/guide/tajikistan,guide,en
0.15,https://rateships.com/en/guide/tanzania,guide,en
0.15,https://rateships.com/en/guide/thailand,guide,en
0.15,https://rateships.com/en/guide/timor-leste,guide,en
0.15,https://rateships.com/en/guide/togo,guide,en
0.15,https://rateships.com/en/guide/tonga,guide,en
0.15,https://rateships.com/en/guide/trinidad-and-tobago,guide,en
0.15,https://rateships.com/en/guide/tunisia,guide,en
0.15,https://rateships.com/en/guide/turkmenistan,guide,en
0.15,https://rateships.com/en/guide/tuvalu,guide,en
0.15,https://rateships.com/en/guide/uganda,guide,en
0.15,https://rateships.com/en/guide/ukraine,guide,en
0.15,https://rateships.com/en/guide/united-arab-emirates,guide,en
0.15,https://rateships.com/en/guide/uruguay,guide,en
0.15,https://rateships.com/en/guide/uzbekistan,guide,en
0.15,https://rateships.com/en/guide/vanuatu,guide,en
0.15,https://rateships.com/en/guide/vatican-city,guide,en
0.15,https://rateships.com/en/guide/venezuela,guide,en
0.15,https://rateships.com/en/guide/vietnam,guide,en
0.15,https://rateships.com/en/guide/yemen,guide,en
0.15,https://rateships.com/en/guide/zambia,guide,en
0.15,https://rateships.com/en/guide/zimbabwe,guide,en
0.15,https://rateships.com/es/carriers/aramex,carrier,es
0.15,https://rateships.com/es/carriers/china-post,carrier,es
0.15,https://rateships.com/es/carriers/dhl-express,carrier,es
0.15,https://rateships.com/es/carriers/ems,carrier,es
0.15,https://rateships.com/es/carriers/fedex,carrier,es
0.15,https://rateships.com/es/carriers/japan-post,carrier,es
0.15,https://rateships.com/es/carriers/royal-mail,carrier,es
0.15,https://rateships.com/es/carriers/sf-express,carrier,es
0.15,https://rateships.com/es/carriers/ups,carrier,es
0.15,https://rateships.com/es/carriers/usps,carrier,es
0.15,https://rateships.com/es/guide,guide,es
0.15,https://rateships.com/es/guide/argentina,guide,es
0.15,https://rateships.com/es/guide/bolivia,guide,es
0.15,https://rateships.com/es/guide/chile,guide,es
0.15,https://rateships.com/es/guide/colombia,guide,es
0.15,https://rateships.com/es/guide/costa-rica,guide,es
0.15,https://rateships.com/es/guide/cuba,guide,es
0.15,https://rateships.com/es/guide/dominican-republic,guide,es
0.15,https://rateships.com/es/guide/ecuador,guide,es
0.15,https://rateships.com/es/guide/el-salvador,guide,es
0.15,https://rateships.com/es/guide/guatemala,guide,es
0.15,https://rateships.com/es/guide/honduras,guide,es
0.15,https://rateships.com/es/guide/nicaragua,guide,es
0.15,https://rateships.com/es/guide/panama,guide,es
0.15,https://rateships.com/es/guide/paraguay,guide,es
0.15,https://rateships.com/es/guide/peru,guide,es
0.15,https://rateships.com/es/guide/uruguay,guide,es
0.15,https://rateships.com/es/guide/venezuela,guide,es
0.15,https://rateships.com/fr/carriers/aramex,carrier,fr
0.15,https://rateships.com/fr/carriers/china-post,carrier,fr
0.15,https://rateships.com/fr/carriers/dhl-express,carrier,fr
0.15,https://rateships.com/fr/carriers/ems,carrier,fr
0.15,https://rateships.com/fr/carriers/fedex,carrier,fr
0.15,https://rateships.com/fr/carriers/japan-post,carrier,fr
0.15,https://rateships.com/fr/carriers/royal-mail,carrier,fr
0.15,https://rateships.com/fr/carriers/sf-express,carrier,fr
0.15,https://rateships.com/fr/carriers/ups,carrier,fr
0.15,https://rateships.com/fr/carriers/usps,carrier,fr
0.15,https://rateships.com/fr/guide,guide,fr
0.15,https://rateships.com/fr/guide/algeria,guide,fr
0.15,https://rateships.com/fr/guide/belgium,guide,fr
0.15,https://rateships.com/fr/guide/cameroon,guide,fr
0.15,https://rateships.com/fr/guide/cote-divoire,guide,fr
0.15,https://rateships.com/fr/guide/luxembourg,guide,fr
0.15,https://rateships.com/fr/guide/morocco,guide,fr
0.15,https://rateships.com/fr/guide/senegal,guide,fr
0.15,https://rateships.com/fr/guide/tunisia,guide,fr
0.15,https://rateships.com/it/carriers/aramex,carrier,it
0.15,https://rateships.com/it/carriers/china-post,carrier,it
0.15,https://rateships.com/it/carriers/dhl-express,carrier,it
0.15,https://rateships.com/it/carriers/ems,carrier,it
0.15,https://rateships.com/it/carriers/fedex,carrier,it
0.15,https://rateships.com/it/carriers/japan-post,carrier,it
0.15,https://rateships.com/it/carriers/royal-mail,carrier,it
0.15,https://rateships.com/it/carriers/sf-express,carrier,it
0.15,https://rateships.com/it/carriers/ups,carrier,it
0.15,https://rateships.com/it/carriers/usps,carrier,it
0.15,https://rateships.com/it/guide,guide,it
0.15,https://rateships.com/ja/carriers/aramex,carrier,ja
0.15,https://rateships.com/ja/carriers/china-post,carrier,ja
0.15,https://rateships.com/ja/carriers/dhl-express,carrier,ja
0.15,https://rateships.com/ja/carriers/ems,carrier,ja
0.15,https://rateships.com/ja/carriers/fedex,carrier,ja
0.15,https://rateships.com/ja/carriers/japan-post,carrier,ja
0.15,https://rateships.com/ja/carriers/royal-mail,carrier,ja
0.15,https://rateships.com/ja/carriers/sf-express,carrier,ja
0.15,https://rateships.com/ja/carriers/ups,carrier,ja
0.15,https://rateships.com/ja/carriers/usps,carrier,ja
0.15,https://rateships.com/ja/guide,guide,ja
0.15,https://rateships.com/ko/carriers/aramex,carrier,ko
0.15,https://rateships.com/ko/carriers/china-post,carrier,ko
0.15,https://rateships.com/ko/carriers/dhl-express,carrier,ko
0.15,https://rateships.com/ko/carriers/ems,carrier,ko
0.15,https://rateships.com/ko/carriers/fedex,carrier,ko
0.15,https://rateships.com/ko/carriers/japan-post,carrier,ko
0.15,https://rateships.com/ko/carriers/royal-mail,carrier,ko
0.15,https://rateships.com/ko/carriers/sf-express,carrier,ko
0.15,https://rateships.com/ko/carriers/ups,carrier,ko
0.15,https://rateships.com/ko/carriers/usps,carrier,ko
0.15,https://rateships.com/ko/guide,guide,ko
0.15,https://rateships.com/pt/carriers/aramex,carrier,pt
0.15,https://rateships.com/pt/carriers/china-post,carrier,pt
0.15,https://rateships.com/pt/carriers/dhl-express,carrier,pt
0.15,https://rateships.com/pt/carriers/ems,carrier,pt
0.15,https://rateships.com/pt/carriers/fedex,carrier,pt
0.15,https://rateships.com/pt/carriers/japan-post,carrier,pt
0.15,https://rateships.com/pt/carriers/royal-mail,carrier,pt
0.15,https://rateships.com/pt/carriers/sf-express,carrier,pt
0.15,https://rateships.com/pt/carriers/ups,carrier,pt
0.15,https://rateships.com/pt/carriers/usps,carrier,pt
0.15,https://rateships.com/pt/guide,guide,pt
0.15,https://rateships.com/pt/guide/angola,guide,pt
0.15,https://rateships.com/pt/guide/mozambique,guide,pt
0.15,https://rateships.com/pt/guide/portugal,guide,pt
0.15,https://rateships.com/ru/carriers/aramex,carrier,ru
0.15,https://rateships.com/ru/carriers/china-post,carrier,ru
0.15,https://rateships.com/ru/carriers/dhl-express,carrier,ru
0.15,https://rateships.com/ru/carriers/ems,carrier,ru
0.15,https://rateships.com/ru/carriers/fedex,carrier,ru
0.15,https://rateships.com/ru/carriers/japan-post,carrier,ru
0.15,https://rateships.com/ru/carriers/royal-mail,carrier,ru
0.15,https://rateships.com/ru/carriers/sf-express,carrier,ru
0.15,https://rateships.com/ru/carriers/ups,carrier,ru
0.15,https://rateships.com/ru/carriers/usps,carrier,ru
0.15,https://rateships.com/ru/guide,guide,ru
0.15,https://rateships.com/ru/guide/armenia,guide,ru
0.15,https://rateships.com/ru/guide/belarus,guide,ru
0.15,https://rateships.com/ru/guide/kazakhstan,guide,ru
0.15,https://rateships.com/ru/guide/kyrgyzstan,guide,ru
0.15,https://rateships.com/ru/guide/moldova,guide,ru
0.15,https://rateships.com/ru/guide/tajikistan,guide,ru
0.15,https://rateships.com/ru/guide/ukraine,guide,ru
0.15,https://rateships.com/ru/guide/uzbekistan,guide,ru
0.15,https://rateships.com/tr/carriers/aramex,carrier,tr
0.15,https://rateships.com/tr/carriers/china-post,carrier,tr
0.15,https://rateships.com/tr/carriers/dhl-express,carrier,tr
0.15,https://rateships.com/tr/carriers/ems,carrier,tr
0.15,https://rateships.com/tr/carriers/fedex,carrier,tr
0.15,https://rateships.com/tr/carriers/japan-post,carrier,tr
0.15,https://rateships.com/tr/carriers/royal-mail,carrier,tr
0.15,https://rateships.com/tr/carriers/sf-express,carrier,tr
0.15,https://rateships.com/tr/carriers/ups,carrier,tr
0.15,https://rateships.com/tr/carriers/usps,carrier,tr
0.15,https://rateships.com/tr/guide,guide,tr
0.15,https://rateships.com/zh/carriers/aramex,carrier,zh
0.15,https://rateships.com/zh/carriers/china-post,carrier,zh
0.15,https://rateships.com/zh/carriers/dhl-express,carrier,zh
0.15,https://rateships.com/zh/carriers/ems,carrier,zh
0.15,https://rateships.com/zh/carriers/fedex,carrier,zh
0.15,https://rateships.com/zh/carriers/japan-post,carrier,zh
0.15,https://rateships.com/zh/carriers/royal-mail,carrier,zh
0.15,https://rateships.com/zh/carriers/sf-express,carrier,zh
0.15,https://rateships.com/zh/carriers/ups,carrier,zh
0.15,https://rateships.com/zh/carriers/usps,carrier,zh
0.15,https://rateships.com/zh/guide,guide,zh
0.15,https://rateships.com/zh/guide/hong-kong,guide,zh
0.15,https://rateships.com/zh/guide/taiwan,guide,zh
0.1,https://rateships.com/ar/carriers,carrier,ar
0.1,https://rateships.com/de/carriers,carrier,de
0.1,https://rateships.com/en/carriers/2go-express,carrier,en
0.1,https://rateships.com/en/carriers/4px-express,carrier,en
0.1,https://rateships.com/en/carriers/5post,carrier,en
0.1,https://rateships.com/en/carriers/99minutos,carrier,en
0.1,https://rateships.com/en/carriers/andreani,carrier,en
0.1,https://rateships.com/en/carriers/aramex-africa,carrier,en
0.1,https://rateships.com/en/carriers/aramex-australia-formerly-fastway,carrier,en
0.1,https://rateships.com/en/carriers/aramex-shop-and-ship,carrier,en
0.1,https://rateships.com/en/carriers/asendia,carrier,en
0.1,https://rateships.com/en/carriers/australia-post,carrier,en
0.1,https://rateships.com/en/carriers/austrian-post-sterreichische-post,carrier,en
0.1,https://rateships.com/en/carriers/bangladesh-post,carrier,en
0.1,https://rateships.com/en/carriers/best-express-thailand-sea,carrier,en
0.1,https://rateships.com/en/carriers/best-inc-international,carrier,en
0.1,https://rateships.com/en/carriers/blue-dart-dhl-group,carrier,en
0.1,https://rateships.com/en/carriers/boxberry,carrier,en
0.1,https://rateships.com/en/carriers/bpost,carrier,en
0.1,https://rateships.com/en/carriers/cainiao,carrier,en
0.1,https://rateships.com/en/carriers/canada-post,carrier,en
0.1,https://rateships.com/en/carriers/cdek,carrier,en
0.1,https://rateships.com/en/carriers/cdek-regional,carrier,en
0.1,https://rateships.com/en/carriers/ceska-posta,carrier,en
0.1,https://rateships.com/en/carriers/chilexpress,carrier,en
0.1,https://rateships.com/en/carriers/cj-logistics-cj-korea-express,carrier,en
0.1,https://rateships.com/en/carriers/cne-express-china-navigation-express,carrier,en
0.1,https://rateships.com/en/carriers/colissimo-la-poste,carrier,en
0.1,https://rateships.com/en/carriers/correios-brazil,carrier,en
0.1,https://rateships.com/en/carriers/correos,carrier,en
0.1,https://rateships.com/en/carriers/correos-express,carrier,en
0.1,https://rateships.com/en/carriers/couriersplease,carrier,en
0.1,https://rateships.com/en/carriers/cruz-del-sur,carrier,en
0.1,https://rateships.com/en/carriers/delhivery,carrier,en
0.1,https://rateships.com/en/carriers/deprisa,carrier,en
0.1,https://rateships.com/en/carriers/deutsche-post,carrier,en
0.1,https://rateships.com/en/carriers/dhl-africa-ecommerce,carrier,en
0.1,https://rateships.com/en/carriers/dpd,carrier,en
0.1,https://rateships.com/en/carriers/dpd-group-eu,carrier,en
0.1,https://rateships.com/en/carriers/dpd-russia,carrier,en
0.1,https://rateships.com/en/carriers/dpex-worldwide,carrier,en
0.1,https://rateships.com/en/carriers/dtdc,carrier,en
0.1,https://rateships.com/en/carriers/dtdc-express,carrier,en
0.1,https://rateships.com/en/carriers/ecom-express,carrier,en
0.1,https://rateships.com/en/carriers/emirates-post,carrier,en
0.1,https://rateships.com/en/carriers/epacket-china-post-usps,carrier,en
0.1,https://rateships.com/en/carriers/equick-china,carrier,en
0.1,https://rateships.com/en/carriers/estafeta,carrier,en
0.1,https://rateships.com/en/carriers/evri-formerly-hermes,carrier,en
0.1,https://rateships.com/en/carriers/fetchr,carrier,en
0.1,https://rateships.com/en/carriers/fiji-post,carrier,en
0.1,https://rateships.com/en/carriers/flash-express,carrier,en
0.1,https://rateships.com/en/carriers/globalpost-by-auctane,carrier,en
0.1,https://rateships.com/en/carriers/gls-general-logistics-systems,carrier,en
0.1,https://rateships.com/en/carriers/hanjin-express,carrier,en
0.1,https://rateships.com/en/carriers/hermes-russia,carrier,en
0.1,https://rateships.com/en/carriers/hongkong-post,carrier,en
0.1,https://rateships.com/en/carriers/imile,carrier,en
0.1,https://rateships.com/en/carriers/india-post,carrier,en
0.1,https://rateships.com/en/carriers/inpost,carrier,en
0.1,https://rateships.com/en/carriers/j-and-t,carrier,en
0.1,https://rateships.com/en/carriers/j-and-t-express,carrier,en
0.1,https://rateships.com/en/carriers/japan-post-yu-pack-ems,carrier,en
0.1,https://rateships.com/en/carriers/jne-express,carrier,en
0.1,https://rateships.com/en/carriers/kerry-express,carrier,en
0.1,https://rateships.com/en/carriers/kerry-express-kex,carrier,en
0.1,https://rateships.com/en/carriers/kerry-express-thailand,carrier,en
0.1,https://rateships.com/en/carriers/korea-post,carrier,en
0.1,https://rateships.com/en/carriers/la-poste-france,carrier,en
0.1,https://rateships.com/en/carriers/landmark-global,carrier,en
0.1,https://rateships.com/en/carriers/lbc-express,carrier,en
0.1,https://rateships.com/en/carriers/lotte-global-logistics,carrier,en
0.1,https://rateships.com/en/carriers/magyar-posta,carrier,en
0.1,https://rateships.com/en/carriers/meest,carrier,en
0.1,https://rateships.com/en/carriers/mondial-relay,carrier,en
0.1,https://rateships.com/en/carriers/naqel-express,carrier,en
0.1,https://rateships.com/en/carriers/ninja-van,carrier,en
0.1,https://rateships.com/en/carriers/nipost,carrier,en
0.1,https://rateships.com/en/carriers/nova-poshta,carrier,en
0.1,https://rateships.com/en/carriers/nz-post,carrier,en
0.1,https://rateships.com/en/carriers/olva-courier,carrier,en
0.1,https://rateships.com/en/carriers/omniva,carrier,en
0.1,https://rateships.com/en/carriers/pakistan-post,carrier,en
0.1,https://rateships.com/en/carriers/pargo,carrier,en
0.1,https://rateships.com/en/carriers/passport-shipping-passport-global,carrier,en
0.1,https://rateships.com/en/carriers/philpost,carrier,en
0.1,https://rateships.com/en/carriers/pickpoint,carrier,en
0.1,https://rateships.com/en/carriers/pitney-bowes,carrier,en
0.1,https://rateships.com/en/carriers/pochta-rossii,carrier,en
0.1,https://rateships.com/en/carriers/poczta-polska,carrier,en
0.1,https://rateships.com/en/carriers/pony-express,carrier,en
0.1,https://rateships.com/en/carriers/pos-indonesia,carrier,en
0.1,https://rateships.com/en/carriers/pos-laju,carrier,en
0.1,https://rateships.com/en/carriers/pos-malaysia,carrier,en
0.1,https://rateships.com/en/carriers/posta-kenya,carrier,en
0.1,https://rateships.com/en/carriers/postnl,carrier,en
0.1,https://rateships.com/en/carriers/postnl-international,carrier,en
0.1,https://rateships.com/en/carriers/postnord,carrier,en
0.1,https://rateships.com/en/carriers/sa-post,carrier,en
0.1,https://rateships.com/en/carriers/sagawa-express,carrier,en
0.1,https://rateships.com/en/carriers/saudi-post,carrier,en
0.1,https://rateships.com/en/carriers/sberlogistika,carrier,en
0.1,https://rateships.com/en/carriers/servientrega,carrier,en
0.1,https://rateships.com/en/carriers/shadowfax,carrier,en
0.1,https://rateships.com/en/carriers/sicepat-ekspres,carrier,en
0.1,https://rateships.com/en/carriers/singpost,carrier,en
0.1,https://rateships.com/en/carriers/skynet-worldwide-express,carrier,en
0.1,https://rateships.com/en/carriers/smsa-express,carrier,en
0.1,https://rateships.com/en/carriers/spsr-express,carrier,en
0.1,https://rateships.com/en/carriers/sri-lanka-post,carrier,en
0.1,https://rateships.com/en/carriers/startrack,carrier,en
0.1,https://rateships.com/en/carriers/sto-express-shentong-express,carrier,en
0.1,https://rateships.com/en/carriers/sunyou-sunyou-post,carrier,en
0.1,https://rateships.com/en/carriers/swiss-post,carrier,en
0.1,https://rateships.com/en/carriers/taiwan-post,carrier,en
0.1,https://rateships.com/en/carriers/thailand-post,carrier,en
0.1,https://rateships.com/en/carriers/the-courier-guy,carrier,en
0.1,https://rateships.com/en/carriers/tiki-titipan-kilat,carrier,en
0.1,https://rateships.com/en/carriers/tnt,carrier,en
0.1,https://rateships.com/en/carriers/vietnam-post,carrier,en
0.1,https://rateships.com/en/carriers/xend-business-solutions,carrier,en
0.1,https://rateships.com/en/carriers/xpressbees,carrier,en
0.1,https://rateships.com/en/carriers/yamato-transport-kuroneko-yamato,carrier,en
0.1,https://rateships.com/en/carriers/yanwen,carrier,en
0.1,https://rateships.com/en/carriers/yto-express-yuantong-express,carrier,en
0.1,https://rateships.com/en/carriers/zto-international,carrier,en
0.1,https://rateships.com/es/carriers,carrier,es
0.1,https://rateships.com/fr/carriers,carrier,fr
0.1,https://rateships.com/it/carriers,carrier,it
0.1,https://rateships.com/ja/carriers,carrier,ja
0.1,https://rateships.com/ko/carriers,carrier,ko
0.1,https://rateships.com/pt/carriers,carrier,pt
0.1,https://rateships.com/ru/carriers,carrier,ru
0.1,https://rateships.com/tr/carriers,carrier,tr
0.1,https://rateships.com/zh/carriers,carrier,zh
0.05,https://rateships.com/ar,static,ar
0.05,https://rateships.com/ar/about,static,ar
0.05,https://rateships.com/ar/privacy,static,ar
0.05,https://rateships.com/ar/terms,static,ar
0.05,https://rateships.com/de,static,de
0.05,https://rateships.com/de/about,static,de
0.05,https://rateships.com/de/privacy,static,de
0.05,https://rateships.com/de/terms,static,de
0.05,https://rateships.com/en,static,en
0.05,https://rateships.com/en/about,static,en
0.05,https://rateships.com/en/privacy,static,en
0.05,https://rateships.com/en/terms,static,en
0.05,https://rateships.com/es,static,es
0.05,https://rateships.com/es/about,static,es
0.05,https://rateships.com/es/privacy,static,es
0.05,https://rateships.com/es/terms,static,es
0.05,https://rateships.com/fr,static,fr
0.05,https://rateships.com/fr/about,static,fr
0.05,https://rateships.com/fr/privacy,static,fr
0.05,https://rateships.com/fr/terms,static,fr
0.05,https://rateships.com/it,static,it
0.05,https://rateships.com/it/about,static,it
0.05,https://rateships.com/it/privacy,static,it
0.05,https://rateships.com/it/terms,static,it
0.05,https://rateships.com/ja,static,ja
0.05,https://rateships.com/ja/about,static,ja
0.05,https://rateships.com/ja/privacy,static,ja
0.05,https://rateships.com/ja/terms,static,ja
0.05,https://rateships.com/ko,static,ko
0.05,https://rateships.com/ko/about,static,ko
0.05,https://rateships.com/ko/privacy,static,ko
0.05,https://rateships.com/ko/terms,static,ko
0.05,https://rateships.com/pt,static,pt
0.05,https://rateships.com/pt/about,static,pt
0.05,https://rateships.com/pt/privacy,static,pt
0.05,https://rateships.com/pt/terms,static,pt
0.05,https://rateships.com/ru,static,ru
0.05,https://rateships.com/ru/about,static,ru
0.05,https://rateships.com/ru/privacy,static,ru
0.05,https://rateships.com/ru/terms,static,ru
0.05,https://rateships.com/tr,static,tr
0.05,https://rateships.com/tr/about,static,tr
0.05,https://rateships.com/tr/privacy,static,tr
0.05,https://rateships.com/tr/terms,static,tr
0.05,https://rateships.com/zh,static,zh
0.05,https://rateships.com/zh/about,static,zh
0.05,https://rateships.com/zh/privacy,static,zh
0.05,https://rateships.com/zh/terms,static,zh
0.03,https://rateships.com/ar/platforms,static,ar
0.03,https://rateships.com/de/platforms,static,de
0.03,https://rateships.com/en/platforms,static,en
0.03,https://rateships.com/es/platforms,static,es
0.03,https://rateships.com/fr/platforms,static,fr
0.03,https://rateships.com/it/platforms,static,it
0.03,https://rateships.com/ja/platforms,static,ja
0.03,https://rateships.com/ko/platforms,static,ko
0.03,https://rateships.com/pt/platforms,static,pt
0.03,https://rateships.com/ru/platforms,static,ru
0.03,https://rateships.com/tr/platforms,static,tr
0.03,https://rateships.com/zh/platforms,static,zh